file,longitude,latitude,total_days,days_with_DO_below_3,days_11am_DO_below_3,per
FUI,2.5667,41.6833,1158,16,4,75
613,11.4261,48.7574,10,10,10,46.7592593
616,12.7473,48.8798,10,10,10,34.439834
204025,153.0333,-30.2528,140,22,11,50
212011,150.0951,-33.5343,48,3,3,0
212054,150.0839,-33.3971,239,9,7,22.22222222
212244,150.5591667,-33.97944444,191,95,73,23.15789474
212250,150.2540137,-33.87124191,751,6,0,100
2122518,149.6794444,-34.73666667,51,51,49,3.921568627
2122520,150.33737,-34.54592,144,117,99,15.38461538
212270,150.252806,-34.227667,2070,10,10,0
2122711,149.7930558,-34.7213892,1244,463,356,23.11015119
2122713,149.88297,-34.61162,493,468,448,4.273504274
212274,150.5775536,-34.57719481,47,1,0,100
213211,151.005328,-34.046561,568,172,115,33.13953488
215207,150.1821299,-34.81921893,2298,157,156,0.636942675
2152131,150.284944,-34.7345,566,14,13,7.142857143
215216,150.4318317,-34.83943446,1450,1,1,0
215220,150.5224407,-34.72798991,1920,6,6,0
2152201,150.582545,-34.712767,396,2,1,50
215233,150.5191395,-34.60520243,44,41,30,26.82926829
223209,147.8491161,-37.7573062,1139,8,4,50
223210,147.7109962,-37.73756155,100,43,42,2.325581395
224203,147.3747776,-37.76358991,48,1,0,100
224602,147.6378972,-37.84944444,103,103,87,15.53398058
225212,146.8810046,-38.01068638,156,1,0,100
225236,146.7800107,-38.00213184,9,9,6,33.33333333
225256,146.9815133,-38.00396747,160,13,11,15.38461538
226027,147.127818,-38.14491292,117,6,5,16.66666667
226415,146.5404981,-38.2698709,46,16,9,43.75
226614,147.0755,-38.12684167,98,98,87,11.2244898
227264,145.9571493,-38.44973718,267,240,220,8.333333333
227270,145.7926083,-38.43219544,536,498,487,2.208835341
227273,145.5105533,-38.57365861,126,113,113,0
229143,145.02505,-37.78588056,373,13,13,0
229147,145.3233194,-37.6894,16,4,1,75
230220,144.73922,-37.49078,179,90,58,35.55555556
230240,144.7368969,-37.57117842,734,559,475,15.02683363
232242,144.1318,-37.86192,181,6,6,0
233217,144.3468922,-38.16360559,241,11,8,27.27272727
409003,144.9657,-35.53,1070,84,83,1.19047619
409005,144.1245,-35.6298,1417,68,65,4.411764706
409013,143.5702,-35.0376,588,159,147,7.547169811
409014,144.0331,-35.0899,1216,144,134,6.944444444
409016,147.0239833,-36.09927778,225,5,4,20
409025,145.994,-36.0114,277,64,64,0
409036,143.5826,-35.1074,1269,107,104,2.803738318
409044,144.0517,-35.5214,924,124,114,8.064516129
409047,144.9596,-35.6428,798,89,85,4.494382022
409048,144.1595,-35.2739,995,84,81,3.571428571
409062,143.9322,-35.329,772,143,138,3.496503497
409086,143.8001,-35.1351,1031,115,112,2.608695652
410040,144.3009,-34.4776,874,29,29,0
410130,143.4917,-34.665,1071,146,138,5.479452055
412004,147.9910504,-33.41080904,398,192,182,5.208333333
412005,144.8811,-33.8695,85,19,10,47.36842105
412006,147.1482,-33.091,277,31,28,9.677419355
412011,146.4532,-33.201,300,121,86,28.92561983
412038,145.87524,-33.348326,209,160,139,13.125
412039,145.504,-33.4873,69,13,10,23.07692308
412047,145.9027,-33.3824,145,88,82,6.818181818
422001,148.06075,-30.01531667,295,216,196,9.259259259
422002,146.8637167,-29.94716667,295,216,196,9.259259259
422003,148.576104,-29.547141,227,161,150,6.832298137
422027,147.3768667,-30.14343333,274,187,179,4.278074866
425001,142.4218,-32.3969,28,27,25,7.407407407
425003,145.936761,-30.087894,245,163,152,6.748466258
425004,145.1150748,-30.53474142,251,94,94,0
425007,142.2682778,-33.74641667,762,30,27,10
425012,142.3799,-32.4353,67,26,24,7.692307692
425039,146.3004,-29.9646,427,270,255,5.555555556
A2390542,140.74025,-36.945858,24,24,22,8.333333333
A2391077,139.945693,-37.391211,1004,41,18,56.09756098
A2391078,139.990479,-37.427827,1294,184,73,60.32608696
A2391081,140.005692,-36.572526,949,226,208,7.96460177
A2391082,139.881494,-36.546058,130,1,0,100
A2391085,140.2577,-36.7379,746,518,500,3.474903475
A2391086,140.3056,-36.5802,147,111,110,0.900900901
A2391140,140.015728,-36.402293,26,1,1,0
A2391152,139.93055,-36.294824,612,66,14,78.78787879
A4260554,139.68861,-34.021444,180,5,3,40
A4260573,140.217719,-34.174481,106,10,10,0
A4260580,140.9525,-33.9211,1099,51,47,7.843137255
A4260594,139.9151,-34.15,2428,38,37,2.631578947
A4260633,139.3956,-35.901976,798,98,46,53.06122449
A4260644,140.759761,-34.25953,719,167,167,0
A4260645,140.687294,-34.264687,245,42,41,2.380952381
A4260702,139.839139,-34.062186,944,2,1,50
A4260703,140.77938,-34.15414,2424,21,21,0
A4261022,140.9615,-33.9798,2969,42,33,21.42857143
A4261023,140.7166,-34.2524,2594,11,10,9.090909091
A4261024,140.511,-34.4505,2443,29,28,3.448275862
A4261053,140.808721,-34.267527,95,22,19,13.63636364
A4261055,140.808045,-34.223598,384,5,4,20
A4261107,140.902121,-33.952305,560,27,20,25.92592593
A4261108,140.546401,-34.383541,2505,36,23,36.11111111
A4261124,138.90628,-35.495993,38,5,5,0
A4261134,139.0266,-35.6005,4,3,3,0
A4261139,138.9135,-35.1877,2557,1829,1435,21.54182613
A4261165,139.608272,-36.10874,2,2,2,0
A4261168,140.84037,-34.026439,3086,11,11,0
A4261173,138.990179,-35.232757,51,49,45,8.163265306
A4261204,138.909811,-35.534114,168,20,1,95
A4261224,140.862866,-34.00223,3050,49,29,40.81632653
A4261255,140.547905,-34.335475,236,24,23,4.166666667
A4261262,140.74787,-34.24422,423,4,2,50
A4261263,140.48899,-34.406627,2662,25,25,0
A4261264,140.54009,-34.374941,475,67,17,74.62686567
A4261265,140.564594,-34.328343,681,418,418,0
A4261268,140.77173,-34.22152,301,10,7,30
A4261270,140.781963,-34.212264,91,4,4,0
A4261271,140.771704,-34.20895,41,35,35,0
A4261536,140.53045,-34.34763,70,7,7,0
A4261539,140.77031,-34.22626,159,21,16,23.80952381
A4261789,140.38606,-34.26358,860,4,2,50
A5011036,138.51378,-35.4966,341,312,293,6.08974359
A5011038,138.60883,-35.55523,1101,945,937,0.846560847
A5011039,138.6235,-35.53251,843,370,316,14.59459459
A5011040,138.31725,-35.44815,240,232,223,3.879310345
A5040517,138.6813,-34.9703,61,46,37,19.56521739
Carrat,4.311987,45.829041,192,30,10,66.66666667
Charpassonne Chanin,4.311937,45.81982,211,2,1,50
Charpassonne Château de Donzy,4.27681,45.745372,354,36,18,50
Charpassonne la Jamarie,4.319506,45.807908,64,5,0,100
Charpassonne la Valette,4.29147,45.765039,159,4,1,75
Charpassonne le Tél,4.316504,45.804494,300,38,20,47.36842105
Charpassonne Moulin de Ronzy,4.314855,45.78491,159,8,1,87.5
Charpassonne Moulin Marcel,4.305821,45.825752,210,17,9,47.05882353
Coise la Bruyere,4.552785,45.62501,210,54,16,70.37037037
Coizet,4.50712,45.625713,211,19,2,89.47368421
Curraize,4.171648,45.580995,256,3,0,100
Doise,4.296509,45.736709,364,29,10,65.51724138
Fontbonne aval,4.342175,45.820128,192,10,5,50
Fontbonne Bessenay,4.369788,45.826535,207,32,1,96.875
Le Rieu,4.55312,45.625399,202,47,34,27.65957447
Loise amont Doise Salt,4.29548,45.737758,328,11,4,63.63636364
Loise Essertine en Donzy,4.327479,45.752768,117,15,7,53.33333333
Mare Pont du diable,4.133384,45.490166,224,24,16,33.33333333
mercier amont presles,4.6686959,45.7549898,207,1,0,100
miloniere,4.6293848,45.717876,203,2,1,50
morcilles,4.7009917,46.1259817,187,5,2,60
Moulin Piquet aval,4.319036,45.806483,313,16,7,56.25
ratier amont charbonnieres,4.7554872,45.7581675,203,2,0,100
ratier amont ribes,4.7437924,45.7558605,208,1,0,100
sallarin,4.651791,46.0550185,208,8,2,75
st didier,4.5684728,46.1658245,201,1,0,100
thielas,4.6113778,46.1103645,210,1,0,100
thiollet,4.5749122,45.7144619,200,1,0,100
Toranche aval,4.215967,45.685126,313,89,53,40.4494382
Toranche St Cyr les Vignes,4.301466,45.673081,370,43,25,41.86046512
vernus,4.6500288,46.1429728,195,10,0,100
Vizézy amont Bullieux,4.104924,45.638865,153,16,3,81.25
35541,-106.6214241,35.90279958,19,2,0,100
37531,-97.4411111,37.89713889,1723,15,2,86.66666667
38051,-121.6512444,38.09661389,699,556,479,13.84892086
38071,-121.5428972,38.1198,406,244,152,37.70491803
38171,-85.821925,38.2846833,81,2,1,50
39021,-94.60745,39.0338222,301,27,4,85.18518519
39191,-108.2178056,39.33119444,1224,14,0,100
42001,-121.5614222,42.01040278,516,94,70,25.53191489
42071,-121.9277778,42.12805556,1841,414,362,12.56038647
42081,-121.672186,42.14258889,513,155,124,20
45301,-122.852045,45.5009505,2774,185,107,42.16216216
45303,-122.9335,45.5081944,1711,8,7,12.5
1104430,-71.2733903,42.3981512,51,1,0,100
1191000,-72.7080556,41.78443889,2916,31,0,100
1302020,-73.87438889,40.86230556,1158,7,2,71.42857143
1402000,-74.5758333,40.475,529,8,2,75
1465798,-74.9851603,40.0569557,92,1,0,100
1467087,-75.0968411,40.0159454,89,7,2,71.42857143
1473900,-75.2198992,40.1239987,699,8,2,75
1475548,-75.2376361,39.9327861,1637,22,3,86.36363636
1477050,-75.36630199,39.83677934,4259,3,0,100
1484272,-75.25077778,38.791,2786,313,81,74.12140575
1484525,-75.29102778,38.59455556,4819,47,12,74.46808511
1574000,-76.7180813,40.0809008,1728,3,0,100
1611500,-78.3097312,39.5823158,4045,1,1,0
1646000,-77.24581439,38.97594346,4159,2,0,100
1649500,-76.9259722,38.96025,5888,23,6,73.91304348
1654500,-77.2364549,38.81358508,3716,3,0,100
1656903,-77.4319047,38.8823899,4357,21,0,100
1670200,-77.9502747,38.1545801,504,9,4,55.55555556
2079500,-78.2977743,36.60319824,5671,1167,331,71.63667524
2081094,-76.89277778,35.81305556,6128,56,47,16.07142857
2101726,-79.4230754,35.73514055,5398,585,112,80.85470085
2110400,-78.71973988,33.953505,5927,585,237,59.48717949
2110500,-78.7150175,33.9126719,5934,245,188,23.26530612
2110701,-79.0411471,33.86100349,5478,1959,1064,45.68657478
2110704,-79.0437222,33.8326111,5871,464,345,25.64655172
2129375,-79.878925,34.8662583,1559,4,0,100
2135000,-79.2477222,34.05675,3940,1,0,100
2138520,-81.8352528,35.74125,2157,3,1,66.66666667
2145910,-81.00156389,35.01641944,1624,35,5,85.71428571
2147310,-80.8905556,34.59805556,2134,29,13,55.17241379
2147505,-80.8752778,34.5411111,2029,16,0,100
2167600,-81.5684382,34.09930647,165,1,0,100
2167716,-81.5617714,34.0795843,698,31,3,90.32258065
2168504,-81.2095418,34.0509822,2691,49,32,34.69387755
2169000,-81.0878717,34.0140416,5430,2,2,0
2171645,-79.915,33.4275,5037,17,1,94.11764706
2172002,-79.9749167,33.21491667,2791,69,3,95.65217391
2203603,-84.4152778,33.68388889,5612,14,0,100
2203655,-84.35813889,33.67891667,5695,6,1,83.33333333
2203800,-84.3079444,33.6796111,150,4,2,50
2203873,-84.2391667,33.70941667,3817,4,2,50
2203900,-84.224,33.66577778,4360,2,0,100
2203950,-84.2203611,33.7632222,4389,11,3,72.72727273
2207160,-84.0771667,33.77327778,3216,1,0,100
2207385,-83.99013889,33.81527778,430,1,0,100
2239501,-82.0412,29.2149764,1485,939,1,99.89350373
2264000,-81.5195173,28.39056323,3934,2234,1471,34.15398389
2264051,-81.515,28.37444444,1842,108,32,70.37037037
2264100,-81.5206284,28.32528785,5133,1013,560,44.71865745
2266200,-81.6164632,28.38500749,4252,4008,3599,10.20459082
2266291,-81.6052778,28.42702778,1827,1059,881,16.80830973
2266300,-81.579796,28.33278738,3296,92,80,13.04347826
2266495,-81.5439622,28.27584517,2942,2214,2058,7.046070461
2301500,-82.2112008,27.872248,1557,1,0,100
2301635,-82.26858889,27.85715556,1595,10,0,100
2304000,-82.3637032,28.05446224,5830,2531,2315,8.534176215
2313700,-82.769001,29.20413378,2110,46,17,63.04347826
2318500,-83.4534444,30.79330556,1612,9,7,22.22222222
2322700,-82.7859573,29.95273288,979,21,0,100
2326516,-83.9923333,30.3397222,1237,1097,1080,1.549680948
2326526,-83.9796085,30.3013159,2962,60,4,93.33333333
2334430,-84.0784167,34.15666667,454,69,9,86.95652174
2336120,-84.3427778,33.83155556,5979,6,0,100
2336152,-84.2479722,33.81044444,4378,44,20,54.54545455
2336300,-84.40763889,33.82030556,5289,3,0,100
2336313,-84.43863889,33.82163889,5709,77,27,64.93506494
2336360,-84.37888889,33.86916667,5800,4,0,100
2336526,-84.4741944,33.7944722,5918,19,2,89.47368421
2336728,-84.5681667,33.74352778,5766,1,0,100
2337170,-84.6736111,33.65666667,5687,2,1,50
2344630,-84.5826111,33.35727778,5348,53,32,39.62264151
2344673,-84.5727222,33.38316667,3445,36,21,41.66666667
2357150,-84.7495,30.903,2673,16,14,12.5
2358000,-84.8590871,30.7010251,2352,1,0,100
2359170,-85.0154686,29.94937094,2634,24,23,4.166666667
2359223,-85.0842806,29.7695111,1454,50,14,72
2394682,-84.8544444,34.0789722,2914,3,0,100
2423571,-86.7169325,33.52093809,2061,54,28,48.14814815
3099500,-80.5361815,41.03672598,1874,2,0,100
3123499,-85.7480176,38.2150706,81,2,1,50
3219500,-83.1971372,40.4195042,3120,40,9,77.5
3254520,-84.44799549,38.9203417,5229,77,46,40.25974026
3284533,-84.4786111,37.9383333,237,36,2,94.44444444
3287590,-84.4111111,38.04006944,489,100,57,43
3289193,-84.5543852,38.06674334,942,5,1,80
3289200,-84.5879977,38.103687,379,5,0,100
3290500,-84.9632844,38.43895654,2031,4,3,25
3292470,-85.57459969,38.36117864,3817,3,2,33.33333333
3292474,-85.606072,38.2759036,3360,61,13,78.68852459
3292475,-85.62801689,38.3034027,3852,10,0,100
3292480,-85.6261558,38.3127635,3400,4,1,75
3292500,-85.7024613,38.2114592,3248,222,82,63.06306306
3293000,-85.6646834,38.237293,4347,30,1,96.66666667
3293500,-85.7166287,38.25034895,3474,566,164,71.02473498
3293510,-85.7207955,38.26590398,2641,539,370,31.35435993
3293530,-85.693573,38.27645917,3730,22,4,81.81818182
3293532,-85.7182954,38.2603486,1162,75,18,76
3294570,-85.8899635,38.07812588,2346,82,35,57.31707317
3297800,-85.6411111,37.9911111,3771,39,7,82.05128205
3297900,-85.4674592,38.28534776,2758,67,17,74.62686567
3298000,-85.460235,38.18840166,3813,1,1,0
3298135,-85.557181,38.19479109,3372,49,2,95.91836735
3298150,-85.5421797,38.16006729,3848,6,0,100
3298200,-85.5549556,38.08534216,3064,18,1,94.44444444
3298250,-85.6160683,38.0792321,3523,36,6,83.33333333
3298300,-85.642458,38.08756629,3262,259,114,55.98455598
3301940,-85.6935714,38.1503466,3663,263,39,85.17110266
3302000,-85.7957955,38.1197916,2969,56,36,35.71428571
3302030,-85.8716296,38.05423677,3719,79,24,69.62025316
3302050,-85.8572681,38.04693096,3705,279,126,54.83870968
3302058,-85.9220556,37.9922222,575,2,1,50
3321500,-87.4097294,37.8583774,3810,33,14,57.57575758
3353415,-86.3554444,39.88577778,2286,156,78,50
3353420,-86.3615278,39.8725833,3066,310,96,69.03225806
3378500,-87.941419,38.130879,1948,2,0,100
3400800,-83.2574012,36.75230974,1580,11,3,72.72727273
3414000,-85.1394008,36.88395484,1119,10,0,100
3414002,-85.12963889,36.88405556,954,2,0,100
3417500,-85.5143938,36.5542507,2770,1,1,0
3418420,-85.94079609,36.2867558,2127,12,0,100
3430200,-86.6327739,36.1864446,5651,111,15,86.48648649
3431083,-86.699164,36.16394545,5948,10,2,80
3431514,-86.8283959,36.1889717,5596,8,0,100
3612600,-89.058404,37.17921867,2280,1,0,100
4057800,-87.8865238,46.49910267,492,1,0,100
4085108,-88.0922222,44.37194444,644,28,12,57.14285714
4087119,-88.0051111,43.0438333,1930,1,0,100
4087170,-87.8983333,43.02444444,3189,2,0,100
4121660,-85.4778209,43.61308,3566,9,1,88.88888889
4121680,-85.63060189,43.485857,3336,555,79,85.76576577
4121970,-85.6653239,43.43474558,4706,15,0,100
4137030,-83.57108839,44.47279328,2868,16,0,100
4157005,-83.951918,43.4219699,4446,6,1,83.33333333
4165500,-82.90881,42.5958674,4468,4,1,75
4166500,-83.2546513,42.3730923,4936,33,2,93.93939394
4168400,-83.2527063,42.30837099,2102,26,1,96.15384615
4183038,-84.8696944,41.1830833,1045,54,23,57.40740741
4183500,-84.7444033,41.19893889,1976,2,0,100
4188496,-83.6532653,40.9792203,2893,293,155,47.09897611
4193500,-83.7127145,41.5000526,717,31,0,100
4220045,-78.38638889,43.17430556,1534,44,14,68.18181818
4220223,-77.9152222,43.3390833,1544,1,0,100
5051522,-96.7959154,46.65968548,1512,4,0,100
5054000,-96.7836924,46.861075,5680,2,0,100
5057000,-98.0275954,47.43277097,3530,60,57,5
5062130,-96.8170556,47.0926944,1491,1,0,100
5114000,-101.9583348,48.98995719,1004,73,12,83.56164384
5117500,-101.3712745,48.2458428,1162,50,48,4
5124000,-100.9584889,48.9964079,1257,367,339,7.629427793
5406457,-89.6408333,43.1097222,2765,1,0,100
5406469,-89.635,43.12527778,931,4,0,100
5406479,-89.6641667,43.1147222,2063,10,0,100
5435943,-89.5394444,42.97694444,9218,39,1,97.43589744
5435950,-89.5441667,42.94916667,5354,5,0,100
5474500,-91.374318,40.39365535,920,6,1,83.33333333
5515500,-86.7061667,41.38963889,3686,12,5,58.33333333
5524500,-87.3066912,40.87059306,3020,2,1,50
5537980,-88.0836944,41.5364722,2452,20,10,50
5545750,-88.225923,42.61085116,915,11,1,90.90909091
5549500,-88.2514745,42.3100222,1185,72,12,83.33333333
5558300,-89.3562222,41.10727778,1949,8,3,62.5
5559900,-89.5495396,40.72503739,451,10,1,90
5567500,-89.2416667,40.6235,730,43,22,48.8372093
5586300,-90.6076667,39.63275,4290,6,0,100
5599490,-89.3277778,37.7583333,2013,232,169,27.15517241
6354890,-103.3069613,45.9524438,422,53,1,98.11320755
6354980,-103.2919615,46.0177216,413,112,16,85.71428571
6711565,-105.004149,39.66498738,5854,11,0,100
6800500,-96.2838889,41.2933333,3352,8,3,62.5
6801000,-96.3245139,41.06225556,983,1,1,0
6805000,-96.3386111,41.05166667,3209,49,8,83.67346939
6805500,-96.1575,41.01497778,3283,5,0,100
6818000,-94.8568333,39.75325,5079,18,7,61.11111111
6819550,-94.7722222,40.4311111,478,26,18,30.76923077
6856600,-97.1275203,39.3555515,2014,1,0,100
6879150,-96.7133394,39.0902755,512,1,0,100
6888990,-95.7163715,39.07194435,2040,2,0,100
6889110,-95.9760556,39.6095472,962,23,6,73.91304348
6889160,-95.9505944,39.4631449,1378,5,0,100
6892518,-94.7894444,39.0461111,2762,7,1,85.71428571
6892900,-94.6560139,39.0440833,282,11,1,90.90909091
6893620,-94.4722222,39.11194444,1916,13,2,84.61538462
6893820,-94.3872778,39.0173611,5282,7,2,71.42857143
6894650,-94.0638889,39.1336111,462,4,1,75
6899900,-93.2863889,40.45444444,744,6,1,83.33333333
6900050,-93.4362222,40.0266111,458,2,0,100
6902000,-93.2736944,39.64002778,365,4,2,50
6914950,-94.977188,38.75334168,317,24,17,29.16666667
6914990,-94.8794073,38.7675084,346,35,7,80
6934500,-91.4385,38.70980556,4883,7,4,42.85714286
7048600,-94.0811111,36.07305556,2504,7,0,100
7049691,-93.8472222,36.4208333,2911,70,23,67.14285714
7054501,-92.575,36.365,3213,45,0,100
7054527,-92.5741667,36.3436111,3282,7,6,14.28571429
7061270,-90.8424444,37.55255556,5688,4,3,25
7061290,-90.8383333,37.4936111,5499,124,38,69.35483871
7075270,-92.6219444,35.5697222,4547,25,1,96
7076000,-91.9972222,35.5172222,4047,4,0,100
7099400,-104.718033,38.2716694,2589,316,68,78.48101266
7109500,-104.3991356,38.24805799,5506,1,0,100
7143672,-97.5405417,38.02853056,1510,9,3,66.66666667
7144100,-97.4244864,37.88306739,1910,6,2,66.66666667
7164500,-96.0063866,36.14064807,3437,13,0,100
7177500,-95.954162,36.27842534,5488,1,0,100
7178200,-95.8194322,36.2231514,2208,1,0,100
7198000,-95.0688458,35.5731511,3945,175,28,84
7239000,-98.59675,36.07698408,1259,205,22,89.26829268
7239450,-98.0653316,35.6169933,4379,33,6,81.81818182
7241000,-97.6633752,35.47866848,3530,191,43,77.48691099
7241520,-97.367258,35.5656147,3370,106,14,86.79245283
7241550,-97.1939194,35.5003412,3467,179,35,80.44692737
7263296,-92.6855556,34.87888889,5847,429,83,80.65268065
7288068,-90.6249444,34.07475,746,71,52,26.76056338
7288150,-90.7560833,34.0093333,631,144,53,63.19444444
7288500,-90.5431579,33.5473557,698,17,10,41.17647059
7288521,-90.6723611,33.54825,167,15,10,33.33333333
7332605,-96.1557444,33.57579444,751,116,70,39.65517241
7332622,-95.9611111,33.74416667,4532,59,14,76.27118644
7380255,-89.9864083,29.57673333,1181,104,14,86.53846154
8047050,-97.4472422,32.6951316,606,19,12,36.84210526
8048000,-97.3325167,32.76096337,2860,284,35,87.67605634
8049500,-96.9944444,32.7625,5386,7,2,71.42857143
8052700,-96.8927805,33.28344977,4566,329,104,68.38905775
8052745,-96.8919565,33.219298,4477,58,20,65.51724138
8057000,-96.8219464,32.7748517,2296,10,6,40
8057410,-96.7358319,32.70763139,2339,25,12,52
8065350,-95.6563407,31.33851319,5032,16,9,43.75
8068000,-95.4571616,30.24465738,3771,13,3,76.92307692
8068500,-95.4363275,30.11049517,5548,11,0,100
8069500,-95.2579888,30.02716385,5070,204,31,84.80392157
8070200,-95.1246139,30.14523056,5762,30,5,83.33333333
8181500,-98.4908493,29.2641276,6050,22,11,50
8181800,-98.3558463,29.2221853,6030,29,13,55.17241379
8188060,-97.7371389,28.84869444,4399,3,0,100
8188500,-97.3848583,28.6492861,1812,1,1,0
8211200,-97.7758308,27.93779594,5656,2,1,50
8371500,-104.4810367,29.6210127,1891,109,44,59.63302752
8374200,-104.2865896,29.51962973,3477,67,17,74.62686567
8374510,-103.5977778,29.1547222,2450,50,17,66
8375300,-102.9754409,29.1835386,4060,118,44,62.71186441
8377200,-101.7559523,29.78075694,4317,52,15,71.15384615
8412500,-103.8315949,31.87264499,2539,404,38,90.59405941
8437710,-103.0059908,31.3668055,4166,1335,67,94.98127341
8446500,-102.4176419,31.11320329,3716,1676,55,96.71837709
8447000,-101.7701244,30.65961373,4216,18,5,72.22222222
8474115,-97.4215,25.95733333,337,10,1,90
8474320,-97.3754167,25.95666667,234,26,0,100
9037500,-106.1803667,40.0002,607,1,1,0
9041400,-106.4139212,40.10859628,6020,7,0,100
9095500,-108.2661946,39.2391463,1500,2,0,100
9379500,-109.8666889,37.15067778,1030,2,0,100
9406000,-113.1807789,37.2041494,6013,2,1,50
10129900,-111.4760313,40.73522634,5719,159,0,100
11044000,-117.1422536,33.4739175,4425,11,1,90.90909091
11092450,-118.466749,34.16167247,441,20,0,100
11126400,-120.025361,34.5901111,4867,26,12,53.84615385
11128500,-120.1445926,34.58498706,3748,298,6,97.98657718
11152880,-121.2759028,37.04368056,89,4,0,100
11152900,-121.327431,37.0499451,223,9,0,100
11153000,-121.3802778,36.98,195,2,0,100
11273400,-120.9761777,37.3472151,5066,21,13,38.0952381
11509370,-121.9288769,42.12788298,1861,303,169,44.22442244
12507573,-120.0919944,46.2852222,475,2,0,100
14078260,-120.0433056,44.062,181,3,0,100
14151000,-122.774794,43.94429299,1347,1,0,100
14202650,-123.125,45.44064167,2232,374,277,25.93582888
14206950,-122.7548185,45.403452,2825,16,9,43.75
21474095,-80.8935,34.55801667,2233,8,1,87.5
23432415,-85.0591667,31.62219444,4448,762,150,80.31496063
40871488,-87.9523333,42.99025,976,10,0,100
50048565,-66.118083,18.4070314,2893,14,3,78.57142857
50048580,-66.1160552,18.4201918,2331,1483,734,50.50573163
72632966,-92.6538889,34.87527778,5492,91,25,72.52747253
135749950,-73.7104167,42.78569444,1327,4,1,75
164579522,-77.32933889,38.9256,1255,3,2,33.33333333
212378405,-80.0618056,35.20066667,2929,70,1,98.57142857
212880025,-79.8775806,34.9834833,2885,29,1,96.55172414
214244102,-81.08915,35.75719444,2139,1,0,100
343233905,-86.8428894,35.89984185,3255,1,0,100
1043110325021_,142.275,43.7631,4211,9,7,22.22222222
1043110332180_,141.6597,42.8325,1535,11,3,72.72727273
1043110332210_,141.355,43.0378,2754,162,112,30.86419753
1363121256010_,139.8489,38.7736,2199,15,3,80
401011281104040_,142.335,44.4814,1957,29,14,51.72413793
401031281101050_,141.525,43.135,2259,263,114,56.6539924
401031281104010_,142.4258,43.8181,1853,18,11,38.88888889
401061281105020_,141.9367,42.5733,2668,66,20,69.6969697
401081281107070_,143.2033,42.9344,2514,72,38,47.22222222
401081281107090_,143.5117,42.8078,2097,5,0,100
401101281108051_,144.2189,43.9906,3000,461,337,26.89804772
402011282206020_,140.7628,37.9217,2614,70,43,38.57142857
402011282218040_,140.4094,37.4081,1173,7,1,85.71428571
402011282218070_,140.4731,37.7272,3529,7,1,85.71428571
402011282218090_,140.6428,37.8933,2592,23,11,52.17391304
402011282228040_,140.5247,37.4242,3445,17,2,88.23529412
402011282228070_,140.4864,37.3972,3529,7,1,85.71428571
402011282228160_,140.4908,37.4142,3679,17,1,94.11764706
402021282206050_,140.9094,38.2156,1081,31,1,96.77419355
402031282207080_,141.0058,38.5311,2815,46,7,84.7826087
402031282207090_,141.1386,38.4156,2941,43,8,81.39534884
402041282204010_,141.1614,39.835,2504,6,4,33.33333333
402041282204050_,141.175,39.5514,5042,44,25,43.18181818
402041282204090_,141.1272,39.1967,6096,33,7,78.78787879
402041282204110_,141.1817,38.95,4088,64,16,75
402041282207090_,141.2489,38.5,2986,36,14,61.11111111
402041282220220_,141.1614,39.835,642,2,2,0
402051282201010_,141.4281,40.4861,4064,62,43,30.64516129
402071282201010_,140.4142,40.5922,2055,10,2,80
402071282201080_,140.4375,40.8078,5371,116,55,52.5862069
402081282211040_,140.2336,40.1978,2216,44,14,68.18181818
402091282209020_,140.1558,39.6144,2344,11,1,90.90909091
402101282209020_,140.0697,39.3536,2629,7,1,85.71428571
402111282214070_,140.3261,38.4203,2478,5,0,100
402111282216010_,140.2731,38.6642,2937,10,1,90
403011283322030_,140.5544,36.4964,1765,4,2,50
403021283322090_,140.4086,36.4594,5124,41,8,80.48780488
403031283301050_,139.4725,36.1725,2356,46,23,50
403031283301060_,139.7047,36.1433,1420,22,5,77.27272727
403031283301222_,139.6786,36.2114,1308,12,6,50
403031283302041_,140.135,35.8564,1203,2,1,50
403031283302051_,140.1617,35.8422,1043,506,70,86.16600791
403031283302091_,140.5028,35.8997,82,6,3,50
403031283302231_,140.0244,35.8586,961,12,11,8.333333333
403031283303010_,140.3397,36.1392,2199,61,48,21.31147541
403031283303071_,140.4039,36.0378,1143,7,5,28.57142857
403031283303091_,140.4889,35.9647,835,23,1,95.65217391
403031283303100_,140.5503,35.935,2753,24,7,70.83333333
403031283303160_,140.5286,36.1231,1856,31,13,58.06451613
403031283303181_,140.565,36.0167,1342,15,8,46.66666667
403031283303191_,140.6097,35.9622,1296,6,2,66.66666667
403031283305030_,139.8911,35.8458,1298,2,0,100
403031283305120_,139.8419,35.8478,2144,19,6,68.42105263
403031283305140_,139.8506,35.7786,1787,77,15,80.51948052
403031283305470_,139.8928,35.7981,282,278,244,12.23021583
403031283306041_,139.4531,36.3269,2769,71,32,54.92957746
403031283307130_,139.9983,36.2475,1046,2,0,100
403031283323030_,139.1203,36.2794,1978,48,17,64.58333333
403041283309010_,139.6469,35.8003,2593,301,121,59.80066445
403051283310040_,139.3475,35.6969,1695,45,34,24.44444444
403051283310050_,139.4197,35.6792,2386,427,389,8.899297424
403051283310100_,139.6375,35.6022,45,10,8,20
403051283310180_,139.4122,35.665,1514,40,4,90
403061283310030_,139.6664,35.5336,2377,1703,649,61.89078097
403071283310010_,139.3672,35.3319,1684,55,36,34.54545455
403081283324004_,138.4572,35.5392,1052,41,27,34.14634146
403081283324009_,138.5225,35.5764,1021,103,45,56.31067961
404021284402300_,139.1547,37.8533,3298,51,17,66.66666667
404021284415300_,139.8564,37.5586,3238,78,44,43.58974359
404031284401300_,139.0189,37.8817,4708,155,82,47.09677419
404031284403300_,138.8364,37.4506,3867,158,66,58.2278481
404031284416160_,137.9442,36.2647,872,55,30,45.45454545
404031284416300_,138.1125,36.5322,3466,156,108,30.76923077
404031284416310_,137.9436,36.2672,2115,17,2,88.23529412
404071284408030_,137.2828,36.7303,1049,4,0,100
404081284408040_,137.2181,36.7461,2647,32,6,81.25
404101284408300_,136.9819,36.7558,864,5,5,0
404121284412020_,136.4872,36.4061,1068,3,0,100
405011285508040_,138.8706,35.0983,2174,41,17,58.53658537
405061285512050_,137.4186,34.8106,1688,2,0,100
405071285512021_,137.1667,35.0022,3876,31,2,93.5483871
405071285512040_,137.0583,34.8894,733,1,0,100
405081285505021_,137.2947,35.3256,3760,2,1,50
405081285505031_,137.3103,35.3172,3884,11,5,54.54545455
405081285505035_,137.3231,35.3319,3693,25,18,28
405081285511070_,136.8747,35.1992,3636,16,6,62.5
405091285502090_,136.6878,35.3619,2320,3,0,100
405091285502120_,136.6711,35.2967,6337,11,1,90.90909091
405091285502200_,136.615,35.2561,1982,33,2,93.93939394
405091285502850_,136.7569,35.3614,6346,1,0,100
405091285515010_,136.6797,35.2261,2328,1,0,100
405091285515070_,136.63,35.1867,2135,4,0,100
405091285515090_,136.7103,35.0267,163,1,1,0
405091285515110_,136.6742,35.2711,2566,4,1,75
405091285515170_,136.7131,35.0603,168,1,1,0
405111285514021_,136.5131,34.6467,2381,7,1,85.71428571
405131285514021_,136.6856,34.4892,2345,12,2,83.33333333
406021286614020_,135.6889,34.3469,2442,17,0,100
406021286614090_,135.3106,34.2514,1771,26,17,34.61538462
406021286614111_,135.1956,34.2542,3586,94,17,81.91489362
406031286607040_,135.6839,34.5844,3756,45,4,91.11111111
406031286607060_,135.6169,34.5819,6789,29,5,82.75862069
406031286607070_,135.5019,34.5858,73,8,3,62.5
406041286603170_,136.2225,35.2672,3681,7,2,71.42857143
406041286603270_,135.9419,35.1192,6887,12,6,50
406041286603390_,135.9136,35.0331,1357,9,8,11.11111111
406041286603430_,135.8603,35.0139,4214,2,0,100
406041286603450_,135.9214,35.0108,417,49,10,79.59183673
406041286603500_,136.2319,35.4011,1004,39,2,94.87179487
406041286603520_,135.9931,35.1019,19,3,1,66.66666667
406041286606050_,135.6994,34.8911,5758,41,12,70.73170732
406041286606060_,135.6317,34.8125,6084,84,7,91.66666667
406041286606190_,135.6994,34.8897,1171,52,34,34.61538462
406041286606240_,135.7167,34.9075,5669,20,3,85
406041286608010_,135.415,34.855,6982,20,6,70
406041286608040_,135.4233,34.7989,6930,166,18,89.15662651
406041286618020_,135.8467,34.8789,1087,1,0,100
406041286618030_,135.8281,34.88,2415,26,5,80.76923077
406051286611030_,134.9728,34.9653,5776,160,44,72.5
406051286611060_,134.8994,34.7975,5698,226,92,59.2920354
406061286611050_,134.5631,34.8014,3414,62,20,67.74193548
406071286601060_,136.1864,36.0878,3924,96,36,62.5
406091286605020_,135.2261,35.3075,1331,17,4,76.47058824
406091286605050_,135.1153,35.3556,6156,79,47,40.50632911
406101286610020_,134.83,35.5436,6263,256,108,57.8125
407041287705100_,133.0533,35.4656,1430,30,19,36.66666667
407051287711030_,132.8342,34.8169,1281,1,0,100
407091287712070_,132.5139,34.4972,923,8,2,75
408011288805002_,132.7272,33.8069,82,49,46,6.12244898
409061289901500_,130.5261,33.33,7076,46,13,71.73913043
1552046,-1.505282,53.77701,291,27,20,25.92592593
1552048,-1.42369,53.75148,298,141,111,21.27659574
1584376,-1.13211,53.99151,647,84,68,19.04761905
29033,-1.655021,54.38959,505,17,14,17.64705882
29040,-0.9290913,53.81909,478,43,40,6.976744186
29041,-1.192203,53.72318,811,90,54,40
29043,-0.7950109,53.14185,830,62,52,16.12903226
29044,-1.381586,53.727,790,83,21,74.69879518
Caversham,-0.976395,51.465551,659,4,2,50
Fowey_Restormel,-4.6788,50.4309,1474,12,10,16.66666667
FP01,-1.645012,50.917653,1211,559,466,16.63685152
FP02,-2.225391,50.68963,582,36,34,5.555555556
FP06,-2.316285,50.78564,633,483,482,0.207039337
FP11,-2.189257,50.68115,879,268,267,0.373134328
FP12,-2.414234,50.71317,665,61,58,4.918032787
FP15,-2.582322,50.79024,660,78,78,0
FP21,-2.124167,50.68799,630,324,323,0.308641975
FP22,-2.254687,50.74038,989,266,233,12.40601504
FP23,-2.400529,50.76695,667,268,261,2.611940299
FP26,-2.523172,50.79749,1089,368,320,13.04347826
FP31,-2.576124,50.77655,646,16,15,6.25
PL09,-1.440655,51.46858,608,350,347,0.857142857
PL15,-1.325613,51.41088,1345,138,128,7.246376812
PL17,-1.205849,51.43531,1352,432,376,12.96296296
PL18,-1.227842,51.45344,1379,528,454,14.01515152
PL19,-1.085784,51.46838,1450,341,294,13.7829912
PL20,-1.157162,51.44261,1184,224,191,14.73214286
Stour_Wixoe,0.4997,52.0571,2932,16,10,37.5
TE03,-2.457871,52.90345,300,51,51,0
TE05,-2.554205,52.87967,279,91,88,3.296703297
TE09,-2.522106,52.8052,425,166,163,1.807228916
TE16,-2.437456,52.94308,422,95,93,2.105263158
TE20,-2.544244,52.79611,471,78,76,2.564102564
TE22,-2.554205,52.87967,959,96,73,23.95833333
Thames_Taplow,-0.698,51.5366,2332,7,1,85.71428571
Trout Beck_ Calgaith,-2.92045,54.3955,2332,7,1,85.71428571
2098,120.273091,40.363954,537,6,2,66.66666667
2100,120.418512,30.84969,778,1,1,0
2102,122.1876454,41.1889225,668,37,20,45.94594595
2106,114.352698,30.388179,695,44,18,59.09090909
2107,113.753602,34.765515,703,57,18,68.42105263
2108,120.554155,30.402384,800,64,20,68.75
2111,126.308376,43.628448,728,1,0,100
2113,109.614806,27.094325,718,1,1,0
2114,108.989429,34.889459,662,6,3,50
2118,126.752056,45.787555,560,30,17,43.33333333
2121,133.281365,45.552395,591,32,21,34.375
2123,119.021234,31.620979,413,1,1,0
2124,114.680083,33.626572,745,38,10,73.68421053
2125,104.253525,23.366544,531,4,0,100
2126,121.813325,41.149403,636,15,3,80
2127,126.504213,45.90503,584,44,39,11.36363636
2129,114.196677,33.686867,758,5,4,20
2131,110.375224,20.009525,722,1,1,0
2134,108.187798,34.183074,646,1,1,0
2135,119.156486,35.909376,786,6,0,100
2136,110.896829,38.507579,601,1,0,100
2138,106.741756,28.944771,790,3,2,33.33333333
2142,119.631456,39.918966,705,3,1,66.66666667
2144,120.98351,41.879991,720,5,3,40
2145,100.124072,25.958516,660,66,12,81.81818182
2146,133.853376,46.934667,555,3,2,33.33333333
2148,102.269485,27.840777,653,4,0,100
2149,117.270311,31.50139,224,1,0,100
2151,116.117321,36.276864,678,5,2,60
2159,110.050793,34.749162,472,20,6,70
2164,118.912242,35.004221,153,11,5,54.54545455
2165,117.93156,24.360423,630,172,58,66.27906977
2171,116.471647,34.177411,690,151,20,86.75496689
2172,121.325079,30.000985,658,4,0,100
2173,111.357444,27.878331,693,25,11,56
2177,115.953353,33.352881,686,2,1,50
2179,120.977622,31.87893,61,1,0,100
2180,113.98047,31.391125,634,1,0,100
2181,122.829592,45.618322,533,20,12,40
2182,105.359266,28.950873,438,1,0,100
2183,117.284922,31.861184,735,67,60,10.44776119
2184,117.027314,34.879613,730,25,1,96
2185,116.84332,35.538668,743,43,5,88.37209302
2187,116.364039,24.067389,730,90,12,86.66666667
2188,120.393063,33.731002,753,143,83,41.95804196
2189,115.909228,28.675696,674,8,5,37.5
2190,117.303815,29.637542,761,9,4,55.55555556
2192,116.25461,34.068636,749,51,12,76.47058824
2193,115.392074,32.262114,655,1,0,100
2194,120.135191,30.280827,496,8,2,75
2195,109.493289,30.246073,679,2,2,0
2196,121.798307,31.579754,766,22,6,72.72727273
2198,121.785769,31.193231,663,7,3,57.14285714
2199,121.194699,31.801399,601,50,11,78
2200,121.754522,31.013867,705,84,56,33.33333333
2201,121.6762,31.535298,736,20,8,60
2202,121.745275,31.362887,753,32,13,59.375
2203,121.041476,31.023111,703,6,0,100
2204,120.9170361,31.1155091,675,26,7,73.07692308
2205,121.12989,31.005464,755,60,41,31.66666667
2206,121.204222,30.949895,626,97,49,49.48453608
2208,121.423992,31.40073,683,45,26,42.22222222
2209,121.541336,30.872458,684,46,30,34.7826087
2210,121.312408,30.96988,604,35,26,25.71428571
2211,121.225288,31.276424,667,53,23,56.60377358
2212,102.691559,24.951581,611,61,43,29.50819672
2215,104.778803,23.001322,603,6,0,100
2222,106.7539556,39.5163998,199,1,1,0
2228,106.948099,40.966814,743,3,2,33.33333333
2231,115.520692,39.93045,685,81,23,71.60493827
2245,117.18897,39.1393072,619,94,63,32.9787234
2246,117.424182,38.871337,727,12,5,58.33333333
2252,115.4699245,33.4957895,662,78,18,76.92307692
2253,116.5802321,33.8752478,199,25,6,76
2256,115.3390767,33.2640607,779,60,37,38.33333333
2257,116.9074973,32.6439828,300,12,7,41.66666667
2258,117.2710932,32.9527884,782,76,42,44.73684211
2259,116.855937,33.814464,49,8,3,62.5
2262,117.811618,31.647649,130,7,2,71.42857143
2263,119.0894,32.724409,41,12,10,16.66666667
2264,118.229582,35.071916,770,106,68,35.8490566
2266,118.730288,37.280543,680,76,13,82.89473684
2267,116.619434,35.337055,648,45,8,82.22222222
2268,118.4786666,34.7022325,115,1,0,100
2269,118.1425578,34.5999124,172,10,1,90
2270,115.517942,35.651181,711,25,12,52
2272,119.639585,35.80937,608,4,0,100
2273,116.513133,35.225111,610,56,11,80.35714286
2274,120.524975,36.35474,635,21,5,76.19047619
2275,117.686232,38.010543,769,16,1,93.75
2276,118.126414,37.701315,669,9,2,77.77777778
2277,117.792787,38.063661,744,51,19,62.74509804
2278,116.765526,35.346292,761,42,5,88.0952381
2279,118.793639,36.868794,781,11,4,63.63636364
2280,118.195764,34.507991,736,1,0,100
2281,116.042865,34.862105,656,15,2,86.66666667
2282,116.008235,35.431478,762,5,2,60
2283,119.395341,36.937298,696,7,1,85.71428571
2285,116.951152,35.03919,625,11,1,90.90909091
2286,117.327253,37.620396,711,8,0,100
2287,118.854524,37.255764,759,145,99,31.72413793
2288,116.27445,37.44649,702,32,7,78.125
2290,115.556362,34.638468,773,38,23,39.47368421
2291,116.233597,37.025299,630,14,3,78.57142857
2292,115.88739,35.373248,796,89,35,60.6741573
2293,117.020359,36.66853,818,39,9,76.92307692
2294,118.065234,37.10119,791,31,19,38.70967742
2296,118.537078,36.508114,716,18,5,72.22222222
2297,120.471352,37.075474,661,1,0,100
2299,113.267097,22.888331,752,3,0,100
2302,112.309585,24.858987,775,189,92,51.32275132
2303,117.003995,23.665131,789,18,9,50
2304,115.832299,22.979087,751,4,1,75
2306,112.720441,22.238874,759,20,4,80
2308,114.92215,22.800286,766,4,1,75
2309,116.554572,23.447464,772,248,126,49.19354839
2311,113.512709,23.064736,778,53,15,71.69811321
2314,113.333231,23.023376,791,5,3,40
2315,113.47333,22.891775,754,59,16,72.88135593
2318,113.199715,23.028025,757,101,42,58.41584158
2319,113.855428,24.347717,661,2,1,50
2324,113.217941,23.711524,304,7,1,85.71428571
2325,111.675334,21.959607,752,85,37,56.47058824
2329,114.4862,23.015018,772,181,125,30.93922652
2330,112.290777,22.992944,743,84,35,58.33333333
2333,112.97655,22.54716,770,27,5,81.48148148
2334,116.887764,23.686789,705,63,41,34.92063492
2340,112.424484,22.997112,795,102,49,51.96078431
2341,113.448344,22.335273,770,216,124,42.59259259
2344,115.497302,24.487936,284,7,3,57.14285714
2345,116.392179,23.572236,799,635,343,45.98425197
2346,109.136571,21.66039,712,6,2,66.66666667
2354,110.390755,23.556576,375,1,0,100
2357,108.884472,24.507607,723,1,0,100
2363,111.174427,23.415838,728,1,1,0
2364,109.516111,23.850452,680,1,1,0
2374,82.814172,46.473199,166,2,1,50
2376,87.819778,47.329765,472,2,0,100
2377,120.225024,34.060052,723,98,49,50
2378,116.916933,34.786621,718,9,6,33.33333333
2379,120.247992,34.087534,708,36,9,75
2380,119.478663,32.331747,714,4,1,75
2382,119.284184,34.475074,710,63,42,33.33333333
2383,119.501679,34.420654,725,89,46,48.31460674
2384,119.803875,31.744229,652,1,0,100
2385,120.126341,33.400235,771,101,42,58.41584158
2386,118.482669,34.605988,688,41,17,58.53658537
2387,120.2997,33.223399,799,118,53,55.08474576
2388,118.763232,32.061707,780,5,1,80
2389,119.182412,34.661703,795,34,3,91.17647059
2390,120.05062,34.305619,736,31,8,74.19354839
2391,120.333295,32.083269,790,118,60,49.15254237
2392,120.34031,33.798763,801,142,82,42.25352113
2393,120.798311,33.051439,772,65,31,52.30769231
2394,117.990686,33.191976,112,1,0,100
2395,118.882275,34.1666,774,33,24,27.27272727
2396,118.1051302,34.6214143,151,1,0,100
2399,120.58843,33.459693,793,135,102,24.44444444
2400,119.550954,32.442549,779,109,50,54.12844037
2401,120.47589,33.617416,672,106,61,42.45283019
2402,119.157303,34.630774,788,78,36,53.84615385
2403,119.171402,34.625156,791,50,31,38
2405,118.804565,34.056805,804,148,82,44.59459459
2406,119.838119,31.503261,770,62,45,27.41935484
2407,119.609473,33.39845,709,21,3,85.71428571
2408,120.602195,31.894245,748,89,51,42.69662921
2409,119.151436,34.67746,753,2,1,50
2411,118.637266,33.282706,115,3,0,100
2412,119.144615,34.954826,780,9,0,100
2414,119.580868,34.211619,745,100,87,13
2415,119.459167,34.668919,773,54,36,33.33333333
2416,119.751725,34.50932,706,52,37,28.84615385
2417,120.701088,33.184199,799,159,67,57.86163522
2418,118.994994,33.626576,787,87,36,58.62068966
2420,119.639617,31.380975,775,64,19,70.3125
2421,117.179892,34.398537,727,58,27,53.44827586
2422,119.367138,34.067903,711,142,70,50.70422535
2424,119.144453,34.786466,711,19,8,57.89473684
2426,120.398111,31.909695,797,46,18,60.86956522
2427,119.241225,32.238702,716,8,4,50
2430,120.043331,33.351703,791,107,59,44.85981308
2431,115.456909,28.720414,674,3,0,100
2435,117.713131,28.296352,652,88,51,42.04545455
2440,117.572119,28.947317,680,30,4,86.66666667
2443,115.909228,28.675696,764,3,2,33.33333333
2445,116.1272585,29.6051759,657,1,0,100
2446,117.151076,28.941453,565,4,1,75
2450,115.5478498,40.3405825,614,10,0,100
2453,114.468664,38.037057,159,2,0,100
2454,115.350472,37.211118,799,40,13,67.5
2456,113.753602,34.765515,661,1,0,100
2458,116.3484945,33.8193013,192,10,6,40
2459,111.460461,33.124041,626,9,3,66.66666667
2461,114.16434,33.68667,768,27,9,66.66666667
2462,115.4910372,33.8792895,739,9,4,55.55555556
2463,113.931199,35.850782,712,1,1,0
2464,120.221154,30.367019,784,26,16,38.46153846
2468,122.215702,29.998926,761,93,44,52.68817204
2469,120.487901,30.742701,701,117,89,23.93162393
2470,119.953649,30.389197,767,47,18,61.70212766
2471,120.948967,30.505958,584,70,20,71.42857143
2472,118.659728,28.769243,659,1,0,100
2473,118.813398,28.687516,763,1,0,100
2474,119.704038,28.322041,719,49,21,57.14285714
2475,121.31823,30.27792,722,79,16,79.74683544
2476,120.897324,29.506424,864,43,24,44.18604651
2478,121.101439,28.212405,751,54,19,64.81481481
2479,120.177691,30.921099,684,27,8,70.37037037
2480,118.545013,28.892731,638,8,0,100
2481,121.121247,30.78938,792,43,33,23.25581395
2482,120.101914,30.963576,865,66,48,27.27272727
2483,120.805238,30.616051,680,57,32,43.85964912
2484,119.833412,28.494492,792,74,45,39.18918919
2485,120.1005112,30.8909035,759,1,0,100
2486,121.543023,28.439517,721,10,3,70
2487,120.894048,30.848742,712,53,33,37.73584906
2489,119.538611,28.401886,695,1,0,100
2490,120.994556,30.724406,697,9,4,55.55555556
2491,120.911908,30.736711,748,1,0,100
2492,120.342285,30.939381,725,37,19,48.64864865
2496,120.313331,29.907382,747,54,39,27.77777778
2497,120.604399,30.030173,800,4,0,100
2498,120.801067,30.003568,678,186,56,69.89247312
2499,120.7095199,30.8849975,647,53,31,41.50943396
2500,120.545629,30.402274,670,59,35,40.6779661
2501,120.914013,30.856484,678,29,18,37.93103448
2502,119.780421,30.82326,848,1,0,100
2503,121.093727,30.047365,790,28,16,42.85714286
2504,121.061852,28.165644,666,44,20,54.54545455
2506,119.815549,29.622386,678,2,1,50
2507,119.973122,30.301193,797,7,3,57.14285714
2509,120.948956,30.505918,680,141,94,33.33333333
2510,119.602925,28.186588,158,1,0,100
2511,121.102536,30.814378,800,113,74,34.51327434
2513,110.717366,19.624334,784,4,1,75
2518,110.416458,19.882588,735,2,0,100
2519,115.159707,30.359787,751,28,19,32.14285714
2520,113.43734,30.775926,469,17,8,52.94117647
2521,115.027978,30.425803,501,2,0,100
2522,112.382843,32.059363,659,38,10,73.68421053
2523,112.866681,30.1823,725,9,6,33.33333333
2524,112.184187,31.664417,702,219,172,21.46118721
2525,113.892022,30.164666,488,147,109,25.85034014
2526,113.109137,30.278016,296,9,6,33.33333333
2527,113.791834,30.264433,723,274,210,23.35766423
2529,115.423717,30.262804,645,4,2,50
2531,114.092344,30.395714,577,15,7,53.33333333
2536,118.623307,26.433311,737,103,59,42.7184466
2542,119.555245,26.205703,351,5,3,40
2554,108.63525,27.017328,514,1,0,100
2555,107.879014,26.768079,583,1,0,100
2556,105.533786,25.282076,383,1,0,100
2559,122.63783,41.251133,543,14,10,28.57142857
2560,123.704185,41.265244,694,7,0,100
2561,120.708427,40.544025,704,1,0,100
2564,124.659946,40.317253,635,1,1,0
2566,122.507547,41.003403,470,4,1,75
2567,123.868182,41.864105,692,52,20,61.53846154
2570,119.485351,40.619733,734,14,0,100
2571,123.5529584,42.2059018,669,5,1,80
2572,120.69456,41.599141,710,2,0,100
2573,120.762881,40.607377,797,1,0,100
2575,122.217647,40.6805983,169,2,0,100
2576,123.42944,41.835441,515,10,1,90
2577,122.753617,41.433116,482,33,15,54.54545455
2580,134.6728087,48.258915,367,1,1,0
2583,126.646118,46.003555,486,8,3,62.5
2584,122.3556112,53.480873,84,10,10,0
2586,121.522058,31.392691,752,84,61,27.38095238
2587,121.571838,30.924535,633,22,20,9.090909091
2588,120.872697,31.032082,157,1,1,0
2589,121.476553,31.241434,737,69,34,50.72463768
2590,102.710002,25.045806,604,1,1,0
2591,102.706839,24.946646,574,309,1,99.6763754
2592,99.151708,27.17941,649,1,0,100
2593,103.108814,24.195343,615,8,0,100
2595,103.264753,26.341758,561,3,0,100
2596,100.904089,27.188602,595,8,5,37.5
2601,100.220307,26.861431,50,28,0,100
2604,100.178267,25.568941,622,5,3,40
2605,102.4234,24.200715,657,38,0,100
2607,102.7676,24.824166,604,225,4,98.22222222
2608,100.221316,25.59304,675,66,41,37.87878788
2609,99.813832,27.795905,457,4,2,50
2613,102.725061,24.924339,637,156,0,100
2614,102.505553,25.220989,672,22,0,100
2616,99.676621,23.262287,639,1,0,100
2617,103.233232,25.337579,612,107,22,79.43925234
2618,103.971257,28.598761,713,5,0,100
2624,103.505731,26.743353,694,12,0,100
2626,102.654327,24.992944,190,29,9,68.96551724
2630,102.75097,24.111735,657,1,1,0
2632,102.446686,24.155922,635,122,4,96.72131148
2634,100.620865,26.943372,640,266,17,93.60902256
2636,100.238235,25.717534,195,2,0,100
2642,102.748474,25.041489,644,29,0,100
2643,102.47833,25.211904,589,1,0,100
2645,103.436917,24.448543,629,21,0,100
2646,100.219753,26.890883,666,14,2,85.71428571
2647,101.999503,24.85047,614,1,1,0
2648,102.682976,25.019045,678,58,47,18.96551724
2649,98.233033,24.666808,584,14,0,100
2650,103.920583,25.771733,646,1,0,100
2651,100.188942,26.588653,697,11,0,100
2652,104.487444,23.255495,639,36,9,75
2653,103.344087,23.018383,634,21,8,61.9047619
2655,102.678433,25.029147,652,92,2,97.82608696
2658,106.15664,23.900462,639,43,37,13.95348837
2660,99.035696,27.559972,514,8,3,62.5
2661,102.477035,24.876459,678,35,0,100
2665,98.518682,24.396192,671,3,0,100
2669,103.134416,25.090788,647,29,3,89.65517241
2670,100.061806,26.93877,624,6,0,100
2673,111.664859,40.819102,198,2,0,100
2681,116.526519,39.673915,714,21,10,52.38095238
2685,116.425261,39.834406,787,16,4,75
2687,116.903395,39.735711,606,61,2,96.72131148
2688,116.44061,39.899404,352,1,0,100
2689,116.592811,40.309662,791,1,1,0
2690,116.618333,39.907408,796,18,3,83.33333333
2691,116.03895,39.7572,828,23,11,52.17391304
2692,116.349049,40.026901,776,99,24,75.75757576
2693,116.32528,39.941767,700,5,1,80
2694,116.305631,40.412399,714,89,64,28.08988764
2695,116.574886,39.654948,796,107,23,78.5046729
2696,116.365688,39.977668,785,51,0,100
2697,115.959848,40.430962,775,1,0,100
2698,116.298616,40.094418,782,3,0,100
2699,116.39537,39.956847,821,6,2,66.66666667
2701,125.941497,41.722564,754,2,0,100
2702,123.168748,44.682265,647,6,0,100
2704,125.944944,44.598827,591,5,2,60
2705,125.680294,44.758751,642,40,21,47.5
2707,124.374963,43.252547,563,14,8,42.85714286
2709,126.657307,43.667467,324,2,0,100
2713,125.902096,43.804344,695,1,0,100
2714,126.363826,44.42767,305,2,0,100
2716,124.033104,45.704479,597,9,4,55.55555556
2717,125.288981,43.342228,764,2,0,100
2722,126.530466,44.835289,755,9,4,55.55555556
2723,126.137606,41.470043,692,19,8,57.89473684
2724,127.333863,41.997573,804,1,0,100
2726,126.56626,43.829095,314,2,1,50
2727,125.32599,43.896536,731,80,40,50
2728,126.741232,44.348903,688,1,1,0
2734,125.886685,43.651058,764,2,0,100
2736,104.394305,30.913256,794,1,0,100
2738,106.016657,31.938295,675,1,0,100
2741,105.649307,29.106833,672,2,0,100
2742,105.739457,32.386776,626,1,1,0
2743,105.617896,28.46181,789,1,0,100
2744,102.864996,31.09342,527,20,15,25
2745,101.077814,30.057141,300,12,8,33.33333333
2747,104.035727,30.499615,822,2,0,100
2750,102.423009,31.141915,707,38,2,94.73684211
2753,103.960365,30.899389,677,9,6,33.33333333
2756,102.131198,27.965618,662,21,17,19.04761905
2757,104.003892,30.45568,742,20,11,45
2760,104.075931,30.651651,667,1,1,0
2761,104.400543,31.31484,769,4,2,50
2766,103.869644,30.381788,681,1,1,0
2768,102.251128,27.888273,625,21,4,80.95238095
2770,104.896536,31.376229,803,4,0,100
2772,107.62806,31.676821,658,3,1,66.66666667
2780,103.74717,29.504172,801,1,1,0
2783,105.271433,31.286621,685,1,1,0
2786,105.401685,28.887274,816,4,0,100
2789,104.95491,28.898659,321,1,1,0
2791,106.619841,31.028382,735,44,18,59.09090909
2793,104.636796,29.891922,593,2,0,100
2794,106.862146,31.040764,609,1,0,100
2795,105.190887,31.065617,773,1,1,0
2799,104.372125,31.535904,596,11,2,81.81818182
2801,103.827306,29.401596,611,6,1,83.33333333
2803,105.781436,32.389563,667,9,5,44.44444444
2805,105.415702,32.189997,676,3,3,0
2806,104.859137,31.018642,759,9,3,66.66666667
2807,105.511944,30.558761,753,7,2,71.42857143
2808,105.340003,30.321626,702,60,44,26.66666667
2817,101.5065686,26.5972815,748,1,0,100
2819,117.613633,40.030984,824,28,6,78.57142857
2820,117.498843,40.040942,431,8,3,62.5
2821,117.160843,39.150547,812,126,54,57.14285714
2822,117.565847,38.763512,619,16,3,81.25
2823,117.178687,39.177685,847,65,35,46.15384615
2824,117.083436,38.680679,22,4,4,0
2825,114.295174,38.075104,457,17,8,52.94117647
2826,117.656499,39.057732,681,137,88,35.76642336
2827,117.172691,39.162712,797,57,24,57.89473684
2828,117.364817,39.399788,796,11,2,81.81818182
2830,117.444056,40.037261,790,2,0,100
2831,117.311264,38.575858,692,38,9,76.31578947
2832,117.236295,39.099467,796,54,14,74.07407407
2833,117.345251,39.047531,755,63,28,55.55555556
2834,117.401466,39.880008,818,41,15,63.41463415
2835,117.107112,38.689473,801,51,28,45.09803922
2836,117.719872,38.987431,688,42,8,80.95238095
2837,117.200983,39.084158,676,57,22,61.40350877
2838,117.975537,40.135123,790,2,0,100
2840,106.67004,38.813644,565,2,0,100
2843,106.8165,35.834736,531,6,0,100
2844,105.563539,37.481685,408,1,0,100
2845,106.29814,38.44729,612,3,1,66.66666667
2850,117.258837,31.502262,793,82,50,39.02439024
2851,118.686325,30.758719,796,81,45,44.44444444
2852,117.87603,31.577988,799,34,11,67.64705882
2853,117.499594,31.95972,767,29,2,93.10344828
2855,116.943445,33.51521,659,39,9,76.92307692
2856,116.914531,30.20963,604,5,1,80
2857,116.429457,32.388833,677,4,1,75
2859,118.417907,32.199777,790,18,6,66.66666667
2861,117.879486,33.127823,685,5,2,60
2862,116.764262,32.605506,660,29,10,65.51724138
2864,117.078305,30.584347,800,38,21,44.73684211
2865,117.804218,33.262629,681,220,171,22.27272727
2866,117.280926,33.85356,668,148,63,57.43243243
2867,116.19039,33.138513,689,55,19,65.45454545
2868,118.952277,31.016411,651,1,0,100
2869,116.91384,31.410873,684,17,4,76.47058824
2870,116.618304,30.128011,665,22,10,54.54545455
2872,118.355088,31.76996,796,68,41,39.70588235
2873,117.284922,31.861184,653,51,24,52.94117647
2875,116.90207,31.095417,666,1,1,0
2876,116.34803,30.024119,819,47,25,46.80851064
2877,116.498832,32.373979,671,6,2,66.66666667
2878,119.026529,32.704886,803,78,45,42.30769231
2880,118.479184,31.549437,749,1,0,100
2882,117.8850083,33.4530255,225,9,3,66.66666667
2883,116.426383,33.34421,823,69,39,43.47826087
2884,116.273076,32.350232,668,87,50,42.52873563
2885,115.791037,33.840665,695,91,42,53.84615385
2886,117.439766,31.15702,756,71,49,30.98591549
2888,118.492964,31.484455,816,3,3,0
2889,118.319357,31.714434,765,76,31,59.21052632
2890,116.220503,32.271894,791,1,0,100
2891,117.103527,32.775789,686,18,12,33.33333333
2893,117.087304,31.98873,763,3,0,100
2894,118.504612,29.961077,643,8,0,100
2895,117.471625,31.683019,801,206,137,33.49514563
2896,117.410646,30.771958,802,110,48,56.36363636
2897,117.754946,31.769141,800,31,12,61.29032258
2899,116.669977,30.27099,635,6,1,83.33333333
2900,117.2443,31.618256,339,9,2,77.77777778
2901,114.273591,30.593188,766,14,4,71.42857143
2902,117.096014,31.332876,661,7,2,71.42857143
2903,118.98031,30.691628,791,1,1,0
2904,116.521698,32.502665,796,48,24,50
2905,118.794129,31.18298,664,8,5,37.5
2906,119.936981,30.991272,210,1,0,100
2907,118.312937,29.690279,730,1,0,100
2908,118.245551,30.459931,702,19,4,78.94736842
2909,116.048247,33.637904,685,15,5,66.66666667
2910,118.315567,32.288364,657,135,74,45.18518519
2911,115.637255,33.540418,692,167,101,39.52095808
2912,119.031442,31.08593,818,1,1,0
2913,116.5909,32.570486,796,16,3,81.25
2914,117.858773,31.645018,765,5,1,80
2915,118.293416,29.699942,649,1,0,100
2916,116.887689,32.407674,814,2,0,100
2917,116.001576,38.879326,669,43,14,67.44186047
2918,117.0053119,30.4956203,605,7,0,100
2919,117.000948,30.509513,647,5,2,60
2920,116.807275,32.059642,638,88,49,44.31818182
2921,116.915776,32.641579,672,8,4,50
2922,116.979217,33.753156,663,75,32,57.33333333
2924,118.366667,29.763863,584,61,0,100
2925,117.154467,31.785615,183,30,9,70
2926,117.215577,33.483853,690,13,2,84.61538462
2928,118.012738,31.130526,798,7,2,71.42857143
2929,117.091176,30.832508,806,2,1,50
2930,117.316955,33.316899,812,105,74,29.52380952
2932,116.621515,32.045256,766,2,0,100
2933,116.067254,33.219622,662,75,34,54.66666667
2934,118.288408,31.229151,326,4,1,75
2936,118.517796,31.630932,809,96,42,56.25
2937,115.595644,32.658297,674,60,25,58.33333333
2938,118.521306,31.71867,661,146,64,56.16438356
2939,115.867791,32.912195,650,27,10,62.96296296
2940,117.271944,31.589232,652,1,0,100
2941,116.332494,31.539384,658,1,0,100
2943,117.926587,30.934479,667,31,9,70.96774194
2944,116.423277,31.449897,667,37,24,35.13513514
2946,116.466746,29.992903,803,21,14,33.33333333
2947,117.545139,31.657076,726,1,1,0
2948,116.867173,33.103036,684,106,57,46.22641509
2949,115.966227,29.905695,797,1,0,100
2951,116.827792,35.545375,720,189,11,94.17989418
2952,117.065407,36.665194,307,9,6,33.33333333
2953,118.753745,36.074312,764,3,1,66.66666667
2954,118.710756,34.764207,582,6,2,66.66666667
2956,118.909417,38.018599,750,16,3,81.25
2957,118.106575,36.94308,348,7,2,71.42857143
2959,117.237479,34.90613,801,15,2,86.66666667
2960,118.818401,35.496218,786,134,5,96.26865672
2961,119.454681,35.341198,781,76,11,85.52631579
2962,119.51198,36.467925,576,1,0,100
2963,116.317671,37.41156,811,18,5,72.22222222
2964,117.86615,37.505466,723,30,17,43.33333333
2965,115.927885,36.748637,534,8,1,87.5
2966,116.839637,36.665439,799,88,51,42.04545455
2967,116.593313,35.389133,809,6,5,16.66666667
2968,121.025384,36.584928,712,160,89,44.375
2969,116.999244,35.104323,299,13,9,30.76923077
2970,116.390365,35.093029,305,11,4,63.63636364
2971,112.369528,36.007278,789,1,0,100
2972,111.311222,35.6432,742,3,2,33.33333333
2974,112.7273,39.385192,822,14,4,71.42857143
2975,110.638294,37.391903,201,3,0,100
2976,112.928209,39.046414,745,9,0,100
2977,112.904166,36.851836,813,39,0,100
2979,113.436835,39.881319,761,36,0,100
2980,112.659155,37.011252,823,14,3,78.57142857
2982,111.84924,37.061278,777,15,6,60
2984,112.091637,35.804568,717,49,10,79.59183673
2985,112.893756,36.262111,773,143,84,41.25874126
2988,110.611691,35.721123,825,26,7,73.07692308
2989,112.970149,38.507979,554,20,2,90
2990,112.325978,35.802291,578,1,0,100
2991,110.350121,34.827824,701,34,8,76.47058824
2992,111.790879,38.204692,792,16,3,81.25
2993,112.313511,40.248502,644,38,0,100
2994,111.938469,37.116438,302,3,2,33.33333333
2996,114.26629,40.527234,774,7,3,57.14285714
2997,111.885129,38.08174,510,2,0,100
2998,111.933908,37.394505,557,6,0,100
2999,112.623635,37.545849,599,2,1,50
3001,113.648897,37.848604,725,9,1,88.88888889
3002,110.89649,38.602968,752,3,0,100
3004,112.736862,38.349717,335,11,2,81.81818182
3005,112.760715,38.437547,690,14,5,64.28571429
3007,112.332332,37.473111,613,28,8,71.42857143
3008,110.666933,36.451597,592,1,0,100
3009,110.74778,34.787733,773,6,0,100
3012,117.010667,23.663332,823,133,28,78.94736842
3013,113.299762,23.103511,818,1,0,100
3014,115.670252,22.888408,723,96,10,89.58333333
3015,110.065695,20.874187,804,97,32,67.01030928
3017,113.573502,23.557082,757,1,0,100
3018,111.940695,21.788581,794,2,1,50
3019,113.804508,23.123124,793,21,10,52.38095238
3020,113.3708,22.528784,669,15,7,53.33333333
3021,110.797865,21.426139,327,2,0,100
3022,114.043419,23.6177,799,77,27,64.93506494
3024,112.20793,21.817654,764,43,13,69.76744186
3025,116.084536,23.624911,785,50,25,50
3027,110.292455,21.912125,769,10,4,60
3029,115.691944,23.031892,785,28,13,53.57142857
3031,114.078428,22.926477,788,77,28,63.63636364
3032,114.127158,22.761322,346,52,36,30.76923077
3034,114.144205,22.548277,809,15,3,80
3035,113.604057,22.9081,746,142,63,55.63380282
3036,115.33408,22.909763,782,12,3,75
3037,116.624073,23.216101,703,96,40,58.33333333
3038,114.620918,22.504472,194,31,14,54.83870968
3039,110.314917,21.704117,801,26,7,73.07692308
3040,112.661708,21.833564,743,215,98,54.41860465
3041,114.111006,22.928083,634,227,112,50.66079295
3042,113.529852,22.202501,791,221,150,32.12669683
3044,110.48836,21.222112,784,39,25,35.8974359
3045,110.800196,21.914394,789,23,6,73.91304348
3047,119.30373,26.040433,728,15,3,80
3048,111.599009,21.899485,776,26,2,92.30769231
3051,114.198587,22.819872,593,82,63,23.17073171
3054,110.84747,22.043911,803,32,6,81.25
3057,107.00286,22.32444,769,5,3,40
3062,110.154484,22.62867,619,7,0,100
3064,111.315001,23.496188,798,4,2,50
3067,109.487331,21.49836,794,11,0,100
3078,108.925424,22.80351,643,1,0,100
3080,109.187354,21.661164,763,153,94,38.5620915
3082,109.088091,21.478081,805,10,1,90
3083,107.052149,22.658889,795,8,4,50
3084,108.629303,21.952482,558,3,0,100
3087,107.640959,23.271717,659,3,0,100
3090,109.204224,23.750608,682,4,0,100
3091,108.367836,22.821797,797,302,116,61.58940397
3106,90.201337,42.871439,536,1,0,100
3107,81.158159,44.487779,261,1,1,0
3114,118.826554,32.009033,810,37,11,70.27027027
3115,118.294211,33.909789,635,9,5,44.44444444
3117,118.925481,33.700643,634,134,94,29.85074627
3118,119.733919,31.581693,784,34,5,85.29411765
3119,118.304098,33.311428,815,10,3,70
3120,120.010409,31.547984,802,29,12,58.62068966
3121,120.026617,32.002485,800,16,14,12.5
3122,120.154207,31.678267,634,14,8,42.85714286
3123,118.897236,33.597258,757,6,1,83.33333333
3124,119.89146,31.211617,671,1,0,100
3125,119.396018,32.328114,784,55,33,40
3126,120.945333,32.598956,782,80,37,53.75
3128,118.763232,32.061707,791,30,6,80
3129,116.715063,34.639856,789,1,1,0
3130,120.304898,31.488754,775,49,33,32.65306122
3131,118.983374,33.268901,809,144,119,17.36111111
3132,121.022964,31.816204,819,7,3,57.14285714
3133,121.822913,31.930388,771,106,58,45.28301887
3134,120.412665,32.056126,729,23,17,26.08695652
3135,121.591802,32.05804,812,61,43,29.50819672
3136,119.506363,31.635595,754,17,7,58.82352941
3137,120.288398,32.090435,766,5,0,100
3138,119.239627,31.306263,730,49,21,57.14285714
3140,121.373409,32.171928,791,115,55,52.17391304
3143,120.135477,31.405592,740,5,3,40
3144,120.252139,31.953122,790,4,0,100
3145,118.503297,32.099615,821,24,8,66.66666667
3146,120.00259,31.758783,798,15,5,66.66666667
3147,120.062543,31.908105,800,73,44,39.7260274
3148,120.427174,31.452117,732,1,0,100
3149,119.949664,32.570502,776,87,0,100
3150,117.249737,34.217261,736,2,1,50
3151,119.850415,31.22454,764,1,0,100
3152,119.50462,32.492358,790,7,6,14.28571429
3153,120.810987,31.768555,800,31,13,58.06451613
3154,119.560684,32.410881,694,17,2,88.23529412
3155,119.959148,32.538861,771,53,35,33.96226415
3156,121.035126,31.547747,703,70,57,18.57142857
3157,118.750332,33.121895,700,42,12,71.42857143
3158,121.276419,31.515118,739,90,56,37.77777778
3159,119.87053,32.485833,772,36,28,22.22222222
3160,119.911408,32.245055,755,15,0,100
3162,118.532748,31.925323,735,33,25,24.24242424
3163,119.182933,33.301657,772,114,65,42.98245614
3164,120.661595,31.191479,748,12,6,50
3165,118.882541,31.46746,298,3,0,100
3166,120.845123,32.375163,733,13,3,76.92307692
3167,120.646561,32.07894,796,30,15,50
3168,119.893747,32.421756,811,70,42,40
3169,119.265049,32.427353,763,6,4,33.33333333
3170,120.87278,31.260263,809,93,38,59.13978495
3171,118.752935,32.032782,680,5,1,80
3172,120.558677,30.831855,796,4,0,100
3173,117.9285451,34.5227503,740,5,2,60
3174,121.193199,32.302834,660,13,4,69.23076923
3175,120.315457,32.945673,672,90,70,22.22222222
3176,119.223289,31.346315,290,5,4,20
3177,118.736352,33.104157,736,5,2,60
3178,120.284393,31.554449,732,3,2,33.33333333
3179,120.875192,31.433021,743,38,22,42.10526316
3180,120.973408,31.388542,810,88,50,43.18181818
3181,119.57278,32.123444,822,15,7,53.33333333
3182,120.32641,31.910246,799,29,22,24.13793103
3183,120.556522,31.577007,653,3,2,33.33333333
3186,120.204109,31.907854,797,2,1,50
3187,120.869564,31.460995,755,10,3,70
3188,118.394022,32.065877,740,87,52,40.22988506
3189,118.763232,32.061707,801,7,4,42.85714286
3192,119.607156,31.830233,805,58,38,34.48275862
3193,118.538133,33.401736,583,2,0,100
3195,115.874299,28.251621,660,1,0,100
3199,115.795165,29.287166,761,23,17,26.08695652
3200,116.263514,28.904167,368,69,19,72.46376812
3202,115.826974,29.007762,711,14,7,50
3204,116.71726,28.694779,711,1,1,0
3207,116.62703,29.406277,706,2,1,50
3208,114.968562,27.809566,806,1,0,100
3210,116.780174,28.540289,599,1,0,100
3212,115.507866,27.286929,666,2,0,100
3214,117.805492,29.348431,753,1,1,0
3215,115.212355,26.807029,668,8,2,75
3216,117.517337,28.330102,746,1,0,100
3218,115.077844,25.283983,574,1,0,100
3225,114.492474,26.235491,794,1,0,100
3226,115.935611,28.549469,335,1,0,100
3229,116.433667,28.712683,747,17,6,64.70588235
3231,114.504463,26.887366,795,7,3,57.14285714
3234,115.909228,28.675696,676,2,0,100
3236,114.51329,26.584506,743,2,1,50
3237,116.185114,29.819033,582,155,95,38.70967742
3238,116.767532,29.573067,530,3,0,100
3241,113.666161,27.678079,778,2,0,100
3246,115.733224,26.294256,663,8,1,87.5
3247,117.774843,40.616037,728,2,0,100
3248,116.535515,39.58526,597,71,15,78.87323944
3250,117.961347,41.014807,758,1,1,0
3252,115.653094,38.879094,700,125,42,66.4
3254,116.028691,38.897404,473,95,57,40
3255,118.599514,40.772528,770,9,0,100
3256,115.765844,39.223947,571,2,0,100
3257,116.04779,37.513177,498,145,108,25.51724138
3259,115.091033,37.319989,680,44,8,81.81818182
3260,114.468664,38.037057,809,10,4,60
3261,116.131193,37.905393,755,25,9,64
3262,117.821479,41.673671,701,22,18,18.18181818
3263,117.542157,38.477117,791,10,3,70
3264,115.813964,37.865007,505,7,3,57.14285714
3268,116.73027,39.44595,622,49,14,71.42857143
3269,116.73027,39.44595,168,6,2,66.66666667
3270,118.664147,40.963671,732,108,59,45.37037037
3272,115.818382,38.866844,813,65,44,32.30769231
3273,115.982251,38.041596,776,24,17,29.16666667
3274,114.171204,36.29222,684,1,0,100
3276,114.17444,38.269558,719,1,0,100
3277,119.450936,39.802411,811,11,2,81.81818182
3278,114.95768,36.766382,689,14,2,85.71428571
3280,115.117539,38.379485,806,78,34,56.41025641
3281,118.20546,39.615082,792,2,0,100
3282,119.576813,39.906055,781,9,3,66.66666667
3283,119.421414,39.776323,621,11,1,90.90909091
3284,118.04918,39.227626,780,74,43,41.89189189
3285,115.373872,40.349608,722,1,0,100
3286,118.773574,39.750631,809,6,1,83.33333333
3287,115.991458,38.962979,481,28,11,60.71428571
3288,116.931147,39.743079,294,49,39,20.40816327
3291,114.879227,40.762463,401,68,3,95.58823529
3292,115.76742,38.87054,671,49,27,44.89795918
3293,115.075585,37.518685,722,39,14,64.1025641
3294,116.024029,38.823736,574,17,6,64.70588235
3295,119.223129,39.678461,722,48,8,83.33333333
3296,113.779832,33.877112,708,10,2,80
3297,113.949926,33.93393,719,8,0,100
3298,114.105024,32.089061,624,236,213,9.745762712
3299,113.457855,35.222893,727,1,0,100
3300,113.753602,34.765515,649,12,5,58.33333333
3302,115.06861,36.108471,657,9,6,33.33333333
3303,112.812864,32.673099,623,166,79,52.40963855
3304,111.478756,34.571616,388,3,2,33.33333333
3306,114.574433,33.503413,731,20,6,70
3307,115.421399,32.081175,791,13,5,61.53846154
3310,114.605094,35.134576,775,13,6,53.84615385
3311,113.753602,34.765515,696,18,9,50
3313,114.135423,36.07964,782,1,1,0
3314,113.979279,32.251659,528,27,11,59.25925926
3315,114.868435,32.780629,757,93,31,66.66666667
3316,115.0622929,32.7135129,634,4,2,50
3317,113.778832,34.323191,771,3,1,66.66666667
3319,112.972621,34.060856,424,10,0,100
3320,113.588091,32.977274,776,101,26,74.25742574
3321,114.406066,32.895127,351,13,1,92.30769231
3322,115.051424,32.128443,762,120,69,42.5
3323,114.907187,35.590216,761,65,44,32.30769231
3326,113.250862,33.722364,711,2,0,100
3327,113.753602,34.765515,667,13,9,30.76923077
3328,113.548952,33.27192,657,3,0,100
3330,114.660307,32.167866,740,2,0,100
3332,115.151458,33.203367,734,60,18,70
3333,113.763482,33.606101,788,1,0,100
3334,113.753602,34.765515,766,60,14,76.66666667
3335,113.938979,32.635434,619,4,3,25
3336,114.636783,33.894563,719,7,2,71.42857143
3337,113.899043,33.404611,655,23,10,56.52173913
3338,112.497597,34.878877,539,340,291,14.41176471
3339,114.467138,34.357765,711,4,1,75
3340,114.243256,33.823184,729,35,17,51.42857143
3341,114.035868,32.272325,723,23,1,95.65217391
3342,113.525593,33.308204,706,1,0,100
3345,119.416539,28.467694,767,22,12,45.45454545
3347,120.08912,29.302339,786,76,20,73.68421053
3348,120.407333,30.147737,782,133,99,25.56390977
3350,120.152791,30.267446,680,157,103,34.39490446
3355,120.051391,29.266018,793,30,10,66.66666667
3358,120.070573,30.442504,691,60,38,36.66666667
3363,120.726949,30.225321,755,9,5,44.44444444
3368,119.902583,31.123297,797,2,0,100
3369,121.323929,28.670578,347,1,1,0
3370,119.866868,30.25332,791,24,8,66.66666667
3371,121.68638,28.276705,838,8,2,75
3375,119.671617,29.071266,745,3,0,100
3376,120.238368,29.772181,784,15,6,60
3377,121.532765,29.90894,789,85,40,52.94117647
3378,120.690527,28.363673,711,4,1,75
3379,121.313909,28.401983,808,34,4,88.23529412
3381,121.287508,30.788164,675,146,103,29.45205479
3383,119.931804,29.44436,794,110,1,99.09090909
3384,121.480529,28.691077,718,1,0,100
3385,119.366656,28.722889,648,1,1,0
3386,119.522168,28.440311,733,83,12,85.54216867
3387,119.492445,29.200956,825,2,1,50
3389,121.612773,28.498534,768,43,16,62.79069767
3390,120.991562,29.432919,639,1,1,0
3392,122.099384,30.012424,835,43,28,34.88372093
3393,119.958275,28.401295,797,3,0,100
3395,109.296015,18.309346,772,32,8,75
3397,108.88035,18.435633,754,111,15,86.48648649
3399,110.341344,20.03468,803,1,0,100
3401,108.90976,19.23792,785,1,1,0
3402,110.446856,18.868383,786,8,0,100
3403,110.361185,18.771022,807,309,176,43.0420712
3405,110.478603,18.899736,774,4,3,25
3406,110.90946,19.641482,779,34,11,67.64705882
3407,110.0638,18.517517,757,87,10,88.50574713
3409,109.16614,18.365332,797,15,5,66.66666667
3411,110.753577,19.619,737,241,79,67.21991701
3413,110.372868,20.001319,772,77,12,84.41558442
3414,109.575045,18.272081,750,2,0,100
3415,109.537206,18.299466,772,46,2,95.65217391
3416,110.517393,19.107418,768,28,5,82.14285714
3417,109.899226,18.584272,774,9,1,88.88888889
3420,110.324964,19.146787,694,11,0,100
3429,114.664435,30.932298,597,13,5,61.53846154
3430,111.08413,32.479431,787,4,4,0
3432,113.318907,31.850714,554,5,4,20
3434,113.915926,29.980468,740,8,0,100
3436,114.739996,30.607998,732,21,4,80.95238095
3438,109.816955,29.77652,527,18,6,66.66666667
3439,113.885347,30.926829,627,62,42,32.25806452
3442,112.710238,31.82216,569,4,1,75
3443,113.588349,30.925216,785,4,1,75
3444,112.839824,30.725578,808,165,100,39.39393939
3445,113.329487,29.6665,740,6,1,83.33333333
3446,113.943238,30.691979,578,4,0,100
3447,113.115433,31.57971,521,59,41,30.50847458
3448,113.345876,30.167878,763,3,2,33.33333333
3452,114.571771,30.254048,682,12,4,66.66666667
3455,113.846046,30.205647,683,14,14,0
3457,114.441717,30.479428,821,8,0,100
3458,113.791446,31.062773,710,4,2,50
3460,108.9049,30.287569,686,4,1,75
3462,113.357381,31.706189,797,6,1,83.33333333
3464,114.353979,30.71412,748,40,9,77.5
3467,112.858475,30.415972,809,1,1,0
3469,114.606334,30.328291,803,1,0,100
3470,114.468486,31.265037,733,7,0,100
3474,114.206491,29.936945,659,148,94,36.48648649
3477,114.668405,30.169848,824,1,1,0
3479,112.635912,29.689218,758,1,1,0
3480,112.519313,30.299189,689,224,159,29.01785714
3481,114.772146,30.958605,661,23,16,30.43478261
3482,114.134789,30.300442,684,123,65,47.15447154
3484,113.688546,29.90909,405,12,3,75
3487,115.004703,31.170363,337,1,0,100
3491,115.315117,30.020142,732,27,11,59.25925926
3492,115.346493,31.121516,593,33,16,51.51515152
3493,111.205815,32.653896,603,5,1,80
3496,112.849485,29.310533,785,34,16,52.94117647
3497,113.028626,29.254035,284,2,0,100
3500,113.492368,29.248398,716,8,5,37.5
3501,112.76546,29.457415,634,61,16,73.7704918
3506,113.156194,26.82305,729,12,5,58.33333333
3508,113.14871,29.4497926,790,8,5,37.5
3511,112.515163,29.206544,649,22,2,90.90909091
3513,112.238314,29.590311,480,71,20,71.83098592
3520,113.008048,28.259883,773,22,7,68.18181818
3523,112.150471,28.52605,805,14,0,100
3524,109.609609,27.712051,623,1,0,100
3525,112.812316,28.56049,96,1,1,0
3526,112.885768,27.215471,134,9,0,100
3528,112.98381,28.112444,744,6,6,0
3529,111.421332,27.674002,783,1,0,100
3533,119.307466,33.827571,786,4,1,75
3534,109.782371,25.986252,658,1,1,0
3539,112.4147437,28.6460477,188,1,0,100
3540,112.3110917,29.0557678,206,3,1,66.66666667
3545,112.958736,28.293453,275,24,7,70.83333333
3548,111.06395,30.839666,758,5,3,40
3551,110.032419,27.136894,767,3,1,66.66666667
3553,111.846913,25.072475,253,44,17,61.36363636
3556,112.751951,26.756175,743,8,3,62.5
3572,104.847086,34.144303,545,3,2,33.33333333
3574,103.237716,35.618085,663,4,0,100
3583,102.0513,38.370496,481,13,0,100
3584,107.744589,35.33874,640,4,0,100
3589,117.555685,25.346121,625,68,26,61.76470588
3591,117.3503,23.94656,801,27,14,48.14814815
3593,117.555005,25.107288,755,4,0,100
3595,118.44607,24.951791,779,12,4,66.66666667
3596,117.405013,24.46201,705,13,7,46.15384615
3597,117.518239,24.567778,582,24,3,87.5
3600,118.266127,25.050703,755,9,4,55.55555556
3601,117.19124,26.671964,661,31,0,100
3603,118.393076,25.92585,670,45,22,51.11111111
3608,118.688747,27.647798,738,1,0,100
3610,117.996231,26.548915,751,11,6,45.45454545
3611,117.10368,26.088396,581,45,31,31.11111111
3612,117.444817,26.086997,806,10,0,100
3613,118.383698,25.284037,738,9,1,88.88888889
3615,119.209604,26.057304,725,1,0,100
3619,119.295144,26.100779,667,7,3,57.14285714
3622,119.295144,26.100779,788,3,0,100
3623,119.107921,26.146209,644,1,1,0
3624,118.755979,26.326652,820,112,74,33.92857143
3625,117.150525,25.24576,517,3,1,66.66666667
3632,104.751606,26.315435,608,6,6,0
3638,107.191157,27.576213,654,2,0,100
3645,104.81999,26.594198,612,159,115,27.67295597
3648,107.859702,26.050708,570,6,6,0
3654,104.586066,24.871249,615,1,0,100
3655,107.267217,26.09237,562,1,0,100
3656,122.231353,41.238406,721,71,25,64.78873239
3658,120.862859,40.95209,670,13,5,61.53846154
3659,123.154762,41.330582,735,1,0,100
3662,121.935696,41.5986,841,27,9,66.66666667
3663,124.742974,40.375511,753,33,5,84.84848485
3664,124.083179,42.754086,817,3,0,100
3666,123.196401,41.797545,824,43,9,79.06976744
3669,123.328585,40.234403,676,3,0,100
3670,122.582711,39.471652,770,3,0,100
3671,122.652461,40.549855,779,14,7,50
3672,124.742974,40.375511,810,2,0,100
3673,120.433988,40.210189,754,26,6,76.92307692
3674,120.469041,40.269321,713,19,8,57.89473684
3675,122.951184,42.01371,651,10,3,70
3676,121.908957,41.125026,690,4,1,75
3678,122.117254,39.841474,706,6,2,66.66666667
3679,124.036625,42.243274,752,5,0,100
3681,122.803966,40.923266,641,51,15,70.58823529
3682,120.59247,40.754672,650,1,0,100
3683,125.03679,41.72692,804,4,0,100
3685,123.129198,39.781799,671,1,0,100
3687,123.675436,42.621437,766,47,30,36.17021277
3688,124.130817,41.948698,679,1,0,100
3691,108.13505,31.17634,689,13,4,69.23076923
3693,106.233565,29.967405,803,49,30,38.7755102
3700,105.761294,29.035039,769,3,2,33.33333333
3704,108.674842,30.944318,688,13,6,53.84615385
3705,108.637456,28.653371,652,2,0,100
3706,106.821893,29.708068,718,6,4,33.33333333
3709,107.506786,29.207546,743,13,3,76.92307692
3711,107.797662,29.972779,769,58,11,81.03448276
3720,105.687881,29.54633,677,81,32,60.49382716
3728,107.12328,29.818174,766,17,12,29.41176471
3730,109.124363,29.122363,644,2,2,0
3731,108.609295,30.737812,282,6,5,16.66666667
3733,106.977916,29.808129,760,23,9,60.86956522
3736,108.159455,30.412865,774,18,12,33.33333333
3739,109.597958,34.342738,679,4,2,50
3740,109.10789,34.331984,680,8,6,25
3741,109.439328,33.999268,654,8,0,100
3745,110.750542,38.421699,628,3,0,100
3747,109.029633,34.341042,692,1,0,100
3753,106.710551,34.881673,650,6,2,66.66666667
3754,109.854869,37.993818,634,1,0,100
3760,99.825521,36.980189,634,2,0,100
3761,100.796611,32.90242,604,3,2,33.33333333
3765,128.639537,44.266976,627,2,0,100
3766,129.522687,44.780159,685,2,0,100
3774,126.848283,47.314285,279,1,0,100
3778,126.523186,45.726806,731,13,12,7.692307692
3785,127.499023,50.249585,685,28,28,0
3795,97.879546,23.981819,12,2,0,100
3804,102.688312,24.678912,280,42,1,97.61904762
3812,120.807707,42.441301,201,3,0,100
3816,117.758673,43.174106,168,3,0,100
3820,119.371214,50.308321,423,3,2,33.33333333
3830,127.180088,44.628169,619,23,17,26.08695652
3831,122.961691,44.623803,181,1,0,100
3834,125.029958,43.387278,446,31,22,29.03225806
3845,101.44973,31.80927,127,3,2,33.33333333
3849,107.240246,31.40885,666,1,0,100
3862,117.333968,38.838361,399,49,20,59.18367347
3868,117.075969,39.439892,654,13,6,53.84615385
3869,117.5701,38.770583,458,36,14,61.11111111
3880,121.175962,36.685903,205,43,3,93.02325581
3881,115.768534,35.406527,668,42,6,85.71428571
3882,116.459246,36.866154,632,13,3,76.92307692
3883,117.7168927,34.5519243,608,3,3,0
3885,117.379726,36.272938,531,5,0,100
3886,116.175491,34.868596,662,12,0,100
3887,121.289911,37.535881,419,33,4,87.87878788
3888,118.382936,34.926483,674,56,10,82.14285714
3889,116.580564,36.997097,575,1,0,100
3890,116.210637,35.109899,676,24,5,79.16666667
3893,116.335396,37.569847,665,13,3,76.92307692
3894,118.274968,35.144836,589,141,2,98.58156028
3896,117.073018,37.266821,690,3,0,100
3898,111.825047,35.13497,669,1,1,0
3906,110.797948,37.641851,583,3,0,100
3910,112.742789,22.462587,727,12,3,75
3914,112.007501,22.552676,752,14,8,42.85714286
3917,113.416799,22.184873,776,2,0,100
3918,116.355037,23.115118,784,2,0,100
3925,81.301296,40.506678,305,1,0,100
3926,78.5372,37.445847,295,12,1,91.66666667
3944,118.920997,33.014668,676,31,16,48.38709677
3946,120.254645,32.687943,654,31,21,32.25806452
3967,118.073132,40.842139,758,1,0,100
3969,116.167531,39.437191,518,2,1,50
3975,115.666086,39.320799,440,5,0,100
3979,114.845351,36.951398,249,1,0,100
3982,117.970569,41.12365,567,49,2,95.91836735
3986,115.686356,37.823713,574,2,2,0
3989,111.344163,34.827747,388,3,0,100
3990,112.318621,34.691727,616,1,1,0
3991,114.11387,34.673653,253,2,1,50
3992,113.944923,35.403717,527,6,2,66.66666667
3997,114.197142,35.511776,690,8,2,75
3999,112.264874,34.664817,258,2,1,50
4002,113.870157,35.227856,633,1,0,100
4003,113.234746,33.313765,713,36,1,97.22222222
4012,112.605462,34.721917,574,9,4,55.55555556
4015,112.153882,34.755454,491,10,2,80
4016,115.484812,33.874388,721,10,2,80
4020,120.7132892,30.9232021,184,6,1,83.33333333
4035,113.558856,31.658505,745,36,6,83.33333333
4040,113.312214,30.891566,753,8,4,50
4041,114.68585,31.537412,437,1,1,0
4042,112.468554,32.36496,710,12,9,25
4045,115.418687,30.236456,771,1,0,100
4046,110.777179,32.816347,671,1,0,100
4047,115.437402,29.861698,401,18,8,55.55555556
4048,112.791924,29.933344,521,7,3,57.14285714
4053,113.462786,29.810176,110,11,3,72.72727273
4054,114.411567,30.480375,400,4,1,75
4061,110.789239,32.662319,518,8,2,75
4063,112.607012,32.086108,712,57,14,75.43859649
4065,113.298941,31.724546,690,2,1,50
4069,112.424951,31.45536,692,1,0,100
4071,110.833152,31.736074,515,3,1,66.66666667
4080,112.329403,29.398746,373,4,1,75
4082,111.536969,27.190669,750,2,1,50
4089,116.978429,24.981593,734,1,0,100
4094,107.413232,27.362076,565,49,43,12.24489796
4102,122.926206,41.036863,521,1,0,100
4104,122.475631,39.510908,623,1,0,100
4106,122.282673,41.061356,615,7,3,57.14285714
4109,124.132657,41.307508,475,3,0,100
4111,123.42944,41.835441,701,4,1,75
4112,124.507297,40.223583,533,4,0,100
4118,120.977806,41.039546,638,428,343,19.85981308
4119,122.211445,39.324437,763,25,9,64
4135,105.8508137,28.9994404,689,2,2,0
4153,108.73628,35.00617,651,6,1,83.33333333
4154,107.271763,34.353997,624,2,0,100
4156,109.251996,34.460378,565,17,3,82.35294118
4159,109.485973,34.564536,573,24,10,58.33333333
4160,109.005226,34.45589,561,1,1,0
4162,110.2348456,34.613631,614,18,8,55.55555556
4165,107.952694,33.216619,696,1,0,100
4166,101.930057,36.556856,615,6,2,66.66666667
4171,97.255347,33.011787,455,3,2,33.33333333
4177,126.639504,51.763712,386,3,1,66.66666667
4179,132.633838,46.567284,314,2,0,100
4182,126.299118,45.401432,312,2,1,50
4184,132.585736,45.316643,468,1,0,100
4186,129.5434746,46.3054261,343,120,94,21.66666667
4187,125.0451846,45.4936489,354,1,1,0
4192,127.5357671,50.2386399,296,1,0,100
6193,113.463833,29.821683,220,6,1,83.33333333
6194,103.970525,30.317805,706,3,2,33.33333333
6195,83.171831,41.741893,351,11,0,100
6198,94.566714,35.874223,381,1,0,100
6199,109.462752,35.451425,645,1,0,100
6201,110.631,37.3924,582,2,1,50
6205,122.2336,40.6807,459,22,11,50
6214,117.0059,34.7589,670,27,9,66.66666667
6218,118.1131,33.4816,682,15,3,80
6221,116.5878,33.8744,583,56,16,71.42857143
6223,117.9642,32.7923,662,10,2,80
6224,118.1492,33.1689,667,24,10,58.33333333
6225,118.4555,32.3088,645,34,12,64.70588235
6226,118.2887,32.0978,442,59,20,66.10169492
6227,115.6024,32.4286,674,7,3,57.14285714
6233,116.0853,28.7682,529,10,1,90
6234,116.1894,29.2455,550,3,0,100
6237,116.9886,36.725,558,4,1,75
6238,117.1695,34.8042,653,1,0,100
6242,116.3924,33.8068,592,77,23,70.12987013
6251,112.2989,29.063,657,11,5,54.54545455
6253,113.7508,23.1376,666,38,14,63.15789474
6255,108.1264,22.7836,663,1,0,100
6261,103.891,30.2604,645,5,0,100
6268,102.0548,25.1477,628,91,4,95.6043956
6328,119.9805,31.955,689,41,29,29.26829268
6330,106.8425,26.6586,640,1,0,100
6343,106.5798,25.427,508,1,0,100
6346,117.047,38.6862,510,37,8,78.37837838
6348,103.483,36.1678,360,1,1,0
6350,117.2733,31.6554,582,66,16,75.75757576
6353,118.0472,49.3061,376,40,38,5
6355,121.0616,28.6074,471,1,0,100
6365,111.148,40.2585,464,17,3,82.35294118
6373,127.692,44.3966,399,3,0,100
6382,121.3277,28.6919,458,43,14,67.44186047
6384,118.3338,31.2695,479,7,3,57.14285714
6387,117.7527,30.7703,355,6,2,66.66666667
6389,118.9031,31.1034,447,1,0,100
6395,120.4698,36.2594,466,6,1,83.33333333
6396,116.6297,35.0878,479,61,26,57.37704918
6398,116.6677,35.0394,476,8,0,100
6400,116.5525,35.8937,402,9,5,44.44444444
6419,115.4457,30.6003,472,25,18,28
6425,114.0357,22.5077,378,159,68,57.2327044
6426,110.7946,21.4314,473,5,0,100
6430,113.7525,23.0588,460,227,191,15.85903084
6442,104.2998,29.2443,468,57,31,45.61403509
6448,102.6694,25.0115,475,76,22,71.05263158
6486,110.3065,21.3002,267,4,2,50
6489,108.7942,40.8675,251,2,1,50
