Australia,Europe,the United States,Japan,China
50,66.66666667,100,22.22222222,66.66666667
0,50,86.66666667,72.72727273,0
22.22222222,50,13.84892086,30.86419753,45.94594595
23.15789474,100,37.70491803,80,59.09090909
100,75,50,51.72413793,68.42105263
3.921568627,47.36842105,85.18518519,56.6539924,68.75
15.38461538,87.5,100,38.88888889,100
0,47.05882353,25.53191489,69.6969697,0
23.11015119,70.37037037,12.56038647,47.22222222,50
4.273504274,89.47368421,20,100,43.33333333
100,100,42.16216216,26.89804772,34.375
33.13953488,65.51724138,12.5,38.57142857,0
0.636942675,50,100,85.71428571,73.68421053
7.142857143,96.875,100,85.71428571,100
0,27.65957447,71.42857143,52.17391304,80
0,63.63636364,75,88.23529412,11.36363636
50,53.33333333,100,85.71428571,20
26.82926829,33.33333333,71.42857143,94.11764706,0
50,100,75,96.77419355,0
2.325581395,50,86.36363636,84.7826087,100
100,60,100,81.39534884,100
15.53398058,56.25,74.12140575,33.33333333,33.33333333
100,100,74.46808511,43.18181818,66.66666667
33.33333333,100,100,78.78787879,40
15.38461538,75,0,75,81.81818182
16.66666667,100,100,61.11111111,33.33333333
43.75,100,73.91304348,0,100
11.2244898,100,100,30.64516129,100
8.333333333,40.4494382,100,80,60
2.208835341,41.86046512,55.55555556,52.5862069,70
0,100,71.63667524,68.18181818,54.54545455
0,81.25,16.07142857,90.90909091,66.27906977
75,46.7592593,80.85470085,85.71428571,86.75496689
35.55555556,34.439834,59.48717949,100,100
15.02683363,25.92592593,23.26530612,90,56
0,21.27659574,45.68657478,50,50
27.27272727,19.04761905,25.64655172,80.48780488,100
1.19047619,17.64705882,100,50,100
4.411764706,6.976744186,100,77.27272727,40
7.547169811,40,66.66666667,50,100
6.944444444,16.12903226,85.71428571,50,10.44776119
20,74.69879518,55.17241379,86.16600791,96
0,50,100,50,88.37209302
2.803738318,16.66666667,100,8.333333333,86.66666667
8.064516129,16.63685152,90.32258065,21.31147541,41.95804196
4.494382022,5.555555556,34.69387755,28.57142857,37.5
3.571428571,0.207039337,0,95.65217391,55.55555556
3.496503497,0.373134328,94.11764706,70.83333333,76.47058824
2.608695652,4.918032787,95.65217391,58.06451613,100
0,0,100,46.66666667,75
5.479452055,0.308641975,83.33333333,66.66666667,0
5.208333333,12.40601504,50,100,72.72727273
47.36842105,2.611940299,50,68.42105263,57.14285714
9.677419355,13.04347826,100,80.51948052,78
28.92561983,6.25,72.72727273,12.23021583,33.33333333
13.125,0.857142857,100,54.92957746,60
23.07692308,7.246376812,100,100,59.375
6.818181818,12.96296296,99.89350373,64.58333333,100
9.259259259,14.01515152,34.15398389,59.80066445,73.07692308
9.259259259,13.7829912,70.37037037,24.44444444,31.66666667
6.832298137,14.73214286,44.71865745,8.899297424,49.48453608
4.278074866,37.5,10.20459082,20,42.22222222
7.407407407,0,16.80830973,90,34.7826087
6.748466258,3.296703297,13.04347826,61.89078097,25.71428571
0,1.807228916,7.046070461,34.54545455,56.60377358
10,2.105263158,100,34.14634146,29.50819672
7.692307692,2.564102564,100,56.31067961,100
5.555555556,23.95833333,8.534176215,66.66666667,0
8.333333333,85.71428571,63.04347826,43.58974359,33.33333333
56.09756098,85.71428571,22.22222222,47.09677419,71.60493827
60.32608696,,100,58.2278481,32.9787234
7.96460177,,1.549680948,45.45454545,58.33333333
100,,93.33333333,30.76923077,76.92307692
3.474903475,,86.95652174,88.23529412,76
0.900900901,,100,100,38.33333333
0,,54.54545455,81.25,41.66666667
78.78787879,,100,0,44.73684211
40,,64.93506494,100,62.5
0,,100,58.53658537,71.42857143
7.843137255,,89.47368421,100,16.66666667
2.631578947,,100,93.5483871,35.8490566
53.06122449,,50,100,82.89473684
0,,39.62264151,50,82.22222222
2.380952381,,41.66666667,54.54545455,100
50,,12.5,28,90
0,,100,62.5,52
21.42857143,,4.166666667,100,100
9.090909091,,72,90.90909091,80.35714286
3.448275862,,100,93.93939394,76.19047619
13.63636364,,48.14814815,100,93.75
20,,100,100,77.77777778
25.92592593,,50,100,62.74509804
36.11111111,,77.5,0,88.0952381
0,,40.25974026,75,63.63636364
0,,94.44444444,0,100
21.54182613,,43,85.71428571,86.66666667
0,,80,83.33333333,60
0,,100,100,85.71428571
8.163265306,,25,34.61538462,90.90909091
95,,33.33333333,81.91489362,100
40.81632653,,78.68852459,91.11111111,31.72413793
4.166666667,,100,82.75862069,78.125
50,,75,62.5,39.47368421
0,,63.06306306,71.42857143,78.57142857
74.62686567,,96.66666667,50,60.6741573
0,,71.02473498,11.11111111,76.92307692
30,,31.35435993,100,38.70967742
0,,81.81818182,79.59183673,72.22222222
0,,76,94.87179487,100
0,,57.31707317,66.66666667,100
23.80952381,,82.05128205,70.73170732,51.32275132
50,,74.62686567,91.66666667,50
6.08974359,,0,34.61538462,75
0.846560847,,95.91836735,85,80
14.59459459,,100,70,75
3.879310345,,94.44444444,89.15662651,49.19354839
19.56521739,,83.33333333,100,71.69811321
,,55.98455598,80.76923077,40
,,85.17110266,72.5,72.88135593
,,35.71428571,59.2920354,58.41584158
,,69.62025316,67.74193548,50
,,54.83870968,62.5,85.71428571
,,50,76.47058824,56.47058824
,,57.57575758,40.50632911,30.93922652
,,50,57.8125,58.33333333
,,69.03225806,36.66666667,81.48148148
,,100,100,34.92063492
,,72.72727273,75,51.96078431
,,100,6.12244898,42.59259259
,,100,71.73913043,57.14285714
,,0,,45.98425197
,,100,,66.66666667
,,86.48648649,,100
,,80,,100
,,100,,0
,,100,,0
,,100,,50
,,57.14285714,,100
,,100,,50
,,100,,33.33333333
,,88.88888889,,75
,,85.76576577,,75
,,100,,33.33333333
,,100,,48.31460674
,,83.33333333,,100
,,75,,58.41584158
,,93.93939394,,58.53658537
,,96.15384615,,55.08474576
,,57.40740741,,80
,,100,,91.17647059
,,47.09897611,,74.19354839
,,100,,49.15254237
,,68.18181818,,42.25352113
,,100,,52.30769231
,,100,,100
,,100,,27.27272727
,,5,,100
,,100,,24.44444444
,,83.56164384,,54.12844037
,,4,,42.45283019
,,7.629427793,,53.84615385
,,100,,38
,,100,,44.59459459
,,100,,27.41935484
,,97.43589744,,85.71428571
,,100,,42.69662921
,,83.33333333,,50
,,58.33333333,,100
,,50,,100
,,50,,13
,,90.90909091,,33.33333333
,,83.33333333,,28.84615385
,,62.5,,57.86163522
,,90,,58.62068966
,,48.8372093,,70.3125
,,100,,53.44827586
,,27.15517241,,50.70422535
,,98.11320755,,57.89473684
,,85.71428571,,60.86956522
,,100,,50
,,62.5,,44.85981308
,,0,,100
,,83.67346939,,42.04545455
,,100,,86.66666667
,,61.11111111,,33.33333333
,,30.76923077,,100
,,100,,75
,,100,,100
,,100,,100
,,73.91304348,,67.5
,,100,,100
,,85.71428571,,40
,,90.90909091,,66.66666667
,,84.61538462,,66.66666667
,,71.42857143,,55.55555556
,,75,,0
,,83.33333333,,38.46153846
,,100,,52.68817204
,,50,,23.93162393
,,29.16666667,,61.70212766
,,80,,71.42857143
,,42.85714286,,100
,,100,,100
,,67.14285714,,57.14285714
,,100,,79.74683544
,,14.28571429,,44.18604651
,,25,,64.81481481
,,69.35483871,,70.37037037
,,96,,100
,,100,,23.25581395
,,78.48101266,,27.27272727
,,100,,43.85964912
,,66.66666667,,39.18918919
,,66.66666667,,100
,,100,,70
,,100,,37.73584906
,,100,,100
,,84,,55.55555556
,,89.26829268,,100
,,81.81818182,,48.64864865
,,77.48691099,,27.77777778
,,86.79245283,,100
,,80.44692737,,69.89247312
,,80.65268065,,41.50943396
,,26.76056338,,40.6779661
,,63.19444444,,37.93103448
,,41.17647059,,100
,,33.33333333,,42.85714286
,,39.65517241,,54.54545455
,,76.27118644,,50
,,86.53846154,,57.14285714
,,36.84210526,,33.33333333
,,87.67605634,,100
,,71.42857143,,34.51327434
,,68.38905775,,75
,,65.51724138,,100
,,40,,32.14285714
,,52,,52.94117647
,,43.75,,100
,,76.92307692,,73.68421053
,,100,,33.33333333
,,84.80392157,,21.46118721
,,83.33333333,,25.85034014
,,50,,33.33333333
,,55.17241379,,23.35766423
,,100,,50
,,0,,53.33333333
,,50,,42.7184466
,,59.63302752,,40
,,74.62686567,,100
,,66,,100
,,62.71186441,,100
,,71.15384615,,28.57142857
,,90.59405941,,100
,,94.98127341,,100
,,96.71837709,,0
,,72.22222222,,75
,,90,,61.53846154
,,100,,100
,,0,,80
,,100,,100
,,100,,100
,,100,,100
,,50,,90
,,100,,54.54545455
,,90.90909091,,0
,,100,,62.5
,,53.84615385,,0
,,97.98657718,,27.38095238
,,100,,9.090909091
,,100,,0
,,100,,50.72463768
,,38.0952381,,0
,,44.22442244,,99.6763754
,,100,,100
,,100,,100
,,100,,100
,,25.93582888,,37.5
,,43.75,,100
,,87.5,,40
,,80.31496063,,100
,,100,,98.22222222
,,78.57142857,,37.87878788
,,50.50573163,,50
,,72.52747253,,100
,,75,,100
,,33.33333333,,100
,,98.57142857,,79.43925234
,,96.55172414,,100
,,100,,100
,,100,,68.96551724
,,,,0
,,,,96.72131148
,,,,93.60902256
,,,,100
,,,,100
,,,,100
,,,,100
,,,,85.71428571
,,,,0
,,,,18.96551724
,,,,100
,,,,100
,,,,100
,,,,75
,,,,61.9047619
,,,,97.82608696
,,,,13.95348837
,,,,62.5
,,,,100
,,,,100
,,,,89.65517241
,,,,100
,,,,100
,,,,52.38095238
,,,,75
,,,,96.72131148
,,,,100
,,,,0
,,,,83.33333333
,,,,52.17391304
,,,,75.75757576
,,,,80
,,,,28.08988764
,,,,78.5046729
,,,,100
,,,,100
,,,,100
,,,,66.66666667
,,,,100
,,,,100
,,,,60
,,,,47.5
,,,,42.85714286
,,,,100
,,,,100
,,,,100
,,,,55.55555556
,,,,100
,,,,55.55555556
,,,,57.89473684
,,,,100
,,,,50
,,,,50
,,,,0
,,,,100
,,,,100
,,,,100
,,,,100
,,,,0
,,,,100
,,,,25
,,,,33.33333333
,,,,100
,,,,94.73684211
,,,,33.33333333
,,,,19.04761905
,,,,45
,,,,0
,,,,50
,,,,0
,,,,80.95238095
,,,,100
,,,,66.66666667
,,,,0
,,,,0
,,,,100
,,,,0
,,,,59.09090909
,,,,100
,,,,100
,,,,0
,,,,81.81818182
,,,,83.33333333
,,,,44.44444444
,,,,0
,,,,66.66666667
,,,,71.42857143
,,,,26.66666667
,,,,100
,,,,78.57142857
,,,,62.5
,,,,57.14285714
,,,,81.25
,,,,46.15384615
,,,,0
,,,,52.94117647
,,,,35.76642336
,,,,57.89473684
,,,,81.81818182
,,,,100
,,,,76.31578947
,,,,74.07407407
,,,,55.55555556
,,,,63.41463415
,,,,45.09803922
,,,,80.95238095
,,,,61.40350877
,,,,100
,,,,100
,,,,100
,,,,100
,,,,66.66666667
,,,,39.02439024
,,,,44.44444444
,,,,67.64705882
,,,,93.10344828
,,,,76.92307692
,,,,80
,,,,75
,,,,66.66666667
,,,,60
,,,,65.51724138
,,,,44.73684211
,,,,22.27272727
,,,,57.43243243
,,,,65.45454545
,,,,100
,,,,76.47058824
,,,,54.54545455
,,,,39.70588235
,,,,52.94117647
,,,,0
,,,,46.80851064
,,,,66.66666667
,,,,42.30769231
,,,,100
,,,,66.66666667
,,,,43.47826087
,,,,42.52873563
,,,,53.84615385
,,,,30.98591549
,,,,0
,,,,59.21052632
,,,,100
,,,,33.33333333
,,,,100
,,,,100
,,,,33.49514563
,,,,56.36363636
,,,,61.29032258
,,,,83.33333333
,,,,77.77777778
,,,,71.42857143
,,,,71.42857143
,,,,0
,,,,50
,,,,37.5
,,,,100
,,,,100
,,,,78.94736842
,,,,66.66666667
,,,,45.18518519
,,,,39.52095808
,,,,0
,,,,81.25
,,,,80
,,,,100
,,,,100
,,,,67.44186047
,,,,100
,,,,60
,,,,44.31818182
,,,,50
,,,,57.33333333
,,,,100
,,,,70
,,,,84.61538462
,,,,71.42857143
,,,,50
,,,,29.52380952
,,,,100
,,,,54.66666667
,,,,75
,,,,56.25
,,,,58.33333333
,,,,56.16438356
,,,,62.96296296
,,,,100
,,,,100
,,,,70.96774194
,,,,35.13513514
,,,,33.33333333
,,,,0
,,,,46.22641509
,,,,100
,,,,94.17989418
,,,,33.33333333
,,,,66.66666667
,,,,66.66666667
,,,,81.25
,,,,71.42857143
,,,,86.66666667
,,,,96.26865672
,,,,85.52631579
,,,,100
,,,,72.22222222
,,,,43.33333333
,,,,87.5
,,,,42.04545455
,,,,16.66666667
,,,,44.375
,,,,30.76923077
,,,,63.63636364
,,,,100
,,,,33.33333333
,,,,71.42857143
,,,,100
,,,,100
,,,,100
,,,,100
,,,,78.57142857
,,,,60
,,,,79.59183673
,,,,41.25874126
,,,,73.07692308
,,,,90
,,,,100
,,,,76.47058824
,,,,81.25
,,,,100
,,,,33.33333333
,,,,57.14285714
,,,,100
,,,,100
,,,,50
,,,,88.88888889
,,,,100
,,,,81.81818182
,,,,64.28571429
,,,,71.42857143
,,,,100
,,,,100
,,,,78.94736842
,,,,100
,,,,89.58333333
,,,,67.01030928
,,,,100
,,,,50
,,,,52.38095238
,,,,53.33333333
,,,,100
,,,,64.93506494
,,,,69.76744186
,,,,50
,,,,60
,,,,53.57142857
,,,,63.63636364
,,,,30.76923077
,,,,80
,,,,55.63380282
,,,,75
,,,,58.33333333
,,,,54.83870968
,,,,73.07692308
,,,,54.41860465
,,,,50.66079295
,,,,32.12669683
,,,,35.8974359
,,,,73.91304348
,,,,80
,,,,92.30769231
,,,,23.17073171
,,,,81.25
,,,,40
,,,,100
,,,,50
,,,,100
,,,,100
,,,,38.5620915
,,,,90
,,,,50
,,,,100
,,,,100
,,,,100
,,,,61.58940397
,,,,100
,,,,0
,,,,70.27027027
,,,,44.44444444
,,,,29.85074627
,,,,85.29411765
,,,,70
,,,,58.62068966
,,,,12.5
,,,,42.85714286
,,,,83.33333333
,,,,100
,,,,40
,,,,53.75
,,,,80
,,,,0
,,,,32.65306122
,,,,17.36111111
,,,,57.14285714
,,,,45.28301887
,,,,26.08695652
,,,,29.50819672
,,,,58.82352941
,,,,100
,,,,57.14285714
,,,,52.17391304
,,,,40
,,,,100
,,,,66.66666667
,,,,66.66666667
,,,,39.7260274
,,,,100
,,,,100
,,,,50
,,,,100
,,,,14.28571429
,,,,58.06451613
,,,,88.23529412
,,,,33.96226415
,,,,18.57142857
,,,,71.42857143
,,,,37.77777778
,,,,22.22222222
,,,,100
,,,,24.24242424
,,,,42.98245614
,,,,50
,,,,100
,,,,76.92307692
,,,,50
,,,,40
,,,,33.33333333
,,,,59.13978495
,,,,80
,,,,100
,,,,60
,,,,69.23076923
,,,,22.22222222
,,,,20
,,,,60
,,,,33.33333333
,,,,42.10526316
,,,,43.18181818
,,,,53.33333333
,,,,24.13793103
,,,,33.33333333
,,,,50
,,,,70
,,,,40.22988506
,,,,42.85714286
,,,,34.48275862
,,,,100
,,,,100
,,,,26.08695652
,,,,72.46376812
,,,,50
,,,,0
,,,,50
,,,,100
,,,,100
,,,,100
,,,,0
,,,,75
,,,,100
,,,,100
,,,,100
,,,,100
,,,,64.70588235
,,,,57.14285714
,,,,100
,,,,50
,,,,38.70967742
,,,,100
,,,,100
,,,,87.5
,,,,100
,,,,78.87323944
,,,,0
,,,,66.4
,,,,40
,,,,100
,,,,100
,,,,25.51724138
,,,,81.81818182
,,,,60
,,,,64
,,,,18.18181818
,,,,70
,,,,57.14285714
,,,,71.42857143
,,,,66.66666667
,,,,45.37037037
,,,,32.30769231
,,,,29.16666667
,,,,100
,,,,100
,,,,81.81818182
,,,,85.71428571
,,,,56.41025641
,,,,100
,,,,66.66666667
,,,,90.90909091
,,,,41.89189189
,,,,100
,,,,83.33333333
,,,,60.71428571
,,,,20.40816327
,,,,95.58823529
,,,,44.89795918
,,,,64.1025641
,,,,64.70588235
,,,,83.33333333
,,,,80
,,,,100
,,,,9.745762712
,,,,100
,,,,58.33333333
,,,,33.33333333
,,,,52.40963855
,,,,33.33333333
,,,,70
,,,,61.53846154
,,,,53.84615385
,,,,50
,,,,0
,,,,59.25925926
,,,,66.66666667
,,,,50
,,,,66.66666667
,,,,100
,,,,74.25742574
,,,,92.30769231
,,,,42.5
,,,,32.30769231
,,,,100
,,,,30.76923077
,,,,100
,,,,100
,,,,70
,,,,100
,,,,76.66666667
,,,,25
,,,,71.42857143
,,,,56.52173913
,,,,14.41176471
,,,,75
,,,,51.42857143
,,,,95.65217391
,,,,100
,,,,45.45454545
,,,,73.68421053
,,,,25.56390977
,,,,34.39490446
,,,,66.66666667
,,,,36.66666667
,,,,44.44444444
,,,,100
,,,,0
,,,,66.66666667
,,,,75
,,,,100
,,,,60
,,,,52.94117647
,,,,75
,,,,88.23529412
,,,,29.45205479
,,,,99.09090909
,,,,100
,,,,0
,,,,85.54216867
,,,,50
,,,,62.79069767
,,,,0
,,,,34.88372093
,,,,100
,,,,75
,,,,86.48648649
,,,,100
,,,,0
,,,,100
,,,,43.0420712
,,,,25
,,,,67.64705882
,,,,88.50574713
,,,,66.66666667
,,,,67.21991701
,,,,84.41558442
,,,,100
,,,,95.65217391
,,,,82.14285714
,,,,88.88888889
,,,,100
,,,,61.53846154
,,,,0
,,,,20
,,,,100
,,,,80.95238095
,,,,66.66666667
,,,,32.25806452
,,,,75
,,,,75
,,,,39.39393939
,,,,83.33333333
,,,,100
,,,,30.50847458
,,,,33.33333333
,,,,66.66666667
,,,,0
,,,,100
,,,,50
,,,,75
,,,,83.33333333
,,,,77.5
,,,,0
,,,,100
,,,,100
,,,,36.48648649
,,,,0
,,,,0
,,,,29.01785714
,,,,30.43478261
,,,,47.15447154
,,,,75
,,,,100
,,,,59.25925926
,,,,51.51515152
,,,,80
,,,,52.94117647
,,,,100
,,,,37.5
,,,,73.7704918
,,,,58.33333333
,,,,37.5
,,,,90.90909091
,,,,71.83098592
,,,,68.18181818
,,,,100
,,,,100
,,,,0
,,,,100
,,,,0
,,,,100
,,,,75
,,,,0
,,,,100
,,,,66.66666667
,,,,70.83333333
,,,,40
,,,,66.66666667
,,,,61.36363636
,,,,62.5
,,,,33.33333333
,,,,100
,,,,100
,,,,100
,,,,61.76470588
,,,,48.14814815
,,,,100
,,,,66.66666667
,,,,46.15384615
,,,,87.5
,,,,55.55555556
,,,,100
,,,,51.11111111
,,,,100
,,,,45.45454545
,,,,31.11111111
,,,,100
,,,,88.88888889
,,,,100
,,,,57.14285714
,,,,100
,,,,0
,,,,33.92857143
,,,,66.66666667
,,,,0
,,,,100
,,,,27.67295597
,,,,0
,,,,100
,,,,100
,,,,64.78873239
,,,,61.53846154
,,,,100
,,,,66.66666667
,,,,84.84848485
,,,,100
,,,,79.06976744
,,,,100
,,,,100
,,,,50
,,,,100
,,,,76.92307692
,,,,57.89473684
,,,,70
,,,,75
,,,,66.66666667
,,,,100
,,,,70.58823529
,,,,100
,,,,100
,,,,100
,,,,36.17021277
,,,,100
,,,,69.23076923
,,,,38.7755102
,,,,33.33333333
,,,,53.84615385
,,,,100
,,,,33.33333333
,,,,76.92307692
,,,,81.03448276
,,,,60.49382716
,,,,29.41176471
,,,,0
,,,,16.66666667
,,,,60.86956522
,,,,33.33333333
,,,,50
,,,,25
,,,,100
,,,,100
,,,,100
,,,,66.66666667
,,,,100
,,,,100
,,,,33.33333333
,,,,100
,,,,100
,,,,100
,,,,7.692307692
,,,,0
,,,,100
,,,,97.61904762
,,,,100
,,,,100
,,,,33.33333333
,,,,26.08695652
,,,,100
,,,,29.03225806
,,,,33.33333333
,,,,100
,,,,59.18367347
,,,,53.84615385
,,,,61.11111111
,,,,93.02325581
,,,,85.71428571
,,,,76.92307692
,,,,0
,,,,100
,,,,100
,,,,87.87878788
,,,,82.14285714
,,,,100
,,,,79.16666667
,,,,76.92307692
,,,,98.58156028
,,,,100
,,,,0
,,,,100
,,,,75
,,,,42.85714286
,,,,100
,,,,100
,,,,100
,,,,91.66666667
,,,,48.38709677
,,,,32.25806452
,,,,100
,,,,50
,,,,100
,,,,100
,,,,95.91836735
,,,,0
,,,,100
,,,,0
,,,,50
,,,,66.66666667
,,,,75
,,,,50
,,,,100
,,,,97.22222222
,,,,55.55555556
,,,,80
,,,,80
,,,,83.33333333
,,,,83.33333333
,,,,50
,,,,0
,,,,25
,,,,100
,,,,100
,,,,55.55555556
,,,,57.14285714
,,,,72.72727273
,,,,75
,,,,75
,,,,75.43859649
,,,,50
,,,,100
,,,,66.66666667
,,,,75
,,,,50
,,,,100
,,,,12.24489796
,,,,100
,,,,100
,,,,57.14285714
,,,,100
,,,,75
,,,,100
,,,,19.85981308
,,,,64
,,,,0
,,,,83.33333333
,,,,100
,,,,82.35294118
,,,,58.33333333
,,,,0
,,,,55.55555556
,,,,100
,,,,66.66666667
,,,,33.33333333
,,,,66.66666667
,,,,100
,,,,50
,,,,100
,,,,21.66666667
,,,,0
,,,,100
,,,,83.33333333
,,,,33.33333333
,,,,100
,,,,100
,,,,100
,,,,50
,,,,50
,,,,66.66666667
,,,,80
,,,,71.42857143
,,,,80
,,,,58.33333333
,,,,64.70588235
,,,,66.10169492
,,,,57.14285714
,,,,90
,,,,100
,,,,75
,,,,100
,,,,70.12987013
,,,,54.54545455
,,,,63.15789474
,,,,100
,,,,100
,,,,95.6043956
,,,,29.26829268
,,,,100
,,,,100
,,,,78.37837838
,,,,0
,,,,75.75757576
,,,,5
,,,,100
,,,,82.35294118
,,,,100
,,,,67.44186047
,,,,57.14285714
,,,,66.66666667
,,,,100
,,,,83.33333333
,,,,57.37704918
,,,,100
,,,,44.44444444
,,,,28
,,,,57.2327044
,,,,100
,,,,15.85903084
,,,,45.61403509
,,,,71.05263158
,,,,50
,,,,50
