gauge_id,mean_duration,UPLAND_SKM,ORD_STRA,ele_mt_cav,slp_dg_uav,tmp_dc_uyr,pre_mm_uyr,ari_ix_uav,wet_pc_ug2,for_pc_use,crp_pc_use,urb_pc_use,ppd_pk_uav,rdd_mk_uav,hdi_ix_cav,DO_P25,WT_median,WT_mean,WT_p75,Q_median,Q_p25,daylength_median,daylength_p75,solar_median,solar_p75
1043110332180_,3.727272727,405.3,3,13,75,61,1238,178,9,76,4,8,168.077,270,897,11.2,5.1,6.130453312,8.6,7.882522106,4.609732151,10.59916667,12.99111111,8.14,13.77
1043110332210_,5.919753086,640.1,4,40,131,48,1379,203,0,85,5,11,1680.004,1171,897,10.2,7,8.352865529,14.2,21.41547203,13.44807839,12.26513889,14.36868056,9.865,16.82
11044000,4,1564,5,342,64,156,440,31,0,38,5,12,181.516,1220,951,7.725,19.8,19.46240835,23.725,0.04204436,8.39E-04,12.23638889,13.7,20.27,25.64
11128500,5.659090909,1516,4,182,137,136,607,51,0,81,5,0,9.626,186,951,5.925,16.83333333,17.11048589,19.6,0.001981255,1.56E-04,11.76944444,13.27277778,17.39,22.08
1191000,6.85,77.1,2,37,25,96,1180,117,38,42,8,54,637.858,4932,955,7.4,13.2,12.62700629,20.275,1.464403272,0.332776487,12.41527778,14.38416667,13.1,21.025
14206950,7,139.7,3,53,34,111,1090,112,0,23,3,100,1647.002,9537,928,7.4,12.8,13.32049201,18.35,0.643027425,0.159717217,12.13694444,14.47777778,11.21,19.66
1475548,1,57.9,2,28,15,121,1125,108,0,0,0,100,4041.175,12545,943,7.1,17.075,16.45575133,22.15416667,0.347169995,0.055953983,12.44638889,14.20333333,15.19,21.7
1552046,20,812,4,47,42,87,1013,163,0,0,18,44,1194.798,3257,890,8.166947074,10.8,10.70162514,15.45,9.24853611,4.344344616,11.06833333,15.83652778,6.29,14.635
1584376,20.07142857,3265,5,16,34,83,844,138,0,0,40,4,91.311,676,929,9.153830531,8.5,9.286550103,13,34.15312576,15.922616,10.42194444,13.55375,5.58,10.74
1649500,3.75,198.3,3,31,18,127,1074,96,38,24,4,76,1183.483,5977,953,8.25,15.16666667,14.9850809,22.61666667,1.843130827,0.319142722,12.20805556,14.02152778,14.435,22.01
1656903,2.5,22.1,1,104,11,126,1008,88,0,53,2,99,1378,6431,950,7.4,15.54166667,15.20231444,21.85,0.531555057,0.018322747,12.30305556,14.04805556,14.27,21.31
2110704,15.7327044,150.4,2,2,1,173,1276,95,39,28,18,6,108.537,863,865,4,20,19.6615105,26.2,31.15523529,18.4125061,12.20611111,13.69180556,16.67,22.665
2122518,22.84615385,734.8,4,660,34,121,774,65,0,5,6,1,14.358,206,954,0.73675,19.7045,20.20979167,21.806,0.277522027,0.026492262,12.89708333,13.80173611,20.805,25.1925
213211,19.75,167.2,2,115,65,163,1347,116,0,94,0,24,374.827,1688,954,3.01025,12.888,15.78491135,20.622,0.489857748,0.109602287,11.15972222,13.51131944,12.385,18.025
2145910,3.735294118,7847.2,5,189,47,141,1250,100,0,62,10,10,128.214,1499,865,6.9,24.35,23.36551232,27.8,115.0335808,84.60828972,13.28111111,14.17027778,19.21,24.4425
2168504,14.66666667,6288.4,5,112,23,159,1267,94,0,70,13,6,83.499,980,865,6.475,14.975,14.5619222,16.6,65.14156342,44.14271164,12.37666667,13.82402778,16.73,22.635
2203603,3.714285714,15.4,1,299,18,160,1285,100,0,15,0,100,984.228,8998,921,7.75,17.23333333,16.88764664,22.325,0.91041714,0.112430479,12.16277778,13.68319444,16.61,22.2
2203655,2,76.6,2,272,20,160,1283,99,0,14,0,97,848.853,8457,921,6.725,17.2,16.81652418,22.825,0.936622053,0.123222094,12.05958333,13.62020833,16.34,21.97
2203950,10.875,43.9,2,286,19,157,1316,102,0,24,0,100,1447.215,8711,921,7.475,17.4,16.93095879,22.45,1.217153728,0.332693532,12.3275,13.73555556,16.835,22.27
2207160,2,77.8,2,255,29,157,1317,102,0,41,0,72,628.486,6478,921,6.5,19.6,19.42270624,26.275,0.707921982,0.057871971,12.05444444,13.64555556,16.66,22.16
2266300,23.17777778,321.5,3,34,7,220,1243,81,35,18,9,27,239.496,2193,892,4.675,24.025,23.07839827,26.5,0.963844121,0.304356389,12.11069444,13.28541667,17.4,21.7075
229143,24,3330.1,4,45,80,128,1167,109,0,78,2,14,233.665,1674,952,10.485,15.8,16.14760947,19.4,12.37435246,6.203516483,12.41861111,13.885,15.77,23.06
230240,21.4021978,16.8,1,297,36,133,681,62,0,3,3,56,880.957,2544,952,1.813,17.6,17.01899977,19.2,0.094682615,0.036098191,12.67875,14.19048611,18.24,24.2925
2304000,21.63715847,1702.2,4,21,7,221,1332,87,37,20,15,25,268.371,2351,892,2.225,24.575,23.11902694,26.8,7.406266212,4.322687149,12.21194444,13.38111111,18.21,22.755
233217,19.81818182,8556.6,5,50,17,131,709,67,0,15,9,1,20.291,218,952,10.433,11.2,12.3333852,13,14.18568611,8.048003674,10.88416667,11.91652778,10.415,14.755
2336120,3.833333333,103.4,2,286,20,155,1335,104,0,14,0,100,1492.534,8619,921,7.15,17.65,17.17574468,23.425,1.57320416,0.436128438,12.16305556,13.68305556,16.48,22.1
2336152,15.95121951,28.9,1,314,15,155,1329,103,0,9,0,100,1285.02,8745,921,6.875,17.2,16.76868631,22.55,1.051186919,0.134713899,12.29833333,13.70201389,16.81,22.2075
2336300,1,232.3,3,276,20,156,1325,103,0,8,0,100,1617.395,9514,921,7.175,17.9,17.49807771,23.925,3.948894739,0.891342103,12.09472222,13.63472222,16.61,22.17
2336313,7.657894737,7.7,1,275,22,159,1313,101,0,0,0,100,551.344,8144,921,6.75,17.45,16.98565532,23.25,4.22758007,1.223575771,12.21416667,13.70847222,16.64,22.19
2336360,3.25,95.3,2,282,23,155,1338,104,0,2,0,93,1065.111,7922,921,7.225,17.575,17.04887464,23.4,1.618476629,0.467338309,12.16611111,13.69736111,16.56,22.13
2336526,4.363636364,40.7,2,264,22,159,1311,101,0,0,0,98,1217.095,8547,921,7.4,17.5,16.98122119,23.275,0.748493016,0.065191695,12.18041667,13.69111111,16.61,22.2325
2336728,6,88,2,254,22,159,1302,100,0,13,0,94,835.134,7287,921,7.625,18.2,17.58216792,23.4,0.951625943,0.111866713,12.19666667,13.71069444,16.77,22.25
2344673,12.15384615,62.9,1,274,16,162,1301,98,0,89,16,65,495.693,2573,921,6.45,20.425,20.08868499,27.425,0.796906292,0.183165222,12.06194444,13.60166667,16.49,22.03
2423571,7.642857143,130,1,236,42,163,1438,107,0,34,2,58,548.508,7528,803,7.45,18.325,17.83609174,23.55,1.592486382,0.659814715,12.43888889,13.78638889,17.06,22.84
29033,20.17647059,494.8,3,76,58,73,1036,177,0,0,17,4,54.295,417,929,9.446844802,10.15,10.28750825,14.85,6.822356224,2.70443368,12.49361111,15.4825,8.35,15.08
29044,9.457831325,959.1,4,23,50,89,977,156,0,0,23,50,905.212,3150,890,5.189481114,10.5,11.09605485,15.55,14.01830053,6.654341936,11.63222222,15.19083333,7.39,14.135
3123499,6,20.7,1,149,8,131,1132,96,0,10,2,100,1899.968,8892,826,6.1,28.175,26.84781212,29.22708333,7.32E-04,3.50E-10,12.74694444,13.5225,18.89,21.79
3287590,12.22727273,12.7,1,304,12,125,1164,103,0,0,37,52,475.305,1794,814,4.7,17.6625,15.53858995,22,0.010135639,4.32E-07,12.10444444,13.735,14.22,21.82
3289193,3.25,27.2,2,281,12,126,1159,102,0,0,2,91,1471.101,7661,814,7.4,15,14.97570292,19.25,0.669681787,0.391319692,12.2475,13.99,13.56,20.97
3292475,3.555555556,29.3,1,188,15,128,1152,98,0,20,3,75,729.251,7182,814,7.75,14.4,14.24333725,20.55,0.226465128,0.010850418,12.20597222,13.98333333,14.03,20.86
3292480,3.5,29.3,1,188,15,128,1152,98,0,20,3,75,729.251,7182,814,7.95,14.4,14.17858711,20.5,0.244314596,0.018519353,12.05611111,13.99972222,13.54,20.91
3292500,10.36683417,33.4,1,168,8,130,1147,97,0,8,2,100,1634.753,8806,814,6.2,16.35,15.87752121,22.725,0.477022827,0.230871432,12.00861111,13.83333333,13.62,20.165
3293000,7.631578947,88.8,2,161,9,129,1152,98,0,8,4,99,1091.036,7709,834,7.3,15.525,15.74071143,21.9,0.370678335,0.110114872,12.12583333,13.86861111,13.66,20.83
3293500,9.005509642,88.8,2,161,9,129,1152,98,0,8,4,99,1091.036,7709,834,5.65,15.25,15.45463928,22.175,0.392977536,0.148339868,12.12055556,13.94763889,13.55,20.865
3293510,15.47936508,88.8,2,161,9,129,1152,98,0,8,4,99,1091.036,7709,834,4.375,14.2,14.55900409,21.2,0.997507453,0.574727923,11.41305556,13.29902778,12.35,19.075
3294570,12.90277778,275.5,3,137,18,132,1149,97,0,23,7,75,841.579,5856,814,6.3,13.65,13.57460867,21.3,0.246157631,0.014661716,12.0625,13.895,13.42,20.84
3298135,5.387755102,43.4,1,208,18,128,1169,99,0,26,10,73,582.853,4853,814,7.725,15.25,15.06435422,21.175,0.305007532,0.059122422,12.0675,13.84909722,13.865,20.24
3298200,3.944444444,587.7,3,190,20,126,1171,99,0,21,31,19,173.706,1891,814,7.533333333,14.45,14.64512846,22.65,4.090788841,2.309108138,11.54694444,13.30819444,12.78,19.275
3298300,9.676470588,19.9,1,193,11,130,1170,99,0,2,15,59,658.846,5496,814,6.25,14.3,14.40097173,21.6,0.701384783,0.384382419,12.0775,13.96680556,13.66,20.7175
3301940,7.080508475,44.6,1,179,10,131,1157,98,0,0,8,95,1096.247,6570,814,7.275,15.4,15.61429308,22.725,0.475684494,0.234744556,11.89666667,13.96958333,13.22,20.295
3302030,7.638888889,26,1,176,46,132,1155,99,0,82,16,13,119.234,816,814,6.525,14.825,14.98087449,23.025,1.944380164,0.983211845,11.73888889,13.67611111,13.155,19.8225
3353420,9.367816092,28.2,1,271,2,107,1028,96,0,47,39,30,318.653,3639,921,6.525,13.375,13.15972664,19.725,0.885298193,0.274703756,12.31444444,14.12916667,13.91,20.875
3430200,5.372093023,72.8,2,143,22,144,1231,98,0,22,15,72,626.278,3764,810,6.5,16.9,16.72369873,23,22.33067322,11.54203367,12.20055556,13.83361111,15.13,21.695
3431083,8.142857143,284.3,3,144,29,144,1238,98,0,40,10,63,660.826,4535,810,7.275,16.85,17.09719963,23.8,2.146509647,0.23560138,12.16055556,13.82333333,14.86,21.6275
3431514,2.857142857,33339.1,6,143,64,132,1351,111,0,67,21,3,51.204,532,810,7.5,16.9,17.16566949,24,376.0967255,219.5274582,12.23125,13.86902778,15.345,21.75
38171,6,235778.3,7,138,61,104,1093,101,1,74,23,4,65.995,682,921,6.1,28.175,26.84781212,29.22708333,1324.608765,791.8582764,12.74861111,13.52611111,18.89,21.79
401031281101050_,6.437262357,12802.6,6,8,90,53,1260,176,0,74,11,4,85.208,423,897,8.6,8.6,9.566034012,17.6,326.6028748,213.8250198,12.34888889,14.32527778,10.04,17.08
401031281104010_,14.44444444,1471.5,4,132,128,28,1359,213,1,64,16,1,19.088,140,897,10.4,7.3,8.285905738,14.3,32.19961166,19.2612381,12.22972222,14.49194444,10.48,16.68
401081281107070_,12.41666667,2850.1,4,37,94,45,1552,219,0,51,22,3,39.1,183,897,8.4,9.1,9.181394193,14.5,54.91722488,36.68301487,12.13611111,14.27013889,11.185,16.9875
402011282218040_,1.142857143,1875.1,5,228,61,108,1371,149,0,47,28,14,228.323,1239,895,11.5,5.8,6.334754192,8.5,30.03769684,21.79284859,10.3025,11.21194444,9.16,11.86
402011282218070_,1,2930.8,5,151,66,108,1352,148,0,54,22,13,240.638,1028,895,8.8,12.9,13.22201521,19.8,39.04228592,26.27924919,12.34916667,13.95972222,12.23,18.505
402011282228160_,1.058823529,199.8,3,412,75,102,1394,159,0,54,11,6,91.92,693,895,8.5,13.8,13.42384253,19.6,2.992724657,1.951928854,12.44611111,13.98722222,12.48,18.69
402021282206050_,1.193548387,309.7,3,92,124,97,1427,168,0,81,2,17,1311.491,2551,895,11.7,6.8,7.654586802,9.7,8.765777588,6.639416695,10.59638889,12.13,8.14,12.2
402031282207090_,4.069767442,1295,4,19,58,108,1344,156,0,60,17,11,158.233,2295,895,8,13.8,13.69907769,20.7,29.79056358,20.47101021,12.13027778,13.97388889,11.44,17.17
402041282204090_,5,5531.6,5,48,103,83,1467,179,0,65,10,6,124.175,451,889,9,12.3,12.34197493,18.8,143.6332626,92.94828415,12.30138889,14.09645833,11.49,17.1275
402071282201080_,12.42241379,1456.6,5,9,108,87,1438,181,0,75,3,14,176.914,458,878,7.5,11.2,12.01945479,18.7,64.63172913,40.48130608,12.35694444,14.22388889,10.63,17.21
403011283322030_,10.25,10.7,1,27,10,138,1424,144,0,0,4,44,560.835,5501,896,11.1,6.3,6.988517469,8.7,20.99757385,13.84288025,10.20416667,11.04055556,10.68,13.2
403031283301050_,12,9.4,1,20,0,145,1293,122,0,0,5,100,1266.953,6366,894,7.7,13.5,13.9801482,19.9,2.104919553,1.111174822,11.96277778,13.68201389,11.99,17.0925
403031283301060_,2.181818182,8931.3,6,15,112,108,1504,164,0,56,15,28,387.405,2817,888,7.7,14.9,15.19246185,21.3,152.9283752,95.2112484,12.21277778,13.821875,12.35,17.37
403031283301222_,15.16666667,1265.5,4,17,128,116,1580,169,0,56,19,26,454.05,2651,900,6.6,20.3,19.06500064,25.6,1.663020551,0.867562443,12.78097222,14.05298611,11.685,17.4675
403031283302041_,12.5,12338.6,6,6,100,111,1524,166,0,48,17,33,443.109,3079,896,10.8,7.2,7.78092962,9.6,149.4913788,104.1728134,10.23472222,11.06638889,10.61,13.02
403031283302051_,5.363425926,12523.2,6,7,98,111,1521,165,0,47,17,34,477.12,3126,896,11,6.8,6.425447427,9.7,150.6725769,104.2168655,10.15194444,10.94097222,10.35,12.395
403031283302231_,18.5,73.1,2,14,9,148,1364,136,0,0,2,100,4066.334,7943,893,11.6,7.8,9.159924558,12.1,1.696504474,1.065992832,10.45972222,11.49722222,10.72,13.7
403031283303160_,5.3,12.3,1,36,13,140,1431,149,0,37,85,0,249.807,3487,896,11,9.4,11.01694729,13.4,5.991753578,3.867899776,10.64805556,12.015,11.39,15.54
403031283305030_,1,9.4,1,11,8,149,1371,136,0,0,0,100,4267.397,9360,888,7.4,19.7,18.99175976,23.8,1.427385509,0.733126283,13.05041667,14.19381944,13.82,19.975
403031283305120_,5.105263158,462.7,3,3,2,148,1354,131,0,0,6,99,2800.095,7015,912,5.4,16.8,16.30347481,22.3,10.17344618,5.905864716,11.87194444,13.625,12.495,18.205
403031283305140_,6.519480519,634.5,3,4,2,148,1365,133,0,0,4,99,4039.995,7606,936,4.2,18.4,18.04099515,23.8,12.60688972,7.472467184,12.14638889,13.8175,12.9,18.545
403031283305470_,18.38596491,79,2,10,8,150,1385,138,0,0,0,100,6724.524,11213,934,2,22.8,20.59515366,26.6,3.653287172,2.312812805,13.80194444,14.45493056,14.675,20.3475
403031283306041_,5.632653061,727,3,69,162,101,1720,194,0,74,19,12,347.685,1649,900,7.9,16.4,15.77700885,21.4,11.85726738,6.484699607,12.30805556,13.865625,12.85,18.765
403031283323030_,5.375,1356.7,4,64,114,117,1236,123,0,68,9,23,400.77,3159,901,6.6,17.8,17.06952941,20.6,12.30165911,7.031222105,12.64194444,14.01645833,12.935,18.25
403041283309010_,9.338870432,2533,5,11,99,128,1414,142,0,49,7,49,1797.594,4466,901,5.6,18,17.55572214,22.7,37.27471924,23.01680946,12.15611111,13.86694444,12.71,18.67
403051283310040_,17.71111111,715.4,4,112,202,103,1589,170,0,88,6,13,483.176,1264,936,6.7,16.3,15.11441986,20.8,12.84837246,8.476384163,12.46777778,13.97472222,13.42,19.06
403051283310050_,21.66978923,761.6,4,82,191,106,1583,168,0,83,5,19,756.658,1626,936,7.2,15.3,14.72055916,21.1,13.91767836,9.159784079,12.12569444,13.80861111,12.89,18.625
403051283310100_,17.6,1206,4,23,135,120,1549,160,0,59,5,44,3094.326,4607,926,4.6,22.4,23.30564815,25.8,29.86570168,14.93949509,14.48194444,14.53861111,20.22,23.43
403051283310180_,8.75,156.3,3,101,81,136,1511,147,0,50,9,65,3435.776,5858,936,6.7,17.3,16.78385348,21.1,2.434782028,1.454030067,12.12083333,13.84340278,12.845,18.32
403061283310030_,10.21256606,253.8,3,6,23,151,1494,148,0,3,0,100,8263.519,11404,903,2.4,19.8,19.48022017,24.025,5.854908943,3.200655699,12.23472222,13.81305556,12.91,18.64
403071283310010_,13.63636364,1657.4,4,10,143,112,1677,176,0,73,10,22,893.122,1928,903,6.7,19.4,19.06637718,23,33.14653397,21.16367435,12.18805556,13.89986111,12.745,18.5425
403081283324009_,8.359223301,955.3,4,267,142,99,1571,172,0,74,7,24,413.161,399,902,7.4,15.8,15.04384998,20.6,12.68805122,7.779923439,12.28305556,13.83666667,13.25,17.97
404031284401300_,4.509677419,1216.2,4,-1,76,120,2001,218,0,53,16,31,473.009,559,899,7.9,14.1,13.9533082,20.8,76.50057602,44.31828117,12.32152778,14.02638889,11.035,17.5825
404031284403300_,6.348101266,10291.5,6,19,150,88,1613,187,0,69,14,12,177.923,474,899,9.3,12.2,12.8377683,19.6,347.4830933,247.6644058,12.3425,14.00222222,11.17,18.03
404031284416160_,15.09090909,624.2,4,627,150,88,1445,161,0,68,7,24,222.336,456,907,10.1,14.7,14.39626338,18,9.361384869,6.350890517,12.68847222,14.06270833,12.23,17.8125
404031284416300_,16.51923077,2546.4,5,372,126,82,1417,164,0,75,13,14,178.099,516,907,9.5,14.2,13.19121706,19.9,34.51384163,21.79824877,12.28902778,13.91694444,12.615,17.895
404031284416310_,1.058823529,624.2,4,627,150,88,1445,161,0,68,7,24,222.336,456,907,10.2,13.4,13.34547675,16.9,9.516695023,5.583678007,12.03111111,13.76111111,10.85,16.575
404071284408030_,1,382.9,4,133,201,68,1902,244,0,56,39,8,273.762,447,909,8.8,11.9,12.83468383,18.6,16.09191704,10.30237389,12.2325,13.83805556,11.84,17.32
404101284408300_,24,600.1,4,8,77,128,2371,251,0,54,23,34,288.432,660,909,10.7,6.2,6.39807581,7.4,63.96093178,47.53366947,10.05666667,10.65256944,5.89,7.925
404121284412020_,1,204.8,3,19,132,122,2436,263,0,94,3,4,291.843,456,907,8.5,14.1,13.9724368,18.4,11.53190804,5.386778712,12.25875,13.86972222,11.59,17.565
405011285508040_,5.780487805,848.6,4,18,94,134,2065,218,0,72,7,25,512.277,664,910,8.2,17.1,16.87625728,20.7,23.30940151,13.39978456,12.10708333,13.66291667,12.99,17.67
405061285512050_,1,8.1,1,15,4,158,1801,177,0,0,9,100,1163.302,5298,916,10.8,8.3,8.956092022,10.4,16.36758232,10.44587564,10.33777778,11.16034722,11.16,14.2175
405071285512021_,5,1367.5,4,46,110,125,2084,214,0,90,2,9,322.407,1832,916,8.6,16,15.68774832,21.6,39.73329544,23.55601788,12.28833333,13.75791667,13.67,19.47
405071285512040_,1,1835.2,4,9,100,131,2006,204,0,82,2,18,494.945,2633,916,10.8,8.2,8.680837881,10.5,36.84076309,24.65932989,10.34402778,11.06923611,11.18,14.01
405081285511070_,12.09090909,887.1,4,5,51,145,1891,180,0,42,5,58,1892.979,5747,916,7.3,19.4,19.19481344,24.8,18.71987343,11.08316326,12.50805556,13.88944444,13.07,19.64
405091285502090_,3.333333333,1944.5,4,6,142,123,2211,228,0,79,1,19,369.461,2091,897,8.4,17.1,16.40012572,22.1,60.89340019,38.41383553,12.18777778,13.766875,12.19,18.22
405091285515090_,21,108.6,2,30,61,141,1779,180,0,33,1,61,841.94,4204,903,10.7,8.9,9.291998978,10.1,163.5891113,119.9995575,10.96,11.68055556,8.94,13.08
405091285515170_,23,266.5,3,28,85,137,1825,187,0,49,4,40,402.465,3706,903,10.5,8.2,8.594122024,9.125,277.5682678,180.4957809,11.23888889,11.71416667,11.29,14.09
405111285514021_,1,560.4,4,2,107,138,2044,207,0,76,5,14,368.935,2004,903,8.4,17.3,17.09570384,23.2,17.29795074,10.24973679,12.24944444,13.71833333,13.5,19.54
405131285514021_,2.5,777.3,4,29,181,138,2541,266,0,97,2,3,87.283,968,903,8.4,17.2,17.12534293,21.7,32.0164299,18.12750626,12.24833333,13.74055556,13.45,19.51
406021286614090_,16.19047619,1616.3,4,52,154,133,2131,228,0,79,5,12,156.664,1863,886,10.8,9.2,10.53027715,12.4,54.14075851,33.04637718,10.66777778,11.84125,9.79,13.795
406021286614111_,6.186666667,1721.5,4,65,148,134,2099,224,0,76,5,15,248.278,1918,901,8,17.4,17.40796965,23.3,63.13897705,39.47349167,12.32875,13.75618056,13.355,19.58
406031286607040_,3.644444444,714.7,5,141,58,147,1741,163,0,21,6,65,1400.239,5219,888,6.8,19.5,19.02302871,25.2,17.44871521,10.68836975,12.16194444,13.74777778,13.14,18.95
406031286607060_,3.586206897,969.5,5,71,69,145,1757,167,0,26,6,60,1457.145,4765,909,7.6,18.9,18.61557053,24.4,24.57221794,14.47365212,12.19583333,13.735,13.16,19.06
406031286607070_,12.5,1086,5,13,62,146,1740,166,0,23,6,64,1978.324,5053,909,10.6,10.1,11.7989726,13,23.13981819,13.9047823,10.49333333,10.97069444,10.43,14.985
406041286603170_,4.571428571,117,3,153,132,126,1882,202,2,75,3,17,245.631,2177,913,7.9,15.9,16.83903491,23.2,3.334375381,2.000447989,12.09694444,13.72416667,12.22,18.26
406041286603270_,6.916666667,3388.8,5,83,90,132,1888,198,5,49,8,22,304.825,2321,913,8.2,17.3,17.68983229,24.2,126.2289963,80.73058319,12.26402778,13.80472222,11.65,18.1775
406041286603450_,4.163265306,3584.8,5,86,88,133,1879,196,6,47,8,24,364.497,2397,913,5.6,14.4,16.1238809,24.8,143.8577576,98.35810089,11.26138889,12.55944444,10.09,16.33
406041286603520_,10,395.8,4,93,76,134,1737,175,1,44,8,34,364.119,2819,913,7.3,12.1,12.05964912,12.4,6.335324287,5.042747974,12.61444444,12.77763889,14.97,18.505
406041286606050_,6.820512821,7076.1,6,14,92,134,1834,187,3,55,7,24,582.436,2707,904,7.8,19.2,18.79963746,25,204.7101898,136.990921,12.29972222,13.78722222,13.29,19.33
406041286606060_,1.464285714,7244,6,11,91,135,1828,186,3,54,7,25,664.672,2776,909,7.6,18.4,18.04477455,24.7,246.2512665,166.8925934,12.35055556,13.81569444,13.385,19.41
406041286606190_,17.58064516,7076.1,6,14,92,134,1834,187,3,55,7,24,582.436,2707,904,10.7,8.1,9.201156419,10.3,40.23133087,25.36375141,10.22694444,11.11486111,9.09,11.8
406041286606240_,3.083333333,1168.6,4,18,122,136,1771,179,0,72,4,24,1215.16,3358,904,7.7,18.7,18.38395661,23.5,24.3229599,14.80016613,12.28861111,13.77652778,13.37,19.305
406041286608010_,1.166666667,267.4,4,131,118,140,1628,164,0,61,7,23,837.212,3334,904,8.7,16.4,16.48870966,22.4,4.331899643,2.06166029,12.26027778,13.77944444,13.22,19.2
406041286608040_,5.441717791,367.9,4,10,107,142,1614,162,0,54,6,32,1545.234,4870,908,7.7,16.8,16.71294493,22.3,5.409373999,2.656551242,12.25041667,13.78048611,13.185,19.14
406041286618030_,4.681818182,4076.5,5,211,88,133,1858,193,6,48,8,24,399.852,2392,904,7.9,16.9,17.07971014,24.2,152.1723633,107.2194595,12.25083333,13.81319444,13.12,19.935
406051286611030_,2.028571429,937.6,4,107,140,136,1652,166,0,64,8,14,156.37,1909,899,7.3,17.9,17.06451336,20.6,22.41292953,12.65677834,12.22555556,13.74583333,13.57,19.88
406051286611060_,3.385,1686.2,4,44,106,140,1570,157,0,50,10,24,430.443,2677,899,7.3,17.6,17.38121782,23.9,36.94425011,20.54637432,12.075,13.61513889,13.285,19.6025
406061286611050_,8.563636364,803.4,4,14,162,125,1677,172,0,80,3,16,248.831,1405,899,7.6,16.2,16.01156512,21.9,23.16231441,14.23316431,12.38972222,13.78368056,13.885,20.3125
406101286610020_,6.632850242,1194.4,4,11,157,127,1881,190,0,84,6,6,90.519,452,899,7.9,17.2,16.5982523,22.7,43.04292679,22.68161964,12.29527778,13.80666667,11.89,18.2
407041287705100_,15.11111111,1320.7,4,9,92,130,1856,194,7,73,8,11,151.201,506,894,11.2,6.7,7.349405594,8.9,63.8212738,49.25250053,10.68111111,11.56486111,7.6,11.8
407091287712070_,8.75,1214,4,134,149,113,1925,218,0,97,1,6,436.248,1305,906,8.3,15.2,15.16554713,20.9,25.36708641,16.27460861,12.36,13.82666667,12.91,19.185
408011288805002_,21.53061224,475.1,3,20,130,138,1713,178,0,69,6,26,660.559,513,893,1,24.3,21.29578252,26.7,6.906990051,5.244037747,13.05111111,13.69729167,16.525,20.6925
4087119,6,26.2,1,232,8,83,823,92,37,0,0,100,2234.678,9301,945,8.241666667,10.49166667,10.73988224,18.08333333,0.223122299,0.056185211,12.22902778,14.37951389,13.41,20.955
40871488,4.4,40.7,1,208,10,83,820,93,19,4,1,100,2422.411,10777,945,7.933333333,8.5,9.607001687,15.36666667,1.269623339,0.701112032,12.20305556,14.113125,9.905,16.6375
409003,22.46428571,1546.7,4,95,2,161,443,32,24,12,12,0,4.462,138,954,10.439,10.6,11.63995323,12.325,0.515462518,0.208047532,10.00694444,10.58166667,10.33,12.135
409061289901500_,6.6,1972.9,5,11,107,132,2256,231,0,77,7,13,193.077,1767,893,8.3,18.1,17.74433178,23,46.81075096,29.21009159,12.21777778,13.67944444,12.955,19.1875
4165500,5.5,1881,5,182,7,89,789,83,9,13,20,52,660.563,5570,944,7.2,12,12.20704585,20.2,9.491407394,3.703261495,12.21805556,14.26208333,12.41,19.975
4166500,2.333333333,928.8,3,191,10,89,789,83,20,18,1,77,767.636,7535,944,6.7,12.225,11.87195118,19.525,2.135614157,0.344144166,12.405,14.39833333,13.14,20.42
4168400,6.615384615,294.2,3,196,6,93,795,83,0,6,5,70,872.048,7349,944,6.775,17.275,15.39717068,20.66666667,0.842227757,0.136866797,13.89708333,14.88131944,17.645,22.6575
425003,22.76470588,391770.4,8,108,15,185,588,38,0,18,11,0,1.497,126,954,1.2805,25.6065,22.88799949,28.688,20.10840225,17.61429405,14.06388889,14.0825,32.41,33.58
45301,10.19047619,4.4,1,68,20,113,996,101,0,3,14,100,1884.314,6398,928,5.15,13.35,13.73619247,19,0.543343067,0.066769771,12.405,14.6125,11.88,20.255
50048565,9.076923077,7.9,1,31,17,255,1810,122,0,0,4,100,2397.282,20341,832,6.725,27.2,27.12043301,27.975,0.956493676,0.195116475,12.09888889,12.85611111,19.22,22.19
50048580,10.99550898,7.9,1,31,17,255,1810,122,0,0,4,100,2397.282,20341,832,1.85,28.05,27.99717268,28.775,0.586165845,0.158434376,12.20305556,12.9025,19.27,22.49
5054000,3.5,17403.3,5,275,5,53,560,62,31,23,72,1,12.771,246,941,7.55,9.725,10.85102058,21.25,26.11011219,12.83171749,12.19347222,14.68104167,13,20.4725
5537980,10.65,2199.7,4,191,7,90,905,95,0,22,13,70,963.678,7212,950,7.3,14.225,14.85134348,22.875,0.964631259,0.462575316,12.04055556,14.13444444,11.69,19.9
613,15.20338983,20193.4,6,370,55,73,921,128,0,41,25,7,156.617,1432,955,9.375,11.3,11.34985391,16.8,289.8878784,208.1481628,12.175,14.79722222,9.98,17.63
6711565,6.181818182,8804.2,5,1626,86,28,468,54,6,75,4,5,68.449,581,951,7.575,11.25,11.61894562,18.05,7.304889679,3.857283235,12.07166667,13.94152778,16.57,21.86
6818000,7.571428571,1059606,8,266,32,65,447,45,9,13,32,0,7.464,125,906,7,16.575,15.75931293,24.55,1741.299316,998.7641296,12.90833333,14.33430556,16.04,22.955
6892518,2,154796.8,7,265,11,109,615,52,1,2,61,0,7.391,155,934,7.8,17.25,16.61104209,25.5,131.9004211,64.19920349,12.14472222,13.88722222,14.22,21.62
6893620,7.2,24.7,1,284,22,125,971,87,0,0,8,99,1103.324,10117,906,6.6,13.72916667,13.51050347,21.05,0.860939115,0.234844223,12.34305556,14.07395833,15.005,22.2575
7164500,1.333333333,187152.1,6,215,19,117,551,44,3,12,44,1,13.473,197,809,7.5,17,16.92134856,24.95,123.085968,57.20121002,11.95083333,13.80861111,15.62,22.765
7178200,2,2934.2,4,201,20,150,969,74,0,16,11,8,89.437,1092,809,7.375,18.8,18.15593068,25.55,8.722118378,2.876961231,11.84777778,13.47111111,13.85,21.1
7241000,11.68292683,35351.2,5,393,8,135,504,37,9,1,47,0,4.857,133,809,7.25,17.1,16.67228163,25,5.387342215,2.300226152,12.02263889,13.67520833,15.86,22.635
8048000,5.176,1343,4,196,15,180,832,58,0,6,24,12,185.08,1764,908,7,21.675,20.93596166,28.075,14.32575703,5.47097826,12.24416667,13.70361111,17.26,23.84
8049500,4.8,7934.7,5,149,14,179,823,57,0,10,23,16,201.073,1761,908,7.225,22.15,21.95813842,28.225,10.49686241,4.237555265,12.12791667,13.57611111,17.095,23.48
8052745,7.461538462,112.7,2,172,6,178,980,70,9,0,41,6,105.06,1910,908,7.025,20.4,19.61332784,26.125,0.382197082,0.075454487,12.31513889,13.78104167,17.305,23.7275
8057000,6.25,15804.5,6,138,12,179,870,61,0,8,27,19,234.667,2052,908,7.3,21.4,21.38226687,27.175,41.59868622,19.35059786,11.78513889,13.38305556,15.265,22.1025
8057410,5,16230.1,6,128,12,179,872,62,0,8,26,21,273.371,2291,908,6.75,21.8,21.7430318,27.9,48.54483414,21.05600548,12.36861111,13.68361111,17.29,23.41
8068000,6.166666667,2162.5,4,53,12,196,1132,77,0,71,12,4,65.178,612,908,6.825,22.74166667,22.27565964,27.7,6.306919098,2.928957582,12.23694444,13.49986111,17.07,22.9
8069500,5.537688442,4628,5,27,8,198,1139,78,0,65,14,18,200.355,1609,908,6.7,23.6,22.9697112,29,13.61367702,6.617686391,12.18444444,13.47694444,17.17,23.08
A4260703,23.57142857,759427.8,9,40,18,175,570,40,4,18,13,0,2.587,133,950,7.872026741,18.99083333,18.53294876,22.8396875,298.4831238,227.41436,12.01333333,13.53319444,17.82,25.71
Caversham,13.75,26.1,1,109,19,96,712,102,0,3,42,15,520.136,2959,941,7.1,11.6,11.53457006,13,25.44855309,15.76743507,12.43083333,15.27361111,9.33,16.355
PL15,21.92753623,237.7,2,97,28,93,706,104,0,0,70,1,64.979,685,941,8.981426171,11.625,11.46552819,14.2,1.687816978,1.008866787,12.64972222,15.23861111,10.08,16.1
Thames_Taplow,2,6874.6,5,43,20,95,678,99,0,0,56,13,323.264,1384,941,10.49,10.0225,9.922755944,13.188125,39.21899796,28.62918186,12.75888889,15.36263889,9.9,17.25
