gauge_id,hypoxia_frequency,UPLAND_SKM,ORD_STRA,ele_mt_cav,slp_dg_uav,tmp_dc_uyr,pre_mm_uyr,wet_pc_ug2,for_pc_use,crp_pc_use,urb_pc_use,ppd_pk_uav,hdi_ix_cav,DO_P25,WT_p75,Q_p25,daylength_median,daylength_p75,solar_p75
Viz¨¦zy amont Bullieux,10.45751634,126.6,2,360,68,88,781,0,32,48,16,171.496,930,6.176875,20.095,0.116079954,12.24736111,13.80298611,20.89
10129900,2.78020633,73.7,1,2098,82,53,586,0,51,2,3,33.326,925,6.8,15.625,0.060846688,12.25055556,14.18013889,24.375
Charpassonne le T¨¦l,12.66666667,54.6,1,629,80,92,821,0,12,7,0,67.597,930,7.21,14.85125,0.010359833,10.43666667,11.58138889,12.73
1043110325021_,0.213725956,3357,5,164,104,38,1300,1,64,15,5,104.404,897,9.1,15.5,54.816329,12.44041667,14.50868056,16.7625
1043110332180_,0.716612378,405.3,3,13,75,61,1238,9,76,4,8,168.077,897,11.2,8.6,4.609732151,10.59916667,12.99111111,13.77
1043110332210_,5.882352941,640.1,4,40,131,48,1379,0,85,5,11,1680.004,897,10.2,14.2,13.44807839,12.26513889,14.36868056,16.82
11044000,0.248587571,1564,5,342,64,156,440,0,38,5,12,181.516,951,7.725,23.725,8.39e-4,12.23638889,13.7,25.64
11126400,0.534209986,1298.4,4,284,147,134,625,0,88,4,0,0.996,951,6.5,19.225,0.112398222,12.09805556,13.66833333,23.04
11128500,7.95090715,1516,4,182,137,136,607,0,81,5,0,9.626,951,5.925,19.6,1.56e-4,11.76944444,13.27277778,22.08
11273400,0.414528227,27801.5,5,21,73,132,452,5,43,29,2,47.428,951,7.3,23.925,14.71203709,11.98111111,13.69722222,26.5
11509370,16.28156905,9889.1,6,1306,44,59,599,11,67,4,0,5.611,928,6.75,19.1125,25.66236496,10.24055556,12.82972222,18.565
1191000,1.063100137,77.1,2,37,25,96,1180,38,42,8,54,637.858,955,7.4,20.275,0.332776487,12.41527778,14.38416667,21.025
1363121256010_,0.68212824,711.5,4,6,156,91,1922,0,70,12,5,106.043,892,9.7,18.1,24.60818291,12.48055556,14.20569444,17.82
14151000,0.07423905,488.2,4,272,156,87,1650,0,99,1,0,1.046,928,10.675,12.8,10.93183422,10.25972222,11.81888889,13.73
14202650,16.7562724,187.6,3,73,91,96,1772,0,67,15,0,18.116,928,5.1,17.38125,0.392317355,11.91305556,14.54972222,17.39
14206950,0.566371681,139.7,3,53,34,111,1090,0,23,3,100,1647.002,928,7.4,18.35,0.159717217,12.13694444,14.47777778,19.66
1475548,1.343921808,57.9,2,28,15,121,1125,0,0,0,100,4041.175,943,7.1,22.15416667,0.055953983,12.44638889,14.20333333,21.7
1477050,0.07043907,26711.1,6,6,47,90,1150,19,81,13,17,264.137,950,6.05,24.925,0.263368078,13.24527778,14.45180556,22.7675
1484272,11.23474515,129.9,2,6,6,128,1098,38,62,54,0,52.343,946,5.175,24.325,0.337308966,12.21986111,14.00256944,21.5925
1484525,0.97530608,156.4,3,10,6,129,1103,38,59,35,5,123.075,946,9.05,23.725,0.564561903,11.91138889,13.88388889,21.25
1552046,9.278350515,812,4,47,42,87,1013,0,0,18,44,1194.798,890,8.166947074,15.45,4.344344616,11.06833333,15.83652778,14.635
1552048,47.31543624,881.7,4,33,41,87,988,0,0,18,47,1231.753,890,1.622907794,15.9,5.072615862,10.38319444,15.86388889,14.51
1574000,0.173611111,1331.8,4,117,28,110,1033,0,44,44,7,117.654,943,8.225,23.525,11.03136587,9.363472222,9.490625,8.1125
1584376,12.98299845,3265,5,16,34,83,844,0,0,40,4,91.311,929,9.153830531,13,15.922616,10.42194444,13.55375,10.74
1611500,0.024721879,1740.1,4,302,88,101,957,0,99,10,0,10.058,838,8.2,23.4,4.35299921,12.20861111,14.08208333,19.885
1646000,0.048088483,144.9,2,91,18,125,1020,0,66,1,81,842.327,950,8.35,21.075,0.206472419,12.12944444,13.97402778,21.045
1649500,0.390625,198.3,3,31,18,127,1074,38,24,4,76,1183.483,953,8.25,22.61666667,0.319142722,12.20805556,14.02152778,22.01
1654500,0.08073197,11.5,1,108,18,126,1022,0,65,1,100,1393.749,950,7.75,21.15,0.164759517,12.31638889,14.06916667,21.32
1656903,0.481983016,22.1,1,104,11,126,1008,0,53,2,99,1378,950,7.4,21.85,0.018322747,12.30305556,14.04805556,21.31
204025,15.71428571,130.7,3,173,123,172,1991,0,100,0,0,5.828,954,3.53,21.07525,1.234688669,11.80722222,13.59451389,20.585
2079500,20.57838124,20446.2,6,89,35,134,1113,0,73,16,2,43.375,946,5.05,20.575,118.869545,11.99722222,13.80444444,21.96
2081094,0.91383812,39.7,2,15,6,158,1261,72,85,13,0,25.982,918,6.125,25.75,153.6303253,12.12194444,13.75583333,21.77
2101726,10.83734717,170.4,2,181,14,146,1168,0,74,15,1,38.113,918,4.975,23.825,0.679918051,12.17680556,13.760625,22.0825
2110400,9.870086047,115.7,2,4,2,169,1278,49,64,9,0,26.441,866,5.9,25.575,0.175917946,12.16,13.66361111,22.95
2110500,4.128749579,2946.1,4,-1,3,167,1280,39,62,15,0,24.281,865,4.45,25.6,14.04210615,12.16,13.68361111,23.01
2110701,35.76122673,98,2,0,1,172,1273,38,23,19,2,73.26,865,3.45,25.3,0.041415825,12.25,13.76041667,22.67
2110704,7.903253279,150.4,2,2,1,173,1276,39,28,18,6,108.537,865,4,26.2,18.4125061,12.20611111,13.69180556,22.665
212011,6.25,411.5,3,860,72,118,922,0,82,13,4,36.383,954,10.528,13.767,1.422888637,12.04472222,14.29555556,20.14
212054,3.765690377,203.6,3,945,57,118,888,0,72,7,0,12.423,954,10.4425,8.31025,0.547364324,10.41361111,10.88701389,15.815
212244,49.7382199,59.4,2,297,42,150,1042,0,99,6,0,29.034,954,2.73575,22.238,0.07566868,13.8225,14.31138889,27.9375
212250,0.798934754,1455.3,3,529,118,122,993,0,88,8,1,13.919,954,10.456,12.8,1.703964561,10.40361111,11.18666667,13.9375
2122518,100,734.8,4,660,34,121,774,0,5,6,1,14.358,954,0.73675,21.806,0.026492262,12.89708333,13.80173611,25.1925
2122520,81.25,13.1,1,681,26,130,1030,0,24,2,38,307.58,954,1.69575,21.49375,0.088520423,13.78166667,14.26527778,26.95
212270,0.483091787,4603.8,4,422,61,126,831,0,44,3,1,11.529,954,10.746,11.975,4.305619001,10.23638889,10.76263889,13.275
2122711,37.21864952,1359.4,4,681,33,123,751,0,9,5,2,17.88,954,2.832,20.124,0.152419701,10.85527778,12.95888889,18.9
2122713,94.92900609,349.8,3,728,51,120,801,0,30,2,0,1.353,954,0.56,19.525,0.041225922,13.05333333,14.33847222,27.495
212274,2.127659574,38.4,1,682,46,131,1583,0,67,0,0,6.424,954,10.23475,11.7,1.00398165,10.14361111,11.24395833,11.9775
212378405,2.389894162,12200.6,5,95,37,140,1185,0,50,18,6,85.007,918,5.875,27.15,74.8321228,13.43777778,14.255,23.92
212880025,1.005199307,17767.4,5,76,31,145,1180,0,56,19,7,92.99,918,6.416666667,28.15,95.55935287,13.34,14.18694444,23.92
2129375,0.256574727,18362.5,5,61,30,145,1180,0,57,18,7,91.888,918,6.25,28.65,99.34850883,13.54319444,14.29284722,23.8825
213211,30.28169014,167.2,2,115,65,163,1347,0,94,0,24,374.827,954,3.01025,20.622,0.109602287,11.15972222,13.51131944,18.025
2135000,0.025380711,7114.8,5,7,4,163,1204,43,21,30,1,42.177,865,5.7,25.975,32.90733242,12.17222222,13.66506944,22.24
2138520,0.139082058,1024.8,4,359,106,122,1357,0,97,3,1,29.659,918,6.8,18.6,1.909547776,13.14861111,14.15597222,23.9775
214244102,0.046750818,3819.5,5,278,72,132,1301,0,82,7,4,73.348,918,6.325,25.8,32.83502197,13.31361111,14.21888889,24.32
2145910,2.155172414,7847.2,5,189,47,141,1250,0,62,10,10,128.214,865,6.9,27.8,84.60828972,13.28111111,14.17027778,24.4425
2147310,1.358950328,9880.4,5,141,40,144,1234,0,61,10,17,185.44,865,6.35,28.25,72.47640228,12.86583333,13.96083333,23.58
21474095,0.358262427,518,3,128,18,159,1193,0,96,7,1,22.955,865,6.65,28.4,0.83267352,13.02555556,14.02680556,23.935
2147505,0.788565796,86.4,3,110,30,159,1169,0,98,4,0,4.653,865,6.875,28.2,73.09961319,12.60388889,13.77402778,22.99
215207,6.83202785,4641,4,479,54,123,864,0,66,1,0,1.148,954,10.64,11.9,3.565139353,10.27013889,10.92055556,13.885
2152131,2.473498233,295.3,2,326,84,134,1054,0,92,0,0,7.845,954,10.598,14.90225,0.20355849,11.28277778,12.21861111,18.78
215216,0.068965517,6454.9,4,114,67,129,969,0,75,0,0,1.75,954,10.555,13.175,9.134971619,10.25777778,11.01166667,14.03
215220,0.3125,447.6,3,230,94,145,1594,0,96,0,0,7.228,954,10.624,12.286,0.903979957,10.21222222,10.76902778,13.365
2152201,0.505050505,124.7,2,286,90,142,1744,0,100,0,0,5.05,954,10.473,12.58325,0.785433948,10.88555556,11.61777778,15.81
215233,93.18181818,60.9,1,596,67,135,1545,0,91,1,0,7.021,954,1.9705,20.863,0.019717197,13.56097222,14.12125,25.3975
2168504,1.82088443,6288.4,5,112,23,159,1267,0,70,13,6,83.499,865,6.475,16.6,44.14271164,12.37666667,13.82402778,22.635
2169000,0.036832413,6533.8,5,83,23,159,1264,0,68,12,8,97.098,865,8.3625,17.9,42.6336441,12.18944444,13.68083333,22.25
2171645,0.337502482,36,1,22,6,175,1254,45,47,9,0,61.969,865,7.15,28.25,0.007384623,12.22194444,13.65791667,22.635
2172002,2.472232175,420.2,3,13,3,177,1255,16,32,5,2,36.092,865,6.35,27.1,2.057748616,12.20402778,13.75361111,23.1425
2203603,0.249465431,15.4,1,299,18,160,1285,0,15,0,100,984.228,921,7.75,22.325,0.112430479,12.16277778,13.68319444,22.2
2203655,0.105355575,76.6,2,272,20,160,1283,0,14,0,97,848.853,921,6.725,22.825,0.123222094,12.05958333,13.62020833,21.97
2203873,0.104794341,23.7,1,287,20,158,1299,0,18,0,100,1134.482,921,7.6,21.925,0.02977881,12.15083333,13.69194444,22.21
2203900,0.04587156,266.1,3,257,21,160,1288,0,16,0,94,974.379,921,6.975,23.475,0.707054973,12.31111111,13.75777778,22.24
2203950,0.250626566,43.9,2,286,19,157,1316,0,24,0,100,1447.215,921,7.475,22.45,0.332693532,12.3275,13.73555556,22.27
2207160,0.031094527,77.8,2,255,29,157,1317,0,41,0,72,628.486,921,6.5,26.275,0.057871971,12.05444444,13.64555556,22.16
223209,0.7023705,2813.7,4,54,117,114,876,0,85,0,0,0.793,952,7.873,21.7,1.057388455,13.69416667,14.55715278,27.285
223210,43,499.6,2,102,125,122,845,0,100,0,0,0.576,952,2.0805,15,0.036914233,11.67916667,12.0975,17.835
224203,2.083333333,3902,5,80,168,102,1122,0,99,0,0,0.144,952,10.73375,13.5,9.564359188,11.57472222,12.009375,18.345
225212,0.641025641,1365.6,4,34,129,107,1402,0,87,0,0,2.188,952,10.257,9.9,5.099052668,9.918888889,10.76534722,10.8375
225236,100,1146.4,4,198,146,102,1503,0,96,0,0,0.578,952,1.993,20.3,6.276263237,14.22138889,14.28055556,30.5
225256,8.125,17.3,1,28,4,138,633,0,8,2,0,29.556,952,10.26875,13.5,7.14524579,10.94347222,12.10847222,14.8275
2264000,56.78698526,48,1,32,6,222,1217,38,60,3,38,168.82,892,2.3,25.475,0.113581667,11.91277778,13.225625,21.315
2264051,5.863192182,48,1,32,6,222,1217,38,60,3,38,168.82,892,5.925,29.3,0.067357339,10.88027778,11.55361111,16.805
2264100,19.73504773,48,1,32,6,222,1217,38,60,3,38,168.82,892,4.3,28.275,0.08390332,12.13888889,13.33555556,21.87
226415,34.7826087,153.9,2,131,106,119,1048,0,92,0,0,7.255,952,3.12,21.125,0.6297566,12.30486111,14.10666667,21.4725
2266200,94.26152399,156.9,2,36,7,220,1251,37,4,13,14,133.954,892,1.1,26.4,0.052717731,12.05305556,13.30625,21.5725
2266291,57.96387521,35.7,1,36,6,220,1246,37,0,14,23,249.013,892,1.275,27.775,0.101117993,10.88888889,11.57298611,16.7775
2266300,2.791262136,321.5,3,34,7,220,1243,35,18,9,27,239.496,892,4.675,26.5,0.304356389,12.11069444,13.28541667,21.7075
2266495,75.25492862,470.6,3,30,7,221,1238,36,24,8,27,222.516,892,1.25,26.4,0.038988907,11.9275,13.32888889,21.05
227264,89.88764045,90.8,2,86,53,131,1070,0,8,0,0,46.659,952,1.428,18.2,0.004022485,13.31083333,14.58875,25.06
227270,92.91044776,16.3,1,195,51,129,1129,0,10,2,0,113.034,952,1.102,17.6,0.003161816,13.51694444,14.465625,26.64
227273,89.68253968,503.6,3,5,34,136,1020,0,5,1,2,24.482,952,0.393,23.6,0.024634665,14.00291667,14.63326389,27.1875
229143,3.485254692,3330.1,4,45,80,128,1167,0,78,2,14,233.665,952,10.485,19.4,6.203516483,12.41861111,13.885,23.06
229147,25,2159.1,4,130,100,122,1346,0,96,2,3,42.286,952,3.37775,17.9,3.134061992,11.95833333,12.76125,18.8575
230220,50.27932961,324.9,2,294,40,123,857,0,61,5,4,60.411,952,2.57675,19.2,0.011423528,12.21277778,13.91069444,23.07
230240,76.15803815,16.8,1,297,36,133,681,0,3,3,56,880.957,952,1.813,19.2,0.036098191,12.67875,14.19048611,24.2925
2304000,43.41337907,1702.2,4,21,7,221,1332,37,20,15,25,268.371,892,2.225,26.8,4.322687149,12.21194444,13.38111111,22.755
2313700,2.180094787,1198.3,4,8,1,205,1316,31,61,11,0,12.856,892,4.7,26.3,8.083804131,11.75402778,13.11319444,21.25
232242,3.314917127,736.7,3,311,25,119,831,0,39,5,0,6.732,952,10.40475,12.7,0.302439012,11.73444444,12.23048611,16.7375
2326526,2.025658339,92.3,2,22,11,195,1461,70,100,6,0,10.838,892,5.325,23,0.168527991,12.27777778,13.46972222,22.665
233217,4.564315353,8556.6,5,50,17,131,709,0,15,9,1,20.291,952,10.433,13,8.048003674,10.88416667,11.91652778,14.755
2336120,0.100351229,103.4,2,286,20,155,1335,0,14,0,100,1492.534,921,7.15,23.425,0.436128438,12.16305556,13.68305556,22.1
2336152,1.005025126,28.9,1,314,15,155,1329,0,9,0,100,1285.02,921,6.875,22.55,0.134713899,12.29833333,13.70201389,22.2075
2336300,0.056721497,232.3,3,276,20,156,1325,0,8,0,100,1617.395,921,7.175,23.925,0.891342103,12.09472222,13.63472222,22.17
2336313,1.348747592,7.7,1,275,22,159,1313,0,0,0,100,551.344,921,6.75,23.25,1.223575771,12.21416667,13.70847222,22.19
2336360,0.068965517,95.3,2,282,23,155,1338,0,2,0,93,1065.111,921,7.225,23.4,0.467338309,12.16611111,13.69736111,22.13
2336526,0.32105441,40.7,2,264,22,159,1311,0,0,0,98,1217.095,921,7.4,23.275,0.065191695,12.18041667,13.69111111,22.2325
2336728,0.017343045,88,2,254,22,159,1302,0,13,0,94,835.134,921,7.625,23.4,0.111866713,12.19666667,13.71069444,22.25
2337170,0.035167927,8.9,1,268,24,159,1311,0,100,3,0,41.188,921,7.6,22,78.98099899,12.20583333,13.701875,22.2375
23432415,17.13129496,19407.3,5,68,25,166,1354,0,79,7,14,148.441,921,5.25,27.06666667,145.559227,12.03472222,13.48819444,22.58
2344630,0.991024682,185,3,254,17,161,1310,0,57,12,26,196.723,921,6.725,25.5,0.880505055,12.13416667,13.60729167,22.045
2344673,1.044992743,62.9,1,274,16,162,1301,0,89,16,65,495.693,921,6.45,27.425,0.183165222,12.06194444,13.60166667,22.03
2357150,0.598578376,1527.8,4,39,6,192,1350,7,11,59,0,10.232,921,6.5,23.95,4.474381924,12.27916667,13.65027778,21.96
2358000,0.042517007,44606.1,6,35,18,175,1314,2,59,22,8,85.336,892,7.025,27.975,317.110466,12.20916667,13.64458333,21.9675
2359170,0.911161731,49882.4,6,12,17,177,1331,5,59,21,7,78.376,892,5.4,28,351.6599274,12.2675,13.59930556,23.09
2394682,0.10295127,19,1,264,24,154,1337,0,71,31,0,59.504,921,7.9,21.775,0.231960721,12.38402778,13.87395833,22.5925
2423571,2.620087336,130,1,236,42,163,1438,0,34,2,58,548.508,803,7.45,23.55,0.659814715,12.43888889,13.78638889,22.84
29033,3.366336634,494.8,3,76,58,73,1036,0,0,17,4,54.295,929,9.446844802,14.85,2.70443368,12.49361111,15.4825,15.08
29040,8.9958159,1939.2,4,7,32,89,732,0,2,53,2,51.148,918,9.219014904,14.15,7.02941072,11.23416667,14.52451389,12.9925
29041,11.0974106,1974.1,5,9,43,88,959,0,0,22,48,1041.222,929,5.864488766,15.25,12.98152113,10.96333333,14.535833330000001,12.97
29043,7.469879518,8114.4,5,12,24,92,749,0,1,39,27,691.911,895,7.627703233,15.85,33.0585146,11.21472222,14.87166667,13.48
29044,10.50632911,959.1,4,23,50,89,977,0,0,23,50,905.212,890,5.189481114,15.55,6.654341936,11.63222222,15.19083333,14.135
3099500,0.106723586,2731.3,4,327,13,94,959,0,52,23,15,176.122,925,7.05,21.525,9.969177723,12.75083333,14.75361111,20.775
3123499,2.469135802,20.7,1,149,8,131,1132,0,10,2,100,1899.968,826,6.1,29.22708333,3.5e-10,12.74694444,13.5225,21.79
3219500,1.282051282,1662,3,278,4,98,922,0,1,76,2,44.359,925,6,22.7,2.152095199,13.39458333,14.57,22.66
3254520,1.472556894,9293.7,5,204,45,120,1149,0,61,39,1,23.726,814,7.4,23.45,26.36360693,12.10930556,13.98354167,20.85
3284533,15.18987342,52.1,2,296,13,126,1172,0,6,32,49,619.71,814,5.6,22.675,7.36e-4,11.895,13.65222222,22.08
3287590,20.44989775,12.7,1,304,12,125,1164,0,0,37,52,475.305,814,4.7,22,4.32e-7,12.10444444,13.735,21.82
3289193,0.530785563,27.2,2,281,12,126,1159,0,0,2,91,1471.101,814,7.4,19.25,0.391319692,12.2475,13.99,20.97
3289200,1.319261214,96.2,2,273,13,126,1152,0,5,26,65,934.619,814,6.725,22.275,0.157233894,12.33972222,13.93555556,21.14
3290500,0.196947317,211.6,2,220,31,123,1158,0,75,28,0,11.463,814,7.6,24.2,69.37585068,11.36583333,13.59958333,19.2275
3292470,0.078595756,177.3,2,210,22,124,1160,0,17,33,4,85.347,820,7.625,22.4,0.196776036,11.83388889,13.72895833,20.095
3292474,1.81547619,18.2,1,206,10,127,1160,0,8,4,95,774.934,814,7.4,20.275,0.060387151,12.05152778,13.85430556,20.6075
3292475,0.2596054,29.3,1,188,15,128,1152,0,20,3,75,729.251,814,7.75,20.55,0.010850418,12.20597222,13.98333333,20.86
3292480,0.117647059,29.3,1,188,15,128,1152,0,20,3,75,729.251,814,7.95,20.5,0.018519353,12.05611111,13.99972222,20.91
3292500,6.834975369,33.4,1,168,8,130,1147,0,8,2,100,1634.753,814,6.2,22.725,0.230871432,12.00861111,13.83333333,20.165
3293000,0.690131125,88.8,2,161,9,129,1152,0,8,4,99,1091.036,834,7.3,21.9,0.110114872,12.12583333,13.86861111,20.83
3293500,16.29245826,88.8,2,161,9,129,1152,0,8,4,99,1091.036,834,5.65,22.175,0.148339868,12.12055556,13.94763889,20.865
3293510,20.40893601,88.8,2,161,9,129,1152,0,8,4,99,1091.036,834,4.375,21.2,0.574727923,11.41305556,13.29902778,19.075
3293530,0.589812332,235021.7,7,145,61,104,1093,1,74,23,4,64.961,921,6.4,20.875,1491.263763,12.20125,13.96416667,21.12
3294570,3.495311168,275.5,3,137,18,132,1149,0,23,7,75,841.579,814,6.3,21.3,0.014661716,12.0625,13.895,20.84
3297800,1.034208433,31.6,2,163,28,132,1198,0,13,19,0,51.434,814,7.85,20.75,0.188122496,12.09069444,13.95729167,21.25
3297900,2.429296592,247.8,3,217,17,124,1167,0,4,39,16,156.417,814,6.35,21.4,0.924493954,12.12944444,13.84909722,20.38
3298000,0.026226069,13.7,1,219,20,126,1176,0,21,35,0,41.978,814,7.525,23.3,0.961695552,12.12722222,13.93486111,20.74
3298135,1.453143535,43.4,1,208,18,128,1169,0,26,10,73,582.853,814,7.725,21.175,0.059122422,12.0675,13.84909722,20.24
3298150,0.155925156,43.4,1,208,18,128,1169,0,26,10,73,582.853,814,7.75,22.35,0.071723819,12.08972222,13.9225,20.75
3298200,0.587467363,587.7,3,190,20,126,1171,0,21,31,19,173.706,814,7.533333333,22.65,2.309108138,11.54694444,13.30819444,19.275
3298250,1.021856372,33.9,1,203,14,130,1173,0,14,17,61,629.643,814,7.55,21,0.378774822,12.1525,13.90055556,21.16
3298300,7.939914163,19.9,1,193,11,130,1170,0,2,15,59,658.846,814,6.25,21.6,0.384382419,12.0775,13.96680556,20.7175
3301940,7.17990718,44.6,1,179,10,131,1157,0,0,8,95,1096.247,814,7.275,22.725,0.234744556,11.89666667,13.96958333,20.295
3302000,1.886156955,256.4,3,166,16,132,1149,0,18,6,78,874.587,814,6.525,24.625,0.770906091,11.80222222,13.87,20.38
3302030,2.124226943,26,1,176,46,132,1155,0,82,16,13,119.234,814,6.525,23.025,0.983211845,11.73888889,13.67611111,19.8225
3302050,7.530364372,26,1,176,46,132,1155,0,82,16,13,119.234,814,5.75,20.725,1.060578912,12.08263889,13.89048611,20.665
3321500,0.866141732,23713,6,116,26,135,1277,5,36,43,1,27.545,821,6.625,25.2,105.2861595,12.13652778,13.85368056,21.3075
3353415,6.824146982,28.2,1,271,2,107,1028,0,47,39,30,318.653,921,6.05,19.775,0.204453163,12.56166667,14.22388889,21.25
3353420,10.11089367,28.2,1,271,2,107,1028,0,47,39,30,318.653,921,6.525,19.725,0.274703756,12.31444444,14.12916667,20.875
3378500,0.102669405,75663.6,7,122,9,110,1029,2,20,64,4,56.592,921,8.35,24.675,228.031662,11.965,13.77298611,19.8475
3400800,0.696202532,153.1,2,478,141,117,1299,0,100,2,0,7.793,841,7.4,22.6,0.092093576,13.58444444,14.37208333,23.565
3414000,0.893655049,14915.4,6,218,84,125,1314,0,79,15,1,25.36,814,6.2,14.1,85.80792618,11.97972222,13.60736111,21.705
3417500,0.036101083,18810.9,6,186,79,127,1324,0,79,15,0,22.495,810,8.4,16.4,101.7047482,13.33458333,14.24777778,23.51
3418420,0.564174894,20908,6,192,78,128,1330,0,78,17,0,23,810,7.8,20.5,110.0528336,13.4775,14.30354167,24.15
3430200,1.964254114,72.8,2,143,22,144,1231,0,22,15,72,626.278,810,6.5,23,11.54203367,12.20055556,13.83361111,21.695
3431083,0.168123739,284.3,3,144,29,144,1238,0,40,10,63,660.826,810,7.275,23.8,0.23560138,12.16055556,13.82333333,21.6275
3431514,0.142959257,33339.1,6,143,64,132,1351,0,67,21,3,51.204,810,7.5,24,219.5274582,12.23125,13.86902778,21.75
343233905,0.030721966,465.1,3,204,31,142,1317,0,26,39,4,52.653,810,7.15,23.1,1.220118642,12.01138889,13.74125,21.85
3612600,0.043859649,12,1,99,5,141,1213,0,0,62,0,0.68,869,7,25.375,3052.087646,11.69083333,13.20666667,20
37531,0.870574579,3153.4,4,423,3,128,772,4,9,84,1,20.018,934,6.8,23.85,0.414217696,11.47166667,12.76791667,19.4725
38171,2.469135802,235778.3,7,138,61,104,1093,1,74,23,4,65.995,921,6.1,29.22708333,791.8582764,12.74861111,13.52611111,21.79
401011281104040_,1.48185999,2912.2,5,104,95,46,1216,1,84,3,1,22.362,897,9.7,16.5,43.81476212,12.26666667,14.52111111,16.21
401031281101050_,11.64231961,12802.6,6,8,90,53,1260,0,74,11,4,85.208,897,8.6,17.6,213.8250198,12.34888889,14.32527778,17.08
401031281104010_,0.971397733,1471.5,4,132,128,28,1359,1,64,16,1,19.088,897,10.4,14.3,19.2612381,12.22972222,14.49194444,16.68
401061281105020_,2.473763118,1230,4,8,120,57,1293,0,95,3,0,8.528,897,9.7,17.3,17.98624706,12.22652778,14.30402778,16.7875
401081281107070_,2.863961814,2850.1,4,37,94,45,1552,0,51,22,3,39.1,897,8.4,14.5,36.68301487,12.13611111,14.27013889,16.9875
401081281107090_,0.238435861,8243.7,6,12,90,46,1340,0,62,19,2,38.473,897,9.3,15.4,104.3165436,12.13694444,14.31861111,17.08
401101281108051_,15.36666667,8.2,1,70,62,61,831,0,87,35,0,106.678,897,8,19.1,12.23942947,12.29763889,14.45604167,16.55
402011282206020_,2.677888294,4148.3,5,156,79,107,1355,0,61,17,14,255.02,895,8.7,21.2,47.69096756,12.35944444,13.98805556,17.5075
402011282218040_,0.596760443,1875.1,5,228,61,108,1371,0,47,28,14,228.323,895,11.5,8.5,21.79284859,10.3025,11.21194444,11.86
402011282218070_,0.198356475,2930.8,5,151,66,108,1352,0,54,22,13,240.638,895,8.8,19.8,26.27924919,12.34916667,13.95972222,18.505
402011282218090_,0.887345679,4089.9,5,149,78,107,1356,0,60,17,14,257.707,895,8.2,20.4,48.33202553,12.13416667,14.03388889,17.16
402011282228040_,0.493468795,199.8,3,412,75,102,1394,0,54,11,6,91.92,895,9.1,18.9,1.936480045,12.51722222,13.98277778,18.7
402011282228070_,0.198356475,4.6,1,391,58,110,1310,0,0,20,0,309.755,895,8.8,19.8,1.940077305,12.34638889,13.93708333,18.505
402011282228160_,0.462082088,199.8,3,412,75,102,1394,0,54,11,6,91.92,895,8.5,19.6,1.951928854,12.44611111,13.98722222,18.69
402021282206050_,2.867715079,309.7,3,92,124,97,1427,0,81,2,17,1311.491,895,11.7,9.7,6.639416695,10.59638889,12.13,12.2
402031282207080_,1.63410302,789,4,22,67,103,1400,0,65,16,10,95.176,895,9.3,19.4,13.18030119,12.06638889,13.95263889,17.205
402031282207090_,1.462087725,1295,4,19,58,108,1344,0,60,17,11,158.233,895,8,20.7,20.47101021,12.13027778,13.97388889,17.17
402041282204010_,0.239616613,1076.9,5,225,86,75,1469,0,86,4,3,121.675,889,10,16.4,14.68111444,12.20777778,14.10048611,16.69
402041282204050_,0.872669576,2634.4,5,121,94,80,1467,0,72,7,8,167.352,889,9.2,18.2,41.33529568,12.47527778,14.20527778,17.48
402041282204090_,0.541338583,5531.6,5,48,103,83,1467,0,65,10,6,124.175,889,9,18.8,92.94828415,12.30138889,14.09645833,17.1275
402041282204110_,1.56555773,7098.5,5,118,98,85,1450,0,60,11,7,122.872,889,9.2,19,124.9507675,12.11722222,14.01083333,17.78
402041282207090_,1.205626256,10016.4,5,4,89,90,1415,0,56,13,7,125.696,895,8.6,20.1,31.96204424,12.16055556,14.01256944,17.28
402041282220220_,0.31152648,1076.9,5,225,86,75,1469,0,86,4,3,121.675,889,11.2,10.8,11.46877027,11.14263889,13.09333333,14.9775
402051282201010_,1.525590551,1873.1,4,89,103,82,1379,0,85,3,3,57.885,878,9.2,18.4,28.08848667,12.43847222,14.26284722,16.8225
402071282201010_,0.486618005,19.2,1,285,128,93,1427,0,75,1,6,348.188,878,9.1,18.5,10.82577848,13.18611111,14.5475,18.875
402071282201080_,2.159746788,1456.6,5,9,108,87,1438,0,75,3,14,176.914,878,7.5,18.7,40.48130608,12.35694444,14.22388889,17.21
402081282211040_,1.985559567,3750.2,5,83,129,87,1538,0,92,2,3,46.671,885,9.9,17.4,99.93135262,11.99472222,13.96395833,16.5725
402091282209020_,0.469283276,4026.2,5,23,110,92,1669,0,71,10,4,85.59,885,9.2,19.8,115.0380363,12.45569444,14.21902778,16.79
402101282209020_,0.266260936,863.6,4,12,103,96,1835,0,86,4,0,71.897,885,9.3,18.7,30.42672348,12.32694444,14.15055556,16.89
402111282214070_,0.201775626,3516.1,5,84,123,96,1596,0,68,9,11,192.352,892,9.2,18,85.00365448,12.19444444,13.93770833,16.25
402111282216010_,0.340483487,36.9,2,96,106,102,1744,0,97,0,0,51.457,892,9.3,20,103.210434,12.31638889,14.01833333,17.34
403011283322030_,0.226628895,10.7,1,27,10,138,1424,0,0,4,44,560.835,896,11.1,8.7,13.84288025,10.20416667,11.04055556,13.2
403021283322090_,0.800156128,2496.5,5,34,77,113,1528,0,52,33,9,158.276,896,8.4,20.7,25.45155811,12.17777778,13.83256944,18.5625
403031283301050_,1.9524618,9.4,1,20,0,145,1293,0,0,5,100,1266.953,894,7.7,19.9,1.111174822,11.96277778,13.68201389,17.0925
403031283301060_,1.549295775,8931.3,6,15,112,108,1504,0,56,15,28,387.405,888,7.7,21.3,95.2112484,12.21277778,13.821875,17.37
403031283301222_,0.917431193,1265.5,4,17,128,116,1580,0,56,19,26,454.05,900,6.6,25.6,0.867562443,12.78097222,14.05298611,17.4675
403031283302041_,0.166251039,12338.6,6,6,100,111,1524,0,48,17,33,443.109,896,10.8,9.6,104.1728134,10.23472222,11.06638889,13.02
403031283302051_,48.51390221,12523.2,6,7,98,111,1521,0,47,17,34,477.12,896,11,9.7,104.2168655,10.15194444,10.94097222,12.395
403031283302091_,7.317073171,37.2,2,11,24,145,1471,0,14,50,20,376.008,893,11,9.125,0.35631822,10.68277778,11.92513889,14.1575
403031283302231_,1.248699272,73.1,2,14,9,148,1364,0,0,2,100,4066.334,893,11.6,12.1,1.065992832,10.45972222,11.49722222,13.7
403031283303010_,2.773988176,262.8,3,11,53,135,1344,6,35,23,21,441.484,896,11.2,11.9,1.595512092,10.34888889,11.47548611,14.1325
403031283303071_,0.612423447,84.4,2,2,8,141,1348,23,4,45,31,396.068,896,10.9,10.7,8.163015604,10.24611111,11.32631944,13.42
403031283303091_,2.754491018,21.4,1,0,0,144,1421,57,0,41,36,241.964,896,10.8,9.8,16.40445709,10.34694444,11.305,12.69
403031283303100_,0.871776244,1459.4,4,3,27,138,1349,11,17,35,36,477.513,896,7.8,23.6,16.46840477,12.11833333,13.83916667,18.38
403031283303160_,1.670258621,12.3,1,36,13,140,1431,0,37,85,0,249.807,896,11,13.4,3.867899776,10.64805556,12.015,15.54
403031283303181_,1.117734724,321.7,3,4,12,140,1400,0,6,57,22,280.245,896,11.1,11.6,4.42092824,10.63277778,12.01875,15.985
403031283303191_,0.462962963,5,1,29,22,144,1478,0,0,36,72,718.487,896,10.8,10.5,4.561619759,10.42638889,11.54611111,13.3375
403031283305030_,0.154083205,9.4,1,11,8,149,1371,0,0,0,100,4267.397,888,7.4,23.8,0.733126283,13.05041667,14.19381944,19.975
403031283305120_,0.88619403,462.7,3,3,2,148,1354,0,0,6,99,2800.095,912,5.4,22.3,5.905864716,11.87194444,13.625,18.205
403031283305140_,4.308897594,634.5,3,4,2,148,1365,0,0,4,99,4039.995,936,4.2,23.8,7.472467184,12.14638889,13.8175,18.545
403031283305470_,98.58156028,79,2,10,8,150,1385,0,0,0,100,6724.524,934,2,26.6,2.312812805,13.80194444,14.45493056,20.3475
403031283306041_,2.564102564,727,3,69,162,101,1720,0,74,19,12,347.685,900,7.9,21.4,6.484699607,12.30805556,13.865625,18.765
403031283307130_,0.191204589,602.6,4,25,18,135,1386,0,18,49,41,410.78,896,7.4,22.1,4.606760383,12.23652778,13.87986111,17.5375
403031283323030_,2.42669363,1356.7,4,64,114,117,1236,0,68,9,23,400.77,901,6.6,20.6,7.031222105,12.64194444,14.01645833,18.25
403041283309010_,11.60817586,2533,5,11,99,128,1414,0,49,7,49,1797.594,901,5.6,22.7,23.01680946,12.15611111,13.86694444,18.67
403051283310040_,2.654867257,715.4,4,112,202,103,1589,0,88,6,13,483.176,936,6.7,20.8,8.476384163,12.46777778,13.97472222,19.06
403051283310050_,17.89606035,761.6,4,82,191,106,1583,0,83,5,19,756.658,936,7.2,21.1,9.159784079,12.12569444,13.80861111,18.625
403051283310100_,22.22222222,1206,4,23,135,120,1549,0,59,5,44,3094.326,926,4.6,25.8,14.93949509,14.48194444,14.53861111,23.43
403051283310180_,2.642007926,156.3,3,101,81,136,1511,0,50,9,65,3435.776,936,6.7,21.1,1.454030067,12.12083333,13.84340278,18.32
403061283310030_,71.64493058,253.8,3,6,23,151,1494,0,3,0,100,8263.519,903,2.4,24.025,3.200655699,12.23472222,13.81305556,18.64
403071283310010_,3.266033254,1657.4,4,10,143,112,1677,0,73,10,22,893.122,903,6.7,23,21.16367435,12.18805556,13.89986111,18.5425
403081283324004_,3.897338403,2179.5,5,322,146,95,1579,0,74,10,18,277.899,902,7.3,21,21.02941942,12.12069444,13.72583333,17.93
403081283324009_,10.08814887,955.3,4,267,142,99,1571,0,74,7,24,413.161,902,7.4,20.6,7.779923439,12.28305556,13.83666667,17.97
404021284402300_,1.546391753,7473.6,6,2,154,91,1709,1,76,11,4,67.795,899,9,17.9,207.3520775,12.14916667,13.88770833,17.09
404021284415300_,2.408894379,958,4,181,154,86,1636,0,92,4,3,66.956,895,8.3,18.7,17.47698784,12.15805556,13.89951389,17.3875
404031284401300_,3.292268479,1216.2,4,-1,76,120,2001,0,53,16,31,473.009,899,7.9,20.8,44.31828117,12.32152778,14.02638889,17.5825
404031284403300_,4.085854668,10291.5,6,19,150,88,1613,0,69,14,12,177.923,899,9.3,19.6,247.6644058,12.3425,14.00222222,18.03
404031284416160_,6.30733945,624.2,4,627,150,88,1445,0,68,7,24,222.336,907,10.1,18,6.350890517,12.68847222,14.06270833,17.8125
404031284416300_,4.500865551,2546.4,5,372,126,82,1417,0,75,13,14,178.099,907,9.5,19.9,21.79824877,12.28902778,13.91694444,17.895
404031284416310_,0.803782506,624.2,4,627,150,88,1445,0,68,7,24,222.336,907,10.2,16.9,5.583678007,12.03111111,13.76111111,16.575
404071284408030_,0.381315539,382.9,4,133,201,68,1902,0,56,39,8,273.762,909,8.8,18.6,10.30237389,12.2325,13.83805556,17.32
404081284408040_,1.208915754,2756.4,5,4,169,89,1952,0,85,10,9,116.565,909,8.5,18.3,79.18717575,12.21388889,13.90444444,17.24
404101284408300_,0.578703704,600.1,4,8,77,128,2371,0,54,23,34,288.432,909,10.7,7.4,47.53366947,10.05666667,10.65256944,7.925
404121284412020_,0.280898876,204.8,3,19,132,122,2436,0,94,3,4,291.843,907,8.5,18.4,5.386778712,12.25875,13.86972222,17.565
405011285508040_,1.885924563,848.6,4,18,94,134,2065,0,72,7,25,512.277,910,8.2,20.7,13.39978456,12.10708333,13.66291667,17.67
405061285512050_,0.118483412,8.1,1,15,4,158,1801,0,0,9,100,1163.302,916,10.8,10.4,10.44587564,10.33777778,11.16034722,14.2175
405071285512021_,0.799793602,1367.5,4,46,110,125,2084,0,90,2,9,322.407,916,8.6,21.6,23.55601788,12.28833333,13.75791667,19.47
405071285512040_,0.136425648,1835.2,4,9,100,131,2006,0,82,2,18,494.945,916,10.8,10.5,24.65932989,10.34402778,11.06923611,14.01
405081285505021_,0.053191489,13.5,1,474,91,128,2120,0,100,2,3,267.841,897,8.3,20.2,1.38264513,12.30166667,13.77305556,19.48
405081285505031_,0.283213182,5.3,1,511,70,126,2140,0,73,6,55,210.155,897,8.5,18.5,1.429823816,12.32402778,13.80444444,19.45
405081285505035_,0.676956404,49,2,534,70,124,2131,0,74,15,10,111.044,897,8.2,19.7,1.410853863,12.35666667,13.78166667,19.59
405081285511070_,0.440044004,887.1,4,5,51,145,1891,0,42,5,58,1892.979,916,7.3,24.8,11.08316326,12.50805556,13.88944444,19.64
405091285502090_,0.129310345,1944.5,4,6,142,123,2211,0,79,1,19,369.461,897,8.4,22.1,38.41383553,12.18777778,13.766875,18.22
405091285502120_,0.173583715,1989.7,4,4,139,124,2203,0,77,1,21,385.408,897,8,21.5,46.68394089,12.17027778,13.77583333,18.695
405091285502200_,1.664984864,1649.1,5,1,175,120,2127,0,79,2,17,227.159,897,6.4,22.7,40.45900822,12.31958333,13.85270833,18.58
405091285502850_,0.015757958,5.3,1,8,2,155,1916,0,0,0,100,2118.81,897,8.7,20.4,96.56801605,12.24666667,13.79888889,18.72
405091285515010_,0.042955326,7115.6,5,1,153,106,2037,0,83,4,13,248.765,910,8.4,21.7,91.44568825,12.1675,13.78527778,18.2125
405091285515070_,0.18735363,1756.6,5,26,170,122,2110,0,77,3,18,236.999,897,7.7,21.5,42.03432465,12.3325,13.83444444,18.4
405091285515090_,0.613496933,108.6,2,30,61,141,1779,0,33,1,61,841.94,903,10.7,10.1,119.9995575,10.96,11.68055556,13.08
405091285515110_,0.155884645,1989.7,4,4,139,124,2203,0,77,1,21,385.408,897,7.8,21.7,42.33867455,12.16152778,13.77381944,18.255
405091285515170_,0.595238095,266.5,3,28,85,137,1825,0,49,4,40,402.465,903,10.5,9.125,180.4957809,11.23888889,11.71416667,14.09
405111285514021_,0.29399412,560.4,4,2,107,138,2044,0,76,5,14,368.935,903,8.4,23.2,10.24973679,12.24944444,13.71833333,19.54
405131285514021_,0.511727079,777.3,4,29,181,138,2541,0,97,2,3,87.283,903,8.4,21.7,18.12750626,12.24833333,13.74055556,19.51
406021286614020_,0.696150696,10.1,1,291,85,143,1974,0,28,14,42,137.303,887,8.3,21.3,14.41721916,12.30166667,13.83527778,19.61
406021286614090_,1.46809712,1616.3,4,52,154,133,2131,0,79,5,12,156.664,886,10.8,12.4,33.04637718,10.66777778,11.84125,13.795
406021286614111_,2.621305075,1721.5,4,65,148,134,2099,0,76,5,15,248.278,901,8,23.3,39.47349167,12.32875,13.75618056,19.58
406031286607040_,1.198083067,714.7,5,141,58,147,1741,0,21,6,65,1400.239,888,6.8,25.2,10.68836975,12.16194444,13.74777778,18.95
406031286607060_,0.427161585,969.5,5,71,69,145,1757,0,26,6,60,1457.145,909,7.6,24.4,14.47365212,12.19583333,13.735,19.06
406031286607070_,10.95890411,1086,5,13,62,146,1740,0,23,6,64,1978.324,909,10.6,13,13.9047823,10.49333333,10.97069444,14.985
406041286603170_,0.190165716,117,3,153,132,126,1882,2,75,3,17,245.631,913,7.9,23.2,2.000447989,12.09694444,13.72416667,18.26
406041286603270_,0.174241324,3388.8,5,83,90,132,1888,5,49,8,22,304.825,913,8.2,24.2,80.73058319,12.26402778,13.80472222,18.1775
406041286603390_,0.663227708,42.9,2,82,42,143,1735,11,15,5,41,816.838,913,10.8,9.9,1.167447805,10.72972222,11.91388889,12.16
406041286603430_,0.047460845,12.7,1,193,81,142,1705,21,31,12,84,899.256,912,8,24.9,100.8979797,12.37277778,13.83979167,18.8275
406041286603450_,11.75059952,3584.8,5,86,88,133,1879,6,47,8,24,364.497,913,5.6,24.8,98.35810089,11.26138889,12.55944444,16.33
406041286603500_,3.884462151,438,4,84,168,118,2111,3,80,2,14,216.649,913,7.6,20.7,4.39868629,11.55055556,13.326875,17.55
406041286603520_,15.78947368,395.8,4,93,76,134,1737,1,44,8,34,364.119,913,7.3,12.4,5.042747974,12.61444444,12.77763889,18.505
406041286606050_,0.712052796,7076.1,6,14,92,134,1834,3,55,7,24,582.436,904,7.8,25,136.990921,12.29972222,13.78722222,19.33
406041286606060_,1.380670611,7244,6,11,91,135,1828,3,54,7,25,664.672,909,7.6,24.7,166.8925934,12.35055556,13.81569444,19.41
406041286606190_,4.440649018,7076.1,6,14,92,134,1834,3,55,7,24,582.436,904,10.7,10.3,25.36375141,10.22694444,11.11486111,11.8
406041286606240_,0.352795908,1168.6,4,18,122,136,1771,0,72,4,24,1215.16,904,7.7,23.5,14.80016613,12.28861111,13.77652778,19.305
406041286608010_,0.286450874,267.4,4,131,118,140,1628,0,61,7,23,837.212,904,8.7,22.4,2.06166029,12.26027778,13.77944444,19.2
406041286608040_,2.395382395,367.9,4,10,107,142,1614,0,54,6,32,1545.234,908,7.7,22.3,2.656551242,12.25041667,13.78048611,19.14
406041286618020_,0.09199632,4034.4,5,245,87,133,1860,6,48,8,24,400.197,904,10.8,11,126.2093124,11.34972222,12.66576389,17.325
406041286618030_,1.076604555,4076.5,5,211,88,133,1858,6,48,8,24,399.852,904,7.9,24.2,107.2194595,12.25083333,13.81319444,19.935
406051286611030_,2.770083102,937.6,4,107,140,136,1652,0,64,8,14,156.37,899,7.3,20.6,12.65677834,12.22555556,13.74583333,19.88
406051286611060_,3.966303966,1686.2,4,44,106,140,1570,0,50,10,24,430.443,899,7.3,23.9,20.54637432,12.075,13.61513889,19.6025
406061286611050_,1.816051552,803.4,4,14,162,125,1677,0,80,3,16,248.831,899,7.6,21.9,14.23316431,12.38972222,13.78368056,20.3125
406071286601060_,2.44648318,1285.1,5,27,134,127,2361,0,75,7,19,279.411,910,7.5,22.2,34.92830086,12.18277778,13.78819444,18.2375
406091286605020_,1.277235162,857.8,4,87,156,129,1849,0,97,2,4,84.015,904,7.9,21.8,13.75676012,12.99527778,14.11597222,19.99
406091286605050_,1.283300845,1609.2,4,84,142,134,1802,0,90,4,5,105.26,904,8.2,22.6,27.69475937,12.25861111,13.83013889,18.1875
406101286610020_,4.087498004,1194.4,4,11,157,127,1881,0,84,6,6,90.519,899,7.9,22.7,22.68161964,12.29527778,13.80666667,18.2
407041287705100_,2.097902098,1320.7,4,9,92,130,1856,7,73,8,11,151.201,894,11.2,8.9,49.25250053,10.68111111,11.56486111,11.8
407051287711030_,0.078064012,2007.5,5,208,107,121,1710,0,90,4,3,53.522,906,9.5,20.8,19.7707119,12.15305556,13.70972222,18.9
407091287712070_,0.866738895,1214,4,134,149,113,1925,0,97,1,6,436.248,906,8.3,20.9,16.27460861,12.36,13.82666667,19.185
408011288805002_,59.75609756,475.1,3,20,130,138,1713,0,69,6,26,660.559,893,1,26.7,5.244037747,13.05111111,13.69729167,20.6925
4085108,4.347826087,154.7,2,211,11,68,754,38,11,43,11,134.728,945,5.675,18.175,0.101715984,12.00569444,14.38090278,19.7425
4087119,0.051813472,26.2,1,232,8,83,823,37,0,0,100,2234.678,945,8.241666667,18.08333333,0.056185211,12.22902778,14.37951389,20.955
40871488,1.024590164,40.7,1,208,10,83,820,19,4,1,100,2422.411,945,7.933333333,15.36666667,0.701112032,12.20305556,14.113125,16.6375
4087170,0.062715585,40.7,1,208,10,83,820,19,4,1,100,2422.411,945,7.325,18.825,9.181293964,12.26597222,14.34555556,19.925
409003,7.85046729,1546.7,4,95,2,161,443,24,12,12,0,4.462,954,10.439,12.325,0.208047532,10.00694444,10.58166667,12.135
409005,4.798870854,57159.4,6,81,68,130,885,2,48,7,0,7.333,954,10.575,13.563,109.5430164,10.09916667,10.71104167,12.8175
409013,27.04081633,6027,5,66,0,162,394,41,2,21,0,0.349,954,3.1,17.663,0.652348951,10.23763889,11.16840278,14.3475
409014,11.84210526,23348.9,5,70,5,161,479,4,2,14,0,1.061,954,10.474,12.975,3.966181636,10.22027778,10.97722222,13.715
409025,23.10469314,26129.1,6,130,101,120,1041,0,70,2,0,6.747,953,10.13575,13.131,124.2050571,10.30277778,11.18048611,13.9625
409036,8.431836091,317.5,2,69,1,164,365,1,0,29,0,0.393,954,10.563,12.4,0.047848332,10.14486111,10.64902778,12.29
409044,13.41991342,192.8,1,75,1,162,385,63,3,12,0,1.39,954,10.414,11.9,0.007206452,10.10166667,10.75347222,12.9525
409047,11.15288221,280.3,3,98,4,159,426,74,48,5,0,2.675,954,10.344,12.5,0.156748381,10.03569444,10.53979167,12.3275
409048,8.442211055,183.5,1,75,0,164,387,100,0,19,0,0.193,954,10.38,11.7,0.016702788,10.17333333,10.82388889,13.08
409061289901500_,0.650084794,1972.9,5,11,107,132,2256,0,77,7,13,193.077,893,8.3,23,29.21009159,12.21777778,13.67944444,19.1875
409062,18.52331606,3254.1,4,72,0,160,407,28,4,18,0,0.329,954,10.21,12.863,0.228562236,10.37027778,11.15131944,15.0675
409086,11.1542192,1048.3,4,69,0,164,381,73,1,21,0,0.331,954,10.365,12.863,0.044501878,10.1975,10.84791667,13.505
410040,3.318077803,39345.8,6,78,49,135,756,1,28,12,1,14.082,954,10.527,12.6,38.52380753,10.39972222,11.20555556,15.56
410130,13.63211951,120042.5,7,64,27,152,611,3,15,21,0,5.71,954,10.234,14.04425,63.05638218,10.25666667,11.05680556,14.81
412005,22.35294118,54876.3,6,93,22,157,605,0,11,26,0,1.694,954,3.5525,19.26925,6.832211971,14.39472222,14.39472222,23.85
412011,40.33333333,44011.2,6,162,26,153,644,0,10,28,0,2.03,954,2.623,24.416,6.08e-4,14.34611111,14.34805556,31.89
4121660,0.252383623,4658.4,4,273,11,63,798,27,73,16,1,24.799,944,8.2,19.425,24.54559898,12.05055556,14.32361111,19.86
4121680,16.63669065,4943.4,4,270,12,64,802,28,74,15,1,24.534,944,5.8,18.23333333,26.87946892,12.11388889,14.28305556,19.6525
4121970,0.318742031,5969.7,5,257,11,66,811,29,69,18,0,25.647,944,7.8,19.6,32.00181246,12.42986111,14.361875,20.4875
4137030,0.557880056,4652.9,5,216,14,58,761,23,88,2,0,12.041,944,8.275,20.9,20.26750755,12.17638889,14.40027778,19.35
4157005,0.134952767,14895,6,184,7,78,770,15,26,38,5,75.053,944,7.66,21.62,42.73151684,12.19138889,14.35034722,19.7975
4165500,0.089525515,1881,5,182,7,89,789,9,13,20,52,660.563,944,7.2,20.2,3.703261495,12.21805556,14.26208333,19.975
4166500,0.668557536,928.8,3,191,10,89,789,20,18,1,77,767.636,944,6.7,19.525,0.344144166,12.405,14.39833333,20.42
4168400,1.236917222,294.2,3,196,6,93,795,0,6,5,70,872.048,944,6.775,20.66666667,0.136866797,13.89708333,14.88131944,22.6575
4183038,5.167464115,26.3,1,237,4,95,878,0,0,81,0,29.41,921,6.85,20.075,0.001635843,11.74527778,14.01305556,19.46
4183500,0.101214575,5596.1,5,224,6,94,898,1,2,71,6,82.055,925,7.475,23.725,16.89286423,12.72027778,14.3625,20.65
4188496,10.12789492,122,1,262,5,98,896,0,3,66,3,52.887,925,5.375,21.4,0.03040994,12.13583333,14.03722222,20.26
42071,22.48777838,9889.1,6,1306,44,59,599,11,67,4,0,5.611,928,4.1,18.55,24.74996185,9.784166667,15.10361111,25.23
425003,66.53061224,391770.4,8,108,15,185,588,0,18,11,0,1.497,954,1.2805,28.688,17.61429405,14.06388889,14.0825,33.58
425007,3.937007874,493895.3,8,47,13,187,553,3,17,10,0,1.205,954,10.865,13.3,74.94531631,10.35416667,10.86944444,14.6
45301,6.669069935,4.4,1,68,20,113,996,0,3,14,100,1884.314,928,5.15,19,0.066769771,12.405,14.6125,20.255
45303,0.467562829,124.7,3,55,31,109,1093,0,51,16,58,1075.09,928,6.9,17.85,3.605929673,8.731944444,8.739305556,3.52
50048565,0.48392672,7.9,1,31,17,255,1810,0,0,4,100,2397.282,832,6.725,27.975,0.195116475,12.09888889,12.85611111,22.19
50048580,63.62076362,7.9,1,31,17,255,1810,0,0,4,100,2397.282,832,1.85,28.775,0.158434376,12.20305556,12.9025,22.49
5051522,0.264550265,11033.9,5,277,6,52,589,29,28,64,0,10.422,930,7.7,22.725,9.324873447,9.255833333,10.60611111,7.38
5054000,0.035211268,17403.3,5,275,5,53,560,31,23,72,1,12.771,941,7.55,21.25,12.83171749,12.19347222,14.68104167,20.4725
5057000,1.699716714,7033.9,4,423,8,42,447,38,0,64,0,1.094,929,7.225,20.2,0.51663211,12.23930556,14.75027778,20.71
5062130,0.067069081,16.5,1,267,0,50,535,0,0,94,0,1.499,951,7.2,22.5,17.68993568,9.398472222,10.54333333,6.5725
5114000,7.270916335,21956.1,5,533,4,30,398,38,1,70,0,2.159,916,6.5,21.925,3.68403399,13.66347222,15.698125,23.55
5117500,4.30292599,25977.4,5,510,4,31,401,38,1,71,0,2.107,929,7.15,22,5.907310963,14.24861111,15.65055556,24.36
5124000,29.1964996,42407.1,6,443,5,33,410,38,4,70,0,3.291,903,2.225,20.45,11.66330671,14.08833333,15.71194444,24.38
5406457,0.036166365,24.6,1,316,46,75,820,0,74,32,0,46.658,945,8.45,14,0.009096547,12.27180556,14.34243056,20.655
5406479,0.484730974,63.9,2,289,41,75,818,0,45,34,0,91.882,945,8.8,14.125,0.027417315,12.26652778,14.34819444,20.85
5435943,0.423085268,51.6,2,302,20,75,823,0,6,40,60,817.366,945,7.75,16.56666667,0.065520154,12.24680556,14.36375,20.61
5435950,0.093388121,222.7,3,291,24,75,828,0,20,40,18,244.768,945,8.675,16.6,0.476019807,12.38513889,14.42736111,20.97
5515500,0.325556158,1312.1,3,206,6,97,993,37,20,56,4,75.664,921,7.725,19.225,8.570406675,12.26680556,14.210625,20.13
5524500,0.066225166,1456.8,4,200,2,97,961,0,20,76,1,13.267,921,7.075,21.45,4.775023222,12.43361111,14.28388889,21.11
5537980,0.815660685,2199.7,4,191,7,90,905,0,22,13,70,963.678,950,7.3,22.875,0.462575316,12.04055556,14.13444444,19.9
5549500,6.075949367,3257.8,5,232,12,82,869,0,28,36,16,198.956,950,7.55,25.3,15.74018574,13.5775,14.66972222,22.49
5558300,0.410466906,33618,6,154,5,94,931,6,14,64,13,173.07,950,7.475,25,95.40273666,13.47222222,14.73652778,23.35
5586300,0.13986014,67843.7,7,146,6,101,937,4,11,69,8,103.459,950,6.55,24.5,225.86026,12.17972222,14.05194444,21.3
5599490,11.52508693,5595.8,5,123,8,128,1087,14,10,56,2,38.405,950,4.725,24.85,7.708634734,11.74875,13.60944444,20.53
613,100,20193.4,6,370,55,73,921,0,41,25,7,156.617,955,9.375,16.8,208.1481628,12.175,14.79722222,17.63
616,100,37598.1,6,327,49,74,841,0,45,29,6,135.003,917,8.2,19.025,297.0695801,12.565,14.81166667,18.18
6711565,0.187905706,8804.2,5,1626,86,28,468,6,75,4,5,68.449,951,7.575,18.05,3.857283235,12.07166667,13.94152778,21.86
6800500,0.238663484,17914.9,5,354,11,90,652,8,1,69,0,7.154,939,7.55,25.25,23.44241333,13.9,14.80166667,24.925
6801000,0.1017294,214624.5,7,326,28,75,467,6,14,27,1,19.897,939,8.225,24.20625,113.6149597,13.21138889,14.69944444,22.61
6805000,1.526955438,4194.9,4,331,14,103,763,0,3,78,5,73.034,939,6.95,24.95,5.327887774,13.9625,14.82277778,25.135
6805500,0.152299726,219089.8,7,330,28,75,473,6,14,28,1,20.91,939,7.7,25.625,187.436058,13.79611111,14.735,24.785
6818000,0.354400473,1059606,8,266,32,65,447,9,13,32,0,7.464,906,7,24.55,998.7641296,12.90833333,14.33430556,22.955
6856600,0.049652433,63413.6,6,372,11,101,513,2,1,57,0,2.025,934,7.4,24.975,15.68626785,12.22388889,13.87583333,21.33
6888990,0.098039216,146307,7,289,11,109,597,2,2,62,0,4.305,934,7.8,24.975,108.2623978,11.96972222,13.90611111,21.05
6892518,0.253439537,154796.8,7,265,11,109,615,1,2,61,0,7.391,934,7.8,25.5,64.19920349,12.14472222,13.88722222,21.62
6893620,0.678496868,24.7,1,284,22,125,971,0,0,8,99,1103.324,906,6.6,21.05,0.234844223,12.34305556,14.07395833,22.2575
6893820,0.132525559,257.4,2,274,18,123,973,0,8,26,46,490.342,906,7.2,23.025,0.08945854,12.15583333,13.98972222,21.63
6934500,0.143354495,1322641,8,182,28,74,512,7,13,37,1,9.258,906,6.7,25.4,1729.427765,12.79666667,14.24694444,22.82
7048600,0.279552716,1048.2,4,397,74,138,1191,0,85,16,3,40.811,797,7.2,25.7,3.05144453,12.01694444,13.68645833,21.705
7049691,2.404671934,3103,4,367,59,138,1169,0,72,23,1,30.054,797,6.825,10.2,9.156259537,12.39527778,14.20868056,23.0575
7054501,1.400560224,15612,6,207,48,135,1123,0,63,24,2,37.15,797,6.7,14.1,43.41132545,12.32847222,14.17840278,22.58
7054527,0.213284583,15612,6,207,48,135,1123,0,63,24,2,37.15,797,7.125,14.675,43.42211723,12.40013889,14.22111111,22.6825
7061270,0.070323488,67.3,1,380,64,126,1112,0,100,2,0,2.861,906,8.65,21.26666667,0.010747439,12.30444444,13.9625,21.73
7061290,2.254955446,247.2,3,269,69,127,1116,0,100,2,0,2.293,906,6.65,23.85,0.031695008,12.1825,13.92215278,21.5375
7075270,0.549813064,186.6,2,325,78,143,1256,0,100,7,0,1.147,797,7.375,22.4,0.027629888,12.06527778,13.63215278,21.4975
7076000,0.098838646,2982.9,4,170,63,144,1265,0,91,12,0,10.623,797,7.025,11.2,7.787172318,12.37916667,14.04486111,22.98
7099400,12.20548474,11937.7,5,1504,105,38,438,8,76,4,0,8.389,951,7.1,16.6,7.969306111,12.22763889,14.06486111,24.0725
7109500,0.018162005,132.5,2,1428,12,112,318,0,2,12,0,2.554,951,7.5,18.425,9.591369867,12.17680556,13.95791667,24.07
7143672,0.59602649,29.4,1,440,1,131,784,0,0,94,0,3.856,934,6.6,24,5.421205282,11.54833333,11.56847222,18.21
7144100,0.314136126,3282.6,4,419,3,128,774,4,9,85,1,19.552,934,7.15,24.1,0.472469188,11.49583333,12.37506944,19.05
7164500,0.378236834,187152.1,6,215,19,117,551,3,12,44,1,13.473,809,7.5,24.95,57.20121002,11.95083333,13.80861111,22.765
7177500,0.018221574,2358.7,4,195,21,149,963,0,18,9,0,13.076,809,7.75,22.85,1.668796211,12.15541667,13.81840278,22.72
7178200,0.045289855,2934.2,4,201,20,150,969,0,16,11,8,89.437,809,7.375,25.55,2.876961231,11.84777778,13.47111111,21.1
7198000,4.43599493,4214.4,4,195,30,146,1156,0,54,30,7,76.548,809,6.5,17.65,10.23406792,12.11166667,13.73277778,22.78
7239000,16.2827641,33536.8,5,506,8,134,490,10,1,46,0,2.992,809,5.85,18.95,1.707387924,11.16111111,13.32638889,20.88
7239450,0.753596712,34787.4,5,422,8,134,499,9,1,46,0,3.165,809,7.65,24.75,2.018323421,11.9875,13.74305556,23.9
7241000,5.410764873,35351.2,5,393,8,135,504,9,1,47,0,4.857,809,7.25,25,2.300226152,12.02263889,13.67520833,22.635
7241520,3.145400593,35872.3,5,359,8,135,509,9,1,46,1,14.014,809,7.7,23.7,3.636223316,11.705,13.63,22.22
7241550,5.1629651,36071.2,5,346,8,135,511,9,1,46,1,14.704,809,7.75,23.85,3.381364822,11.87305556,13.69277778,22.84
7263296,7.337095947,239,3,158,53,160,1325,0,99,6,0,3.802,797,5.625,25.125,0.342054725,12.18277778,13.78055556,22.325
72632966,1.656955572,239,3,158,53,160,1325,0,99,6,0,3.802,797,7.075,27.35,0.368031777,12.27527778,13.745,22.42
7288500,2.435530086,2265.8,5,34,1,168,1362,35,14,74,1,24.886,793,5.8,28.46666667,4.797846675,11.73958333,11.748125,18.6
7332622,1.301853486,967.7,3,165,8,170,1093,0,19,48,1,22.969,908,6.725,26.15,1.113562137,12.19319444,13.75611111,23.1625
8048000,9.93006993,1343,4,196,15,180,832,0,6,24,12,185.08,908,7,28.075,5.47097826,12.24416667,13.70361111,23.84
8049500,0.12996658,7934.7,5,149,14,179,823,0,10,23,16,201.073,908,7.225,28.225,4.237555265,12.12791667,13.57611111,23.48
8052700,7.20543145,194.3,2,182,7,176,986,0,1,45,0,29.168,908,6.125,25.275,0.13960389,12.11402778,13.66145833,23.275
8052745,1.295510386,112.7,2,172,6,178,980,9,0,41,6,105.06,908,7.025,26.125,0.075454487,12.31513889,13.78104167,23.7275
8057000,0.43554007,15804.5,6,138,12,179,870,0,8,27,19,234.667,908,7.3,27.175,19.35059786,11.78513889,13.38305556,22.1025
8057410,1.068832835,16230.1,6,128,12,179,872,0,8,26,21,273.371,908,6.75,27.9,21.05600548,12.36861111,13.68361111,23.41
8065350,0.317965024,36031.8,6,60,10,182,933,1,11,30,14,182.571,908,6.8,28.5,45.11290646,12.20416667,13.52756944,23.34
8068000,0.344736144,2162.5,4,53,12,196,1132,0,71,12,4,65.178,908,6.825,27.7,2.928957582,12.23694444,13.49986111,22.9
8068500,0.198269647,973.6,3,39,7,198,1126,0,80,10,20,213.758,908,6.8,27.975,1.26285544,12.08472222,13.43770833,22.7925
8069500,4.023668639,4628,5,27,8,198,1139,0,65,14,18,200.355,908,6.7,29,6.617686391,12.18444444,13.47694444,23.08
8070200,0.520652551,1022.7,3,36,11,192,1216,0,98,8,1,26.13,908,6.8,26.6,1.402723312,12.14444444,13.47277778,22.98
8181500,0.363636364,3335,4,160,32,196,730,0,58,15,10,164.53,908,6.65,28.275,1.150067121,12.17319444,13.41597222,23.8275
8181800,0.48092869,4551.1,5,148,27,198,731,0,53,14,23,352.664,908,6.8,29,1.426934838,12.12972222,13.40909722,23.7225
8188060,0.068197318,9288.3,5,77,19,201,743,0,33,23,13,204.24,908,7,29.15,3.204545975,12.20027778,13.41166667,23.81
8188500,0.055187638,10203,5,53,18,202,750,0,31,23,12,186.524,908,6.775,29.3,2.953377247,12.97833333,13.72263889,25.615
8211200,0.035360679,43270.7,6,21,13,209,614,1,24,14,0,4.558,908,6.625,29.1,4.68856442,12.15013889,13.34569444,23.7175
8371500,5.764145955,103224.8,6,790,56,96,356,3,37,4,2,35.034,752,6.15,24.9,50.25267029,11.62416667,13.12111111,25.82
8374200,1.926948519,175200.3,7,819,56,126,388,2,28,5,1,29.187,892,7.3,26.3,66.93392181,11.81611111,13.25194444,25.82
8374510,2.040816327,185887.9,7,758,56,129,384,1,27,5,1,27.525,815,6.9,25.1,80.9867115,11.78847222,13.10069444,25.43
8375300,2.906403941,196974.7,7,619,55,133,377,1,25,4,1,25.985,908,6.3,29.15,76.41338921,11.91375,13.27,25.2125
8377200,1.20454019,219103.3,7,446,55,138,374,1,23,4,1,23.371,907,7.1,27.325,80.38669586,12.07111111,13.34777778,24.8675
8412500,15.91177629,56661.5,6,840,29,135,353,1,18,2,0,3.136,908,6.7,24.225,9.287875891,11.83305556,13.331875,25.6675
8437710,32.04512722,76652,6,753,26,145,344,2,16,2,0,2.619,908,5.1,25.7,9.088606834,12.18083333,13.51708333,26.125
8446500,45.1022605,85598.7,6,705,25,148,345,2,15,2,0,2.671,908,4.75,26.175,8.689651489,12.14833333,13.50805556,26.13
8447000,0.426944972,92094.3,6,664,25,151,347,2,14,2,0,2.535,908,6.925,27,10.51415634,12.27083333,13.55625,25.46
9041400,0.11627907,723.1,3,2422,75,20,468,7,71,10,0,0.423,951,8.3,10.225,0.626070261,12.18138889,14.10111111,22.93
9406000,0.033261267,2439.3,4,1101,119,88,410,0,57,3,0,0.905,925,8.05,20.125,1.505838394,12.1675,13.88111111,25.9575
A2390542,100,670.5,4,73,4,143,561,0,1,29,0,4.547,950,0.626979167,19.01864583,0.016447915,13.27986111,13.49208333,24.465
A2391077,4.083665339,49.8,1,4,5,144,697,0,14,5,0,0.532,950,8.813020834,18.88354167,0.147653118,11.96333333,13.65638889,22.945
A2391078,14.2194745,49.8,1,4,5,144,697,0,14,5,0,0.532,950,6.766666667,19.2353125,0.149954621,12.29180556,13.79659722,23.3125
A2391081,23.81454162,213.9,3,26,10,150,550,1,10,9,0,0.143,950,11.98833333,14.70179888,0.001395319,11.54083333,13.41881944,22.0975
A2391082,0.769230769,151.5,2,14,8,150,544,5,0,5,0,0.129,950,9.476145834,17.51239583,0.004724544,11.48555556,12.71847222,20.3525
A2391085,69.43699732,289.3,2,30,7,148,601,0,3,13,0,1.248,950,0.16,31.3414558,0.008809352,11.10638889,12.51145833,18.395
A2391086,75.51020408,2623.5,4,35,6,146,559,1,0,23,0,2.285,950,0.07,18.49854167,0.065471768,11.32444444,12.97319444,19.065
A2391140,3.846153846,1293.3,3,27,8,149,573,0,1,14,0,0.5,950,12.62360719,19.9184375,0.052648223,12.01430556,12.76236111,15.07
A2391152,10.78431373,19.2,1,21,9,152,516,0,18,6,0,0.128,950,8.119479167,19.17270833,0.005356894,11.81166667,13.71375,23.7625
A4260580,4.640582348,55.9,2,30,4,174,257,66,0,0,0,0.016,950,10.489,14.355,0.007582664,10.34555556,10.90444444,14.27
A4260594,1.565074135,761788.9,9,28,18,174,569,4,18,13,0,2.616,950,8.085,23.29135196,231.2173462,12.24611111,13.72625,26.165
A4260644,23.22670376,121.2,1,43,6,171,268,8,0,85,0,0.693,950,10.135,18.57940677,0.112602517,10.35833333,11.17194444,13.92
A4260645,17.14285714,759890,9,32,18,175,570,4,18,13,0,2.599,950,10.08875,20.16841225,0.069417581,10.09333333,10.72027778,12.35
A4260703,0.866336634,759427.8,9,40,18,175,570,4,18,13,0,2.587,950,7.872026741,22.8396875,227.41436,12.01333333,13.53319444,25.71
A4261022,1.414617716,758540.8,9,34,18,175,570,4,18,13,0,2.59,950,8.223333333,23.7209375,237.7554016,11.92638889,13.51277778,26.41
A4261023,0.424055513,759706,9,21,18,175,570,4,18,13,0,2.598,950,8.380416667,22.73679701,232.4299164,11.89694444,13.43916667,25.53
A4261024,1.187065084,760329,9,29,18,175,569,4,18,13,0,2.61,950,8.583333333,22.10354167,230.4858398,11.84083333,13.54472222,25.65
A4261055,1.302083333,121.2,1,43,6,171,268,8,0,85,0,0.693,950,10.41957078,14.11605912,3.38e-4,10.0925,10.69416667,12.6475
A4261107,4.821428571,33.5,1,42,7,173,256,54,0,0,0,0.008,950,10.2603125,13.18125,0.011654756,10.33180556,10.88798611,14.28
A4261108,1.437125749,62,1,28,8,170,259,84,4,12,0,14.036,950,8.220833333,22.8975,232.9969101,12.03777778,13.60604167,26.2925
A4261139,71.52913571,51.1,1,239,42,147,593,0,0,23,0,7.377,950,0.67,17.8,0.001633479,12.15625,13.69833333,24.415
A4261168,0.356448477,759142.8,9,25,18,175,570,4,18,13,0,2.588,950,8.487406855,23.38833333,239.8147316,12.09986111,13.58472222,26.0975
A4261173,96.07843137,618.7,3,52,38,146,571,0,2,21,3,39.56,950,1.4109375,23.1246875,0.041131549,14.45305556,14.51375,30.13
A4261224,1.606557377,34.4,1,33,6,173,255,94,0,0,0,0.008,950,8.171968107,24.05798183,0.005923134,12.40486111,13.78875,27.3
A4261255,10.16949153,62,1,28,8,170,259,84,4,12,0,14.036,950,10.41546604,18.55072917,2.76e-6,10.47944444,11.70208333,17.875
A4261262,0.945626478,759706,9,21,18,175,570,4,18,13,0,2.598,950,10.62017733,14.1471875,215.5829849,10.46236111,11.15583333,15.605
A4261263,0.939143501,760403.6,9,31,18,175,569,4,18,13,0,2.61,950,8.374166667,23.49848849,231.5677643,11.91416667,13.55944444,25.68
A4261264,14.10526316,62,1,28,8,170,259,84,4,12,0,14.036,950,3.424270834,19.66052083,4.31e-6,11.20083333,12.51305556,20.86
A4261265,61.38032305,760023.6,9,30,18,175,570,4,18,13,0,2.603,950,2.107239279,20.00853468,220.7429657,11.91013889,13.68340278,25.92
A4261268,3.322259136,33.7,1,30,4,172,264,63,21,98,0,18.431,950,10.40319148,13.56446451,145.5336113,10.12638889,10.62944444,12.4875
A4261270,4.395604396,33.7,1,30,4,172,264,63,21,98,0,18.431,950,11.07208333,19.84166667,227.2075958,11.14861111,12.96833333,21.72
A4261271,85.36585366,33.7,1,30,4,172,264,63,21,98,0,18.431,950,0.1,23.611875,769.2543945,14.39111111,14.42611111,32.19
A5011036,91.49560117,110.1,2,154,54,148,747,0,47,12,0,3.79,950,0.2425,19.8140625,0.006678211,13.26416667,14.20444444,27.01
A5011038,85.83106267,196.1,2,69,52,149,718,0,27,10,1,11.246,950,0.16,24.6,0.019171551,13.50305556,14.40888889,27.5
Caversham,0.606980273,26.1,1,109,19,96,712,0,3,42,15,520.136,941,7.1,13,15.76743507,12.43083333,15.27361111,16.355
Charpassonne Ch?teau de Donzy,10.16949153,54.6,1,629,80,92,821,0,12,7,0,67.597,930,6.87,18.225,0.013693215,12.27444444,14.28875,22.075
Charpassonne la Valette,2.51572327,54.6,1,629,80,92,821,0,12,7,0,67.597,930,7.471875,17.62125,0.013693215,12.27472222,14.29041667,22.075
Charpassonne Moulin de Ronzy,5.031446541,54.6,1,629,80,92,821,0,12,7,0,67.597,930,7.415,16.1975,0.013693215,12.275,14.29194444,22.075
Curraize,1.171875,94.7,2,381,52,96,741,0,18,53,2,104.429,930,7.725,19.32,0.047831372,12.82680556,14.51215278,22.815
Doise,7.967032967,28.2,1,558,63,97,801,0,0,14,0,53.806,930,7.05625,16.88,0.006501594,12.38083333,14.33416667,22.225
FP01,46.16019818,31.3,1,54,18,101,775,0,39,20,9,62.48,921,0.120257215,13.45,0.237039968,12.33305556,15.04069444,18.385
FP02,6.18556701,381.5,3,43,36,94,840,0,0,44,4,106.288,916,10.76833238,9.3,2.816004455,9.876944444,11.47388889,9.0575
FP06,76.30331754,15.6,1,130,38,93,839,0,0,53,0,35.386,916,0.025334227,14.075,0.248226538,11.09083333,13.655,14.19
FP11,30.48919226,402.3,3,29,36,94,839,0,1,43,4,103.918,916,0.030851823,10.15,1.671880841,10.85694444,13.60958333,14.165
FP12,9.172932331,208.4,3,76,45,91,857,0,0,46,4,96.731,916,11.01917534,10.175,1.78614819,9.431388889,11.62305556,8.9
FP15,11.81818182,35.1,2,147,40,89,868,0,0,36,0,26.331,916,11.08292976,10.125,0.304577887,10.30236111,12.53326389,11.04
FP21,51.42857143,185.2,3,26,36,94,828,0,1,49,1,54.523,916,0.020636315,12.1,1.189840347,10.89236111,13.55138889,14.515
FP22,26.8958544,119.4,3,57,38,93,833,0,0,51,0,32.681,916,5.00584501,13.95,0.548534989,12.42916667,15.18861111,17.81
FP23,40.17991004,39.9,1,140,47,92,847,0,0,53,0,27.144,916,0.129105797,11,0.561068058,10.28916667,12.73222222,11.53
FP26,33.79247016,25.8,1,168,60,90,867,0,0,53,0,22.05,916,0.15727434,12.85,0.210418731,12.06472222,14.96527778,17.22
FP31,2.476780186,88.6,3,143,45,89,871,0,0,35,0,33.302,916,11.20051415,9.95,0.261372127,9.963055556,12.278125,10.6575
Loise amont Doise Salt,3.353658537,72.8,2,399,65,96,806,0,0,11,0,63.54,930,8.171875,17.32,0.012490341,13.3775,14.75083333,23.83
Loise Essertine en Donzy,12.82051282,41.5,2,522,68,94,814,0,0,7,0,70.675,930,5.774375,15.625,0.005990588,12.22166667,14.62555556,21.93
Mare Pont du diable,10.71428571,115.9,2,463,68,87,779,0,44,31,7,64.281,930,8.4475,17.035,0.134737931,12.29944444,14.21076389,20.5825
Moulin Piquet aval,5.111821086,54.6,1,629,80,92,821,0,12,7,0,67.597,930,8.33,14.535,0.006657881,10.76680556,12.10159722,14.2125
PL09,57.56578947,154,2,136,32,92,704,0,0,71,0,47.95,941,0.098578767,11.85,0.851762727,12.70958333,15.26548611,16.4425
PL15,10.26022305,237.7,2,97,28,93,706,0,0,70,1,64.979,941,8.981426171,14.2,1.008866787,12.64972222,15.23861111,16.1
PL17,31.95266272,124.6,2,113,27,95,708,0,0,62,2,70.421,941,1.804493184,14.1,0.736786976,12.40555556,15.33548611,16.0925
PL18,38.28861494,124.6,2,113,27,95,708,0,0,62,2,70.421,941,0.344767315,14.045,0.797689736,11.77472222,15.08625,15.275
PL19,23.51724138,172.2,2,77,26,95,709,0,0,58,3,89.658,941,6.417103246,13.7,0.74113059,12.24930556,15.17423611,15.7775
PL20,18.91891892,124.6,2,113,27,95,708,0,0,62,2,70.421,941,8.506858514,12.1,0.722760156,12.63347222,15.39416667,16.7
Stour_Wixoe,0.545702592,181.2,2,72,15,92,558,0,0,74,6,204.331,906,8.34,16.48,0.274776861,12.65611111,15.36819444,16.65
TE03,17,23.7,1,133,28,88,754,0,2,25,0,29.571,894,10.41015087,8.90125,0.157550491,9.4025,11.83340278,8.6
TE05,32.61648746,138.9,2,80,18,88,751,0,0,20,2,110.232,894,0.318668257,13.925,0.138951212,10.38027778,13.90666667,11.755
TE09,39.05882353,192.4,2,66,16,88,739,0,0,21,1,97.222,894,0.524109195,12.508125,0.741412044,10.52,13.62333333,10.82
TE16,22.51184834,42.9,1,135,22,88,772,0,0,17,0,47.147,894,10.32096694,10.055,0.074111549,9.589305556,12.10111111,9.065
TE20,16.56050955,29.4,2,64,16,87,707,0,0,36,0,27.046,894,10.42348788,11.8225,0.042533437,11.60333333,14.30027778,13.265
TE22,10.01042753,138.9,2,80,18,88,751,0,0,20,2,110.232,894,7.559878713,13.98,0.111678693,12.86805556,15.65,15.3
Thames_Taplow,0.300171527,6874.6,5,43,20,95,678,0,0,56,13,323.264,941,10.49,13.188125,28.62918186,12.75888889,15.36263889,17.25
Toranche aval,28.43450479,89.7,2,405,41,100,778,0,1,29,0,55.457,930,4.008125,16.7775,0.025936481,11.66291667,13.76493056,19.4975
Toranche St Cyr les Vignes,11.62162162,89.7,2,405,41,100,778,0,1,29,0,55.457,930,6.855,17.535,0.02381334,12.27416667,14.28291667,22.075
Trout Beck_ Calgaith,0.300171527,30.2,2,212,129,72,1230,9,2,3,6,40.202,901,10.49,13.188125,4.371571779,12.83416667,15.75277778,15.195
