gauge_id,mean_intensity,UPLAND_SKM,ORD_STRA,ele_mt_cav,slp_dg_uav,tmp_dc_uyr,pre_mm_uyr,ari_ix_uav,wet_pc_ug2,for_pc_use,crp_pc_use,urb_pc_use,ppd_pk_uav,rdd_mk_uav,hdi_ix_cav,DO_P25,WT_median,WT_mean,WT_p75,Q_median,Q_p25,daylength_median,daylength_p75,solar_median,solar_p75
Viz¨¦zy amont Bullieux,1.219553646,126.6,2,360,68,88,781,96,0,32,48,16,171.496,850,930,6.176875,17.13,16.86363834,20.095,0.277867883,0.116079954,12.24736111,13.80298611,15.025,20.89
Charpassonne le T¨¦l,0.920578494,54.6,1,629,80,92,821,100,0,12,7,0,67.597,1121,930,7.21,12.5925,12.42843102,14.85125,0.178462565,0.010359833,10.43666667,11.58138889,7.13,12.73
10129900,0.421433517,73.7,1,2098,82,53,586,58,0,51,2,3,33.326,590,925,6.8,9.025,9.911812477,15.625,0.118023336,0.060846688,12.25055556,14.18013889,16.58,24.375
1043110325021_,2.408796296,3357,5,164,104,38,1300,193,1,64,15,5,104.404,177,897,9.1,7.4,8.895888744,15.5,84.99832153,54.816329,12.44041667,14.50868056,10.58,16.7625
1043110332180_,2.718181818,405.3,3,13,75,61,1238,178,9,76,4,8,168.077,270,897,11.2,5.1,6.130453312,8.6,7.882522106,4.609732151,10.59916667,12.99111111,8.14,13.77
1043110332210_,2.925545267,640.1,4,40,131,48,1379,203,0,85,5,11,1680.004,1171,897,10.2,7,8.352865529,14.2,21.41547203,13.44807839,12.26513889,14.36868056,9.865,16.82
11044000,0.620684524,1564,5,342,64,156,440,31,0,38,5,12,181.516,1220,951,7.725,19.8,19.46240835,23.725,0.04204436,8.39E-04,12.23638889,13.7,20.27,25.64
11126400,0.612386281,1298.4,4,284,147,134,625,53,0,88,4,0,0.996,132,951,6.5,16.2,16.28836246,19.225,0.452554435,0.112398222,12.09805556,13.66833333,18.4,23.04
11128500,0.467285637,1516,4,182,137,136,607,51,0,81,5,0,9.626,186,951,5.925,16.83333333,17.11048589,19.6,0.001981255,1.56E-04,11.76944444,13.27277778,17.39,22.08
11273400,0.453906381,27801.5,5,21,73,132,452,40,5,43,29,2,47.428,396,951,7.3,18.525,18.49245326,23.925,35.26682281,14.71203709,11.98111111,13.69722222,18.28,26.5
11509370,0.973495073,9889.1,6,1306,44,59,599,61,11,67,4,0,5.611,105,928,6.75,11.6,12.03158472,19.1125,46.06612778,25.66236496,10.24055556,12.82972222,9.76,18.565
1191000,0.258485622,77.1,2,37,25,96,1180,117,38,42,8,54,637.858,4932,955,7.4,13.2,12.62700629,20.275,1.464403272,0.332776487,12.41527778,14.38416667,13.1,21.025
1363121256010_,2.641587302,711.5,4,6,156,91,1922,229,0,70,12,5,106.043,332,892,9.7,11.5,11.84476467,18.1,40.71663666,24.60818291,12.48055556,14.20569444,10.96,17.82
14151000,0.8,488.2,4,272,156,87,1650,170,0,99,1,0,1.046,10,928,10.675,9.1,10.18025269,12.8,23.14458084,10.93183422,10.25972222,11.81888889,7.95,13.73
14202650,1.132624443,187.6,3,73,91,96,1772,197,0,67,15,0,18.116,248,928,5.1,13.25,13.01557102,17.38125,0.6746701,0.392317355,11.91305556,14.54972222,10.36,17.39
14206950,0.66317577,139.7,3,53,34,111,1090,112,0,23,3,100,1647.002,9537,928,7.4,12.8,13.32049201,18.35,0.643027425,0.159717217,12.13694444,14.47777778,11.21,19.66
1475548,0.403912424,57.9,2,28,15,121,1125,108,0,0,0,100,4041.175,12545,943,7.1,17.075,16.45575133,22.15416667,0.347169995,0.055953983,12.44638889,14.20333333,15.19,21.7
1484272,0.278782604,129.9,2,6,6,128,1098,102,38,62,54,0,52.343,997,946,5.175,16.9,16.65199958,24.325,1.475438416,0.337308966,12.21986111,14.00256944,14.385,21.5925
1484525,0.424759316,156.4,3,10,6,129,1103,101,38,59,35,5,123.075,901,946,9.05,16.375,16.26098732,23.725,1.77744019,0.564561903,11.91138889,13.88388889,13.59,21.25
1552046,2.708931207,812,4,47,42,87,1013,163,0,0,18,44,1194.798,3257,890,8.166947074,10.8,10.70162514,15.45,9.24853611,4.344344616,11.06833333,15.83652778,6.29,14.635
1552048,1.74431493,881.7,4,33,41,87,988,159,0,0,18,47,1231.753,3415,890,1.622907794,10.8,11.0625,15.9,9.667287827,5.072615862,10.38319444,15.86388889,5.225,14.51
1584376,2.017144081,3265,5,16,34,83,844,138,0,0,40,4,91.311,676,929,9.153830531,8.5,9.286550103,13,34.15312576,15.922616,10.42194444,13.55375,5.58,10.74
1611500,0.766666667,1740.1,4,302,88,101,957,89,0,99,10,0,10.058,192,838,8.2,14.75,14.62314097,23.4,10.28403187,4.35299921,12.20861111,14.08208333,13.25,19.885
1646000,0.983333333,144.9,2,91,18,125,1020,90,0,66,1,81,842.327,6891,950,8.35,14.05833333,13.89677306,21.075,0.907192647,0.206472419,12.12944444,13.97402778,13.82,21.045
1649500,0.649663328,198.3,3,31,18,127,1074,96,38,24,4,76,1183.483,5977,953,8.25,15.16666667,14.9850809,22.61666667,1.843130827,0.319142722,12.20805556,14.02152778,14.435,22.01
1656903,0.343405449,22.1,1,104,11,126,1008,88,0,53,2,99,1378,6431,950,7.4,15.54166667,15.20231444,21.85,0.531555057,0.018322747,12.30305556,14.04805556,14.27,21.31
204025,0.329191466,130.7,3,173,123,172,1991,160,0,100,0,0,5.828,47,954,3.53,19.218,19.02912827,21.07525,4.794310808,1.234688669,11.80722222,13.59451389,16.5,20.585
2079500,0.694585432,20446.2,6,89,35,134,1113,91,0,73,16,2,43.375,428,946,5.05,15.6,15.23758021,20.575,206.0226135,118.869545,11.99722222,13.80444444,14.98,21.96
2081094,0.994133604,39.7,2,15,6,158,1261,100,72,85,13,0,25.982,173,918,6.125,18.2,18.11679319,25.75,248.0201569,153.6303253,12.12194444,13.75583333,15.63,21.77
2101726,0.414819201,170.4,2,181,14,146,1168,92,0,74,15,1,38.113,512,918,4.975,17.225,16.7584203,23.825,1.710469127,0.679918051,12.17680556,13.760625,16.15,22.0825
2110400,0.881342597,115.7,2,4,2,169,1278,97,49,64,9,0,26.441,180,866,5.9,19.95,19.34767964,25.575,0.69229269,0.175917946,12.16,13.66361111,16.83,22.95
2110500,0.470590506,2946.1,4,-1,3,167,1280,97,39,62,15,0,24.281,279,865,4.45,19.4,19.06263985,25.6,23.70746803,14.04210615,12.16,13.68361111,16.83,23.01
2110701,0.961845169,98,2,0,1,172,1273,95,38,23,19,2,73.26,812,865,3.45,19.3,18.78488183,25.3,0.183612004,0.041415825,12.25,13.76041667,16.82,22.67
2110704,0.410586525,150.4,2,2,1,173,1276,95,39,28,18,6,108.537,863,865,4,20,19.6615105,26.2,31.15523529,18.4125061,12.20611111,13.69180556,16.67,22.665
212011,2.346760417,411.5,3,860,72,118,922,83,0,82,13,4,36.383,224,954,10.528,12.1855,13.01251389,13.767,1.6085217,1.422888637,12.04472222,14.29555556,15.24,20.14
212054,1.946076318,203.6,3,945,57,118,888,80,0,72,7,0,12.423,224,954,10.4425,7.2,7.718696827,8.31025,0.587693274,0.547364324,10.41361111,10.88701389,12.965,15.815
212244,0.578197365,59.4,2,297,42,150,1042,82,0,99,6,0,29.034,875,954,2.73575,18.9,17.05012304,22.238,0.11303037,0.07566868,13.8225,14.31138889,19.195,27.9375
212250,0.195841991,1455.3,3,529,118,122,993,88,0,88,8,1,13.919,130,954,10.456,11.788,12.32635408,12.8,4.097313166,1.703964561,10.40361111,11.18666667,10.575,13.9375
2122518,1.426732295,734.8,4,660,34,121,774,65,0,5,6,1,14.358,206,954,0.73675,19.7045,20.20979167,21.806,0.277522027,0.026492262,12.89708333,13.80173611,20.805,25.1925
2122520,0.96435636,13.1,1,681,26,130,1030,90,0,24,2,38,307.58,459,954,1.69575,18.95,18.89666175,21.49375,0.171955869,0.088520423,13.78166667,14.26527778,22.16,26.95
212270,2.180207409,4603.8,4,422,61,126,831,70,0,44,3,1,11.529,186,954,10.746,10.5,11.32438184,11.975,7.048395157,4.305619001,10.23638889,10.76263889,11.05,13.275
2122711,0.831123973,1359.4,4,681,33,123,751,63,0,9,5,2,17.88,211,954,2.832,8.863,12.80472866,20.124,0.504171133,0.152419701,10.85527778,12.95888889,12.85,18.9
2122713,1.607882195,349.8,3,728,51,120,801,68,0,30,2,0,1.353,154,954,0.56,18.025,17.45295377,19.525,0.082567792,0.041225922,13.05333333,14.33847222,21.49,27.495
212274,0.471613636,38.4,1,682,46,131,1583,145,0,67,0,0,6.424,195,954,10.23475,11.161,11.10311259,11.7,1.225369096,1.00398165,10.14361111,11.24395833,10.34,11.9775
212378405,0.290086342,12200.6,5,95,37,140,1185,94,0,50,18,6,85.007,913,918,5.875,24.525,23.54360838,27.15,124.7267685,74.8321228,13.43777778,14.255,19.09,23.92
212880025,0.621504974,17767.4,5,76,31,145,1180,93,0,56,19,7,92.99,959,918,6.416666667,25.3,24.0110886,28.15,151.6063614,95.55935287,13.34,14.18694444,19.185,23.92
2129375,0.240740741,18362.5,5,61,30,145,1180,93,0,57,18,7,91.888,951,918,6.25,26.05,24.69302571,28.65,169.570755,99.34850883,13.54319444,14.29284722,19.66,23.8825
213211,1.142287037,167.2,2,115,65,163,1347,116,0,94,0,24,374.827,1688,954,3.01025,12.888,15.78491135,20.622,0.489857748,0.109602287,11.15972222,13.51131944,12.385,18.025
2135000,0.215,7114.8,5,7,4,163,1204,90,43,21,30,1,42.177,472,865,5.7,19.725,19.23420571,25.975,55.12322426,32.90733242,12.17222222,13.66506944,16.42,22.24
2138520,0.762878788,1024.8,4,359,106,122,1357,116,0,97,3,1,29.659,453,918,6.8,15.7,15.68851784,18.6,4.246775389,1.909547776,13.14861111,14.15597222,19.12,23.9775
214244102,0.0205,3819.5,5,278,72,132,1301,107,0,82,7,4,73.348,855,918,6.325,22.375,21.68161492,25.8,63.29099274,32.83502197,13.31361111,14.21888889,19.51,24.32
2145910,0.624814809,7847.2,5,189,47,141,1250,100,0,62,10,10,128.214,1499,865,6.9,24.35,23.36551232,27.8,115.0335808,84.60828972,13.28111111,14.17027778,19.21,24.4425
2147310,0.362065972,9880.4,5,141,40,144,1234,98,0,61,10,17,185.44,1890,865,6.35,24.5,23.22243033,28.25,117.1026688,72.47640228,12.86583333,13.96083333,18.78,23.58
21474095,0.554047619,518,3,128,18,159,1193,90,0,96,7,1,22.955,383,865,6.65,24.4,23.33536566,28.4,2.598125219,0.83267352,13.02555556,14.02680556,19.4,23.935
2147505,0.538865915,86.4,3,110,30,159,1169,88,0,98,4,0,4.653,161,865,6.875,24.2,23.08416639,28.2,128.3600616,73.09961319,12.60388889,13.77402778,18.02,22.99
215207,2.995208075,4641,4,479,54,123,864,75,0,66,1,0,1.148,138,954,10.64,9.931,9.656528013,11.9,7.218784571,3.565139353,10.27013889,10.92055556,11.265,13.885
2152131,1.812390153,295.3,2,326,84,134,1054,91,0,92,0,0,7.845,135,954,10.598,13.088,13.44787942,14.90225,0.570715964,0.20355849,11.28277778,12.21861111,13.65,18.78
215220,0.616609345,447.6,3,230,94,145,1594,143,0,96,0,0,7.228,170,954,10.624,10.6,10.98050303,12.286,2.661275864,0.903979957,10.21222222,10.76902778,11.16,13.365
215233,0.815272004,60.9,1,596,67,135,1545,139,0,91,1,0,7.021,304,954,1.9705,19.144,19.16639867,20.863,0.044059232,0.019717197,13.56097222,14.12125,21.295,25.3975
2168504,1.154870412,6288.4,5,112,23,159,1267,94,0,70,13,6,83.499,980,865,6.475,14.975,14.5619222,16.6,65.14156342,44.14271164,12.37666667,13.82402778,16.73,22.635
2171645,0.582794118,36,1,22,6,175,1254,90,45,47,9,0,61.969,164,865,7.15,21.3,20.90713525,28.25,0.13440448,0.007384623,12.22194444,13.65791667,16.835,22.635
2172002,0.407549479,420.2,3,13,3,177,1255,91,16,32,5,2,36.092,443,865,6.35,20.975,20.42700433,27.1,2.890949368,2.057748616,12.20402778,13.75361111,17.29,23.1425
2203603,0.280854732,15.4,1,299,18,160,1285,100,0,15,0,100,984.228,8998,921,7.75,17.23333333,16.88764664,22.325,0.91041714,0.112430479,12.16277778,13.68319444,16.61,22.2
2203655,2.6875,76.6,2,272,20,160,1283,99,0,14,0,97,848.853,8457,921,6.725,17.2,16.81652418,22.825,0.936622053,0.123222094,12.05958333,13.62020833,16.34,21.97
2203950,0.829940247,43.9,2,286,19,157,1316,102,0,24,0,100,1447.215,8711,921,7.475,17.4,16.93095879,22.45,1.217153728,0.332693532,12.3275,13.73555556,16.835,22.27
2207160,0.025,77.8,2,255,29,157,1317,102,0,41,0,72,628.486,6478,921,6.5,19.6,19.42270624,26.275,0.707921982,0.057871971,12.05444444,13.64555556,16.66,22.16
224203,0.282328571,3902,5,80,168,102,1122,110,0,99,0,0,0.144,45,952,10.73375,11.6,12.28871528,13.5,11.47567177,9.564359188,11.57472222,12.009375,14.085,18.345
225212,0.015,1365.6,4,34,129,107,1402,137,0,87,0,0,2.188,141,952,10.257,9.1,9.925507479,9.9,8.563984871,5.099052668,9.918888889,10.76534722,8.06,10.8375
225236,0.699438624,1146.4,4,198,146,102,1503,148,0,96,0,0,0.578,123,952,1.993,19.8,19.75416667,20.3,6.914455414,6.276263237,14.22138889,14.28055556,18.82,30.5
225256,0.395292562,17.3,1,28,4,138,633,55,0,8,2,0,29.556,265,952,10.26875,11.4,12.66820313,13.5,10.2217741,7.14524579,10.94347222,12.10847222,10.89,14.8275
2264000,0.783025669,48,1,32,6,222,1217,79,38,60,3,38,168.82,1596,892,2.3,22.15,21.64884192,25.475,0.338529468,0.113581667,11.91277778,13.225625,17.07,21.315
2264100,1.005105335,48,1,32,6,222,1217,79,38,60,3,38,168.82,1596,892,4.3,24.9,24.10918336,28.275,0.300131112,0.08390332,12.13888889,13.33555556,17.565,21.87
226415,0.79071209,153.9,2,131,106,119,1048,104,0,92,0,0,7.255,350,952,3.12,13.4,15.83134058,21.125,0.818668276,0.6297566,12.30486111,14.10666667,13.035,21.4725
2266200,1.367529744,156.9,2,36,7,220,1251,82,37,4,13,14,133.954,947,892,1.1,23.0875,22.37616285,26.4,0.190199338,0.052717731,12.05305556,13.30625,17.29,21.5725
2266291,1.439636918,35.7,1,36,6,220,1246,82,37,0,14,23,249.013,864,892,1.275,25.1,23.99515029,27.775,0.15872886,0.101117993,10.88888889,11.57298611,14.28,16.7775
2266300,0.858552092,321.5,3,34,7,220,1243,81,35,18,9,27,239.496,2193,892,4.675,24.025,23.07839827,26.5,0.963844121,0.304356389,12.11069444,13.28541667,17.4,21.7075
2266495,1.32688663,470.6,3,30,7,221,1238,81,36,24,8,27,222.516,1998,892,1.25,23.6,22.60685746,26.4,0.155735478,0.038988907,11.9275,13.32888889,16.96,21.05
227264,1.229844548,90.8,2,86,53,131,1070,104,0,8,0,0,46.659,333,952,1.428,15.8,15.7187578,18.2,0.016791446,0.004022485,13.31083333,14.58875,16.8,25.06
227270,1.400816125,16.3,1,195,51,129,1129,111,0,10,2,0,113.034,278,952,1.102,15.9,15.70541822,17.6,0.011611338,0.003161816,13.51694444,14.465625,21.3,26.64
227273,2.288228177,503.6,3,5,34,136,1020,101,0,5,1,2,24.482,303,952,0.393,21.7,21.41094577,23.6,0.18021179,0.024634665,14.00291667,14.63326389,22.45,27.1875
229143,3,3330.1,4,45,80,128,1167,109,0,78,2,14,233.665,1674,952,10.485,15.8,16.14760947,19.4,12.37435246,6.203516483,12.41861111,13.885,15.77,23.06
229147,0.063094286,2159.1,4,130,100,122,1346,128,0,96,2,3,42.286,548,952,3.37775,14.2,14.57708333,17.9,11.60544062,3.134061992,11.95833333,12.76125,15.305,18.8575
230220,0.529995257,324.9,2,294,40,123,857,80,0,61,5,4,60.411,536,952,2.57675,17.5,16.49899907,19.2,0.043870017,0.011423528,12.21277778,13.91069444,16.1,23.07
230240,0.915690365,16.8,1,297,36,133,681,62,0,3,3,56,880.957,2544,952,1.813,17.6,17.01899977,19.2,0.094682615,0.036098191,12.67875,14.19048611,18.24,24.2925
2304000,0.975961536,1702.2,4,21,7,221,1332,87,37,20,15,25,268.371,2351,892,2.225,24.575,23.11902694,26.8,7.406266212,4.322687149,12.21194444,13.38111111,18.21,22.755
2313700,0.162457646,1198.3,4,8,1,205,1316,84,31,61,11,0,12.856,208,892,4.7,23.6,22.57214992,26.3,17.22448826,8.083804131,11.75402778,13.11319444,16.565,21.25
232242,0.74082901,736.7,3,311,25,119,831,79,0,39,5,0,6.732,260,952,10.40475,11.4,11.56325967,12.7,0.857216418,0.302439012,11.73444444,12.23048611,12.045,16.7375
2326526,0.301514845,92.3,2,22,11,195,1461,98,70,100,6,0,10.838,242,892,5.325,21.425,21.05516824,23,0.437280953,0.168527991,12.27777778,13.46972222,18.01,22.665
233217,1.636358668,8556.6,5,50,17,131,709,67,0,15,9,1,20.291,218,952,10.433,11.2,12.3333852,13,14.18568611,8.048003674,10.88416667,11.91652778,10.415,14.755
2336120,0.16375,103.4,2,286,20,155,1335,104,0,14,0,100,1492.534,8619,921,7.15,17.65,17.17574468,23.425,1.57320416,0.436128438,12.16305556,13.68305556,16.48,22.1
2336152,0.85763702,28.9,1,314,15,155,1329,103,0,9,0,100,1285.02,8745,921,6.875,17.2,16.76868631,22.55,1.051186919,0.134713899,12.29833333,13.70201389,16.81,22.2075
2336300,0.302777778,232.3,3,276,20,156,1325,103,0,8,0,100,1617.395,9514,921,7.175,17.9,17.49807771,23.925,3.948894739,0.891342103,12.09472222,13.63472222,16.61,22.17
2336313,0.665679089,7.7,1,275,22,159,1313,101,0,0,0,100,551.344,8144,921,6.75,17.45,16.98565532,23.25,4.22758007,1.223575771,12.21416667,13.70847222,16.64,22.19
2336360,0.135208333,95.3,2,282,23,155,1338,104,0,2,0,93,1065.111,7922,921,7.225,17.575,17.04887464,23.4,1.618476629,0.467338309,12.16611111,13.69736111,16.56,22.13
2336526,0.527480553,40.7,2,264,22,159,1311,101,0,0,0,98,1217.095,8547,921,7.4,17.5,16.98122119,23.275,0.748493016,0.065191695,12.18041667,13.69111111,16.61,22.2325
2336728,0.179166667,88,2,254,22,159,1302,100,0,13,0,94,835.134,7287,921,7.625,18.2,17.58216792,23.4,0.951625943,0.111866713,12.19666667,13.71069444,16.77,22.25
23432415,0.555124731,19407.3,5,68,25,166,1354,99,0,79,7,14,148.441,1420,921,5.25,21.025,20.65052364,27.06666667,231.0661316,145.559227,12.03472222,13.48819444,17.17,22.58
2344630,0.624774472,185,3,254,17,161,1310,99,0,57,12,26,196.723,2354,921,6.725,19.03333333,18.69122796,25.5,2.545021653,0.880505055,12.13416667,13.60729167,16.47,22.045
2344673,0.329839631,62.9,1,274,16,162,1301,98,0,89,16,65,495.693,2573,921,6.45,20.425,20.08868499,27.425,0.796906292,0.183165222,12.06194444,13.60166667,16.49,22.03
2357150,1.948290522,1527.8,4,39,6,192,1350,90,7,11,59,0,10.232,230,921,6.5,21.45,20.75409119,23.95,8.672465324,4.474381924,12.27916667,13.65027778,17.15,21.96
2358000,0.09,44606.1,6,35,18,175,1314,93,2,59,22,8,85.336,877,892,7.025,22.1,21.85030736,27.975,481.5818176,317.110466,12.20916667,13.64458333,17.075,21.9675
2359170,2.102734852,49882.4,6,12,17,177,1331,94,5,59,21,7,78.376,817,892,5.4,23,22.48186113,28,514.8808594,351.6599274,12.2675,13.59930556,17.92,23.09
2394682,0.28587963,19,1,264,24,154,1337,101,0,71,31,0,59.504,570,921,7.9,16.075,16.45006315,21.775,1.307207227,0.231960721,12.38402778,13.87395833,17.37,22.5925
2423571,0.76606154,130,1,236,42,163,1438,107,0,34,2,58,548.508,7528,803,7.45,18.325,17.83609174,23.55,1.592486382,0.659814715,12.43888889,13.78638889,17.06,22.84
29033,2.606158553,494.8,3,76,58,73,1036,177,0,0,17,4,54.295,417,929,9.446844802,10.15,10.28750825,14.85,6.822356224,2.70443368,12.49361111,15.4825,8.35,15.08
29040,3,1939.2,4,7,32,89,732,118,0,2,53,2,51.148,446,918,9.219014904,9.7,9.67678696,14.15,13.02196312,7.02941072,11.23416667,14.52451389,6.68,12.9925
29041,1.884181431,1974.1,5,9,43,88,959,153,0,0,22,48,1041.222,3206,929,5.864488766,9.9,10.85513255,15.25,28.22689819,12.98152113,10.96333333,14.53583333,6.22,12.97
29043,2.331504024,8114.4,5,12,24,92,749,114,0,1,39,27,691.911,2378,895,7.627703233,11,11.32558233,15.85,55.38407516,33.0585146,11.21472222,14.87166667,6.73,13.48
29044,0.539180888,959.1,4,23,50,89,977,156,0,0,23,50,905.212,3150,890,5.189481114,10.5,11.09605485,15.55,14.01830053,6.654341936,11.63222222,15.19083333,7.39,14.135
3123499,0.324444444,20.7,1,149,8,131,1132,96,0,10,2,100,1899.968,8892,826,6.1,28.175,26.84781212,29.22708333,7.32E-04,3.50E-10,12.74694444,13.5225,18.89,21.79
3219500,0.390910446,1662,3,278,4,98,922,89,0,1,76,2,44.359,575,925,6,18.85,17.32405115,22.7,5.835819006,2.152095199,13.39458333,14.57,16.79,22.66
3254520,1.115960239,9293.7,5,204,45,120,1149,99,0,61,39,1,23.726,323,814,7.4,15.5,15.36178935,23.45,52.17969131,26.36360693,12.10930556,13.98354167,13.94,20.85
3284533,0.7972512,52.1,2,296,13,126,1172,103,0,6,32,49,619.71,4054,814,5.6,12.1375,14.74804706,22.675,0.122467726,7.36E-04,11.895,13.65222222,16.1,22.08
3287590,0.649548852,12.7,1,304,12,125,1164,103,0,0,37,52,475.305,1794,814,4.7,17.6625,15.53858995,22,0.010135639,4.32E-07,12.10444444,13.735,14.22,21.82
3289193,0.5515625,27.2,2,281,12,126,1159,102,0,0,2,91,1471.101,7661,814,7.4,15,14.97570292,19.25,0.669681787,0.391319692,12.2475,13.99,13.56,20.97
3289200,0.309375,96.2,2,273,13,126,1152,101,0,5,26,65,934.619,5137,814,6.725,18.8,17.8092559,22.275,0.500056982,0.157233894,12.33972222,13.93555556,13.93,21.14
3290500,1.323958333,211.6,2,220,31,123,1158,99,0,75,28,0,11.463,346,814,7.6,16.6,16.84459814,24.2,156.5801468,69.37585068,11.36583333,13.59958333,12.445,19.2275
3292470,0.535827851,177.3,2,210,22,124,1160,100,0,17,33,4,85.347,879,820,7.625,14.225,14.36570441,22.4,0.876748532,0.196776036,11.83388889,13.72895833,13.32,20.095
3292474,0.454847828,18.2,1,206,10,127,1160,99,0,8,4,95,774.934,6838,814,7.4,13.95,14.33119492,20.275,0.278453901,0.060387151,12.05152778,13.85430556,13.095,20.6075
3292475,0.372596154,29.3,1,188,15,128,1152,98,0,20,3,75,729.251,7182,814,7.75,14.4,14.24333725,20.55,0.226465128,0.010850418,12.20597222,13.98333333,14.03,20.86
3292480,0.351666667,29.3,1,188,15,128,1152,98,0,20,3,75,729.251,7182,814,7.95,14.4,14.17858711,20.5,0.244314596,0.018519353,12.05611111,13.99972222,13.54,20.91
3292500,0.736262608,33.4,1,168,8,130,1147,97,0,8,2,100,1634.753,8806,814,6.2,16.35,15.87752121,22.725,0.477022827,0.230871432,12.00861111,13.83333333,13.62,20.165
3293000,0.350782077,88.8,2,161,9,129,1152,98,0,8,4,99,1091.036,7709,834,7.3,15.525,15.74071143,21.9,0.370678335,0.110114872,12.12583333,13.86861111,13.66,20.83
3293500,0.644668146,88.8,2,161,9,129,1152,98,0,8,4,99,1091.036,7709,834,5.65,15.25,15.45463928,22.175,0.392977536,0.148339868,12.12055556,13.94763889,13.55,20.865
3293510,0.926408666,88.8,2,161,9,129,1152,98,0,8,4,99,1091.036,7709,834,4.375,14.2,14.55900409,21.2,0.997507453,0.574727923,11.41305556,13.29902778,12.35,19.075
3293530,0.45890129,235021.7,7,145,61,104,1093,101,1,74,23,4,64.961,675,921,6.4,14.6,14.39274278,20.875,3040.028442,1491.263763,12.20125,13.96416667,13.735,21.12
3294570,0.776236769,275.5,3,137,18,132,1149,97,0,23,7,75,841.579,5856,814,6.3,13.65,13.57460867,21.3,0.246157631,0.014661716,12.0625,13.895,13.42,20.84
3297800,0.370279223,31.6,2,163,28,132,1198,99,0,13,19,0,51.434,292,814,7.85,13.825,13.78295882,20.75,0.496760935,0.188122496,12.09069444,13.95729167,14.1,21.25
3297900,0.416136717,247.8,3,217,17,124,1167,100,0,4,39,16,156.417,1610,814,6.35,13.725,13.8762674,21.4,1.872201979,0.924493954,12.12944444,13.84909722,13.815,20.38
3298135,0.83550131,43.4,1,208,18,128,1169,99,0,26,10,73,582.853,4853,814,7.725,15.25,15.06435422,21.175,0.305007532,0.059122422,12.0675,13.84909722,13.865,20.24
3298150,0.515306122,43.4,1,208,18,128,1169,99,0,26,10,73,582.853,4853,814,7.75,15.65,15.38991285,22.35,0.309094459,0.071723819,12.08972222,13.9225,13.58,20.75
3298200,0.697932331,587.7,3,190,20,126,1171,99,0,21,31,19,173.706,1891,814,7.533333333,14.45,14.64512846,22.65,4.090788841,2.309108138,11.54694444,13.30819444,12.78,19.275
3298250,0.964160034,33.9,1,203,14,130,1173,99,0,14,17,61,629.643,4466,814,7.55,15.1,15.14225948,21,0.683069348,0.378774822,12.1525,13.90055556,13.92,21.16
3298300,0.66695702,19.9,1,193,11,130,1170,99,0,2,15,59,658.846,5496,814,6.25,14.3,14.40097173,21.6,0.701384783,0.384382419,12.0775,13.96680556,13.66,20.7175
3301940,0.589709842,44.6,1,179,10,131,1157,98,0,0,8,95,1096.247,6570,814,7.275,15.4,15.61429308,22.725,0.475684494,0.234744556,11.89666667,13.96958333,13.22,20.295
3302000,0.771056951,256.4,3,166,16,132,1149,97,0,18,6,78,874.587,6175,814,6.525,15.725,16.08368886,24.625,1.749668956,0.770906091,11.80222222,13.87,13.49,20.38
3302030,0.912871737,26,1,176,46,132,1155,99,0,82,16,13,119.234,816,814,6.525,14.825,14.98087449,23.025,1.944380164,0.983211845,11.73888889,13.67611111,13.155,19.8225
3302050,0.410189547,26,1,176,46,132,1155,99,0,82,16,13,119.234,816,814,5.75,13.725,13.96171915,20.725,1.950152278,1.060578912,12.08263889,13.89048611,13.425,20.665
3321500,0.272009608,23713,6,116,26,135,1277,105,5,36,43,1,27.545,378,821,6.625,16.925,17.17168672,25.2,185.3710022,105.2861595,12.13652778,13.85368056,14.34,21.3075
3353415,0.747436561,28.2,1,271,2,107,1028,96,0,47,39,30,318.653,3639,921,6.05,12.525,12.88547439,19.775,0.943044841,0.204453163,12.56166667,14.22388889,14.78,21.25
3353420,0.709561288,28.2,1,271,2,107,1028,96,0,47,39,30,318.653,3639,921,6.525,13.375,13.15972664,19.725,0.885298193,0.274703756,12.31444444,14.12916667,13.91,20.875
3400800,0.556568458,153.1,2,478,141,117,1299,113,0,100,2,0,7.793,219,841,7.4,19.125,18.34289711,22.6,1.576436281,0.092093576,13.58444444,14.37208333,19.62,23.565
3414000,0.258560606,14915.4,6,218,84,125,1314,111,0,79,15,1,25.36,322,814,6.2,11.7,11.79382447,14.1,155.5521393,85.80792618,11.97972222,13.60736111,14.72,21.705
3417500,0.265,18810.9,6,186,79,127,1324,111,0,79,15,0,22.495,297,810,8.4,14.85,14.2211244,16.4,158.0858154,101.7047482,13.33458333,14.24777778,19.185,23.51
3418420,0.947986111,20908,6,192,78,128,1330,111,0,78,17,0,23,305,810,7.8,18.8,17.88950791,20.5,164.8522949,110.0528336,13.4775,14.30354167,19.6,24.15
3430200,0.563167134,72.8,2,143,22,144,1231,98,0,22,15,72,626.278,3764,810,6.5,16.9,16.72369873,23,22.33067322,11.54203367,12.20055556,13.83361111,15.13,21.695
3431083,0.281550265,284.3,3,144,29,144,1238,98,0,40,10,63,660.826,4535,810,7.275,16.85,17.09719963,23.8,2.146509647,0.23560138,12.16055556,13.82333333,14.86,21.6275
3431514,0.841547619,33339.1,6,143,64,132,1351,111,0,67,21,3,51.204,532,810,7.5,16.9,17.16566949,24,376.0967255,219.5274582,12.23125,13.86902778,15.345,21.75
38171,0.324444444,235778.3,7,138,61,104,1093,101,1,74,23,4,65.995,682,921,6.1,28.175,26.84781212,29.22708333,1324.608765,791.8582764,12.74861111,13.52611111,18.89,21.79
401011281104040_,3,2912.2,5,104,95,46,1216,178,1,84,3,1,22.362,147,897,9.7,7.4,9.098100835,16.5,73.0447998,43.81476212,12.26666667,14.52111111,10.16,16.21
401031281101050_,2.975538657,12802.6,6,8,90,53,1260,176,0,74,11,4,85.208,423,897,8.6,8.6,9.566034012,17.6,326.6028748,213.8250198,12.34888889,14.32527778,10.04,17.08
401031281104010_,1.88244302,1471.5,4,132,128,28,1359,213,1,64,16,1,19.088,140,897,10.4,7.3,8.285905738,14.3,32.19961166,19.2612381,12.22972222,14.49194444,10.48,16.68
401061281105020_,2.50882243,1230,4,8,120,57,1293,179,0,95,3,0,8.528,165,897,9.7,9.2,9.83600075,17.3,26.92367172,17.98624706,12.22652778,14.30402778,10.675,16.7875
401081281107070_,1.277421903,2850.1,4,37,94,45,1552,219,0,51,22,3,39.1,183,897,8.4,9.1,9.181394193,14.5,54.91722488,36.68301487,12.13611111,14.27013889,11.185,16.9875
401081281107090_,1.82,8243.7,6,12,90,46,1340,191,0,62,19,2,38.473,166,897,9.3,8.8,9.101067,15.4,150.4498444,104.3165436,12.13694444,14.31861111,11.1,17.08
401101281108051_,2.743357038,8.2,1,70,62,61,831,124,0,87,35,0,106.678,277,897,8,9.8,10.07832083,19.1,19.82024574,12.23942947,12.29763889,14.45604167,10.87,16.55
402011282206020_,2.932857143,4148.3,5,156,79,107,1355,149,0,61,17,14,255.02,985,895,8.7,14.2,14.15159079,21.2,65.30478287,47.69096756,12.35944444,13.98805556,11.795,17.5075
402011282218040_,2.978571429,1875.1,5,228,61,108,1371,149,0,47,28,14,228.323,1239,895,11.5,5.8,6.334754192,8.5,30.03769684,21.79284859,10.3025,11.21194444,9.16,11.86
402011282218070_,2.357142857,2930.8,5,151,66,108,1352,148,0,54,22,13,240.638,1028,895,8.8,12.9,13.22201521,19.8,39.04228592,26.27924919,12.34916667,13.95972222,12.23,18.505
402011282218090_,2.464130435,4089.9,5,149,78,107,1356,149,0,60,17,14,257.707,964,895,8.2,13.8,14.16100823,20.4,68.14478683,48.33202553,12.13416667,14.03388889,11.5,17.16
402011282228040_,1.910882353,199.8,3,412,75,102,1394,159,0,54,11,6,91.92,693,895,9.1,13,12.83719642,18.9,2.956929684,1.936480045,12.51722222,13.98277778,12.43,18.7
402011282228070_,2.357142857,4.6,1,391,58,110,1310,142,0,0,20,0,309.755,396,895,8.8,12.9,13.22201521,19.8,2.956929684,1.940077305,12.34638889,13.93708333,12.23,18.505
402011282228160_,0.95,199.8,3,412,75,102,1394,159,0,54,11,6,91.92,693,895,8.5,13.8,13.42384253,19.6,2.992724657,1.951928854,12.44611111,13.98722222,12.48,18.69
402021282206050_,2.48125,309.7,3,92,124,97,1427,168,0,81,2,17,1311.491,2551,895,11.7,6.8,7.654586802,9.7,8.765777588,6.639416695,10.59638889,12.13,8.14,12.2
402031282207080_,2.550978261,789,4,22,67,103,1400,163,0,65,16,10,95.176,1776,895,9.3,11,12.43275755,19.4,19.87651062,13.18030119,12.06638889,13.95263889,11.35,17.205
402031282207090_,2.131571613,1295,4,19,58,108,1344,156,0,60,17,11,158.233,2295,895,8,13.8,13.69907769,20.7,29.79056358,20.47101021,12.13027778,13.97388889,11.44,17.17
402041282204010_,1.291666667,1076.9,5,225,86,75,1469,185,0,86,4,3,121.675,457,889,10,10.5,10.94762713,16.4,23.78829098,14.68111444,12.20777778,14.10048611,11.14,16.69
402041282204050_,1.695310134,2634.4,5,121,94,80,1467,180,0,72,7,8,167.352,451,889,9.2,12,12.1382107,18.2,65.72269821,41.33529568,12.47527778,14.20527778,11.8,17.48
402041282204090_,2.96969697,5531.6,5,48,103,83,1467,179,0,65,10,6,124.175,451,889,9,12.3,12.34197493,18.8,143.6332626,92.94828415,12.30138889,14.09645833,11.49,17.1275
402041282204110_,2.365854323,7098.5,5,118,98,85,1450,175,0,60,11,7,122.872,464,889,9.2,12.6,12.62395629,19,187.0564575,124.9507675,12.11722222,14.01083333,11.81,17.78
402041282207090_,2.956481481,10016.4,5,4,89,90,1415,170,0,56,13,7,125.696,519,895,8.6,13,13.088774,20.1,47.56441116,31.96204424,12.16055556,14.01256944,11.55,17.28
402041282220220_,2.878571429,1076.9,5,225,86,75,1469,185,0,86,4,3,121.675,457,889,11.2,6.6,7.738811007,10.8,20.98626137,11.46877027,11.14263889,13.09333333,10.185,14.9775
402051282201010_,2.002642185,1873.1,4,89,103,82,1379,171,0,85,3,3,57.885,495,878,9.2,11.7,11.72001415,18.4,40.35551643,28.08848667,12.43847222,14.26284722,10.81,16.8225
402071282201010_,0.462333333,19.2,1,285,128,93,1427,177,0,75,1,6,348.188,264,878,9.1,12.9,12.24073195,18.5,18.35852814,10.82577848,13.18611111,14.5475,12.06,18.875
402071282201080_,0.918098219,1456.6,5,9,108,87,1438,181,0,75,3,14,176.914,458,878,7.5,11.2,12.01945479,18.7,64.63172913,40.48130608,12.35694444,14.22388889,10.63,17.21
402081282211040_,2.902364228,3750.2,5,83,129,87,1538,190,0,92,2,3,46.671,422,885,9.9,9.7,10.89321412,17.4,144.6192322,99.93135262,11.99472222,13.96395833,9.995,16.5725
402091282209020_,3,4026.2,5,23,110,92,1669,198,0,71,10,4,85.59,419,885,9.2,13.4,13.10224509,19.8,177.3401794,115.0380363,12.45569444,14.21902778,10.74,16.79
402101282209020_,2.685714286,863.6,4,12,103,96,1835,217,0,86,4,0,71.897,440,885,9.3,11.9,12.14047483,18.7,48.27568817,30.42672348,12.32694444,14.15055556,10.6,16.89
402111282214070_,2.96,3516.1,5,84,123,96,1596,182,0,68,9,11,192.352,421,892,9.2,9.8,11.27569781,18,130.541008,85.00365448,12.19444444,13.93770833,10.73,16.25
402111282216010_,0.747727273,36.9,2,96,106,102,1744,194,0,97,0,0,51.457,335,892,9.3,11.7,12.83669277,20,163.4664307,103.210434,12.31638889,14.01833333,11.45,17.34
403011283322030_,0.54812253,10.7,1,27,10,138,1424,144,0,0,4,44,560.835,5501,896,11.1,6.3,6.988517469,8.7,20.99757385,13.84288025,10.20416667,11.04055556,10.68,13.2
403021283322090_,1.178231293,2496.5,5,34,77,113,1528,164,0,52,33,9,158.276,2602,896,8.4,15.5,15.07717359,20.7,40.02291679,25.45155811,12.17777778,13.83256944,12.82,18.5625
403031283301050_,2.313834429,9.4,1,20,0,145,1293,122,0,0,5,100,1266.953,6366,894,7.7,13.5,13.9801482,19.9,2.104919553,1.111174822,11.96277778,13.68201389,11.99,17.0925
403031283301060_,2.114950807,8931.3,6,15,112,108,1504,164,0,56,15,28,387.405,2817,888,7.7,14.9,15.19246185,21.3,152.9283752,95.2112484,12.21277778,13.821875,12.35,17.37
403031283301222_,0.317258852,1265.5,4,17,128,116,1580,169,0,56,19,26,454.05,2651,900,6.6,20.3,19.06500064,25.6,1.663020551,0.867562443,12.78097222,14.05298611,11.685,17.4675
403031283302041_,3,12338.6,6,6,100,111,1524,166,0,48,17,33,443.109,3079,896,10.8,7.2,7.78092962,9.6,149.4913788,104.1728134,10.23472222,11.06638889,10.61,13.02
403031283302051_,2.980219713,12523.2,6,7,98,111,1521,165,0,47,17,34,477.12,3126,896,11,6.8,6.425447427,9.7,150.6725769,104.2168655,10.15194444,10.94097222,10.35,12.395
403031283302091_,1.451827485,37.2,2,11,24,145,1471,157,0,14,50,20,376.008,3516,893,11,6.6,7.129471545,9.125,0.625600338,0.35631822,10.68277778,11.92513889,11.795,14.1575
403031283302231_,2.213939322,73.1,2,14,9,148,1364,136,0,0,2,100,4066.334,7943,893,11.6,7.8,9.159924558,12.1,1.696504474,1.065992832,10.45972222,11.49722222,10.72,13.7
403031283303010_,1.591891955,262.8,3,11,53,135,1344,132,6,35,23,21,441.484,4163,896,11.2,8.6,9.532071396,11.9,2.436559558,1.595512092,10.34888889,11.47548611,10.88,14.1325
403031283303071_,2.592857143,84.4,2,2,8,141,1348,135,23,4,45,31,396.068,2146,896,10.9,8.1,8.492133275,10.7,12.44932175,8.163015604,10.24611111,11.32631944,10.595,13.42
403031283303091_,3,21.4,1,0,0,144,1421,148,57,0,41,36,241.964,1471,896,10.8,7.3,7.915688623,9.8,23.71018219,16.40445709,10.34694444,11.305,10.29,12.69
403031283303100_,2.2,1459.4,4,3,27,138,1349,134,11,17,35,36,477.513,3822,896,7.8,17.4,16.77715371,23.6,24.22872162,16.46840477,12.11833333,13.83916667,12.19,18.38
403031283303160_,2.349408602,12.3,1,36,13,140,1431,149,0,37,85,0,249.807,3487,896,11,9.4,11.01694729,13.4,5.991753578,3.867899776,10.64805556,12.015,11.39,15.54
403031283303181_,2.986666667,321.7,3,4,12,140,1400,143,0,6,57,22,280.245,3474,896,11.1,8.4,9.666846746,11.6,6.905592918,4.42092824,10.63277778,12.01875,11.2,15.985
403031283303191_,3,5,1,29,22,144,1478,160,0,0,36,72,718.487,5843,896,10.8,8.2,8.590946502,10.5,7.009287596,4.561619759,10.42638889,11.54611111,10.51,13.3375
403031283305030_,0.65,9.4,1,11,8,149,1371,136,0,0,0,100,4267.397,9360,888,7.4,19.7,18.99175976,23.8,1.427385509,0.733126283,13.05041667,14.19381944,13.82,19.975
403031283305120_,0.238117785,462.7,3,3,2,148,1354,131,0,0,6,99,2800.095,7015,912,5.4,16.8,16.30347481,22.3,10.17344618,5.905864716,11.87194444,13.625,12.495,18.205
403031283305140_,0.233552211,634.5,3,4,2,148,1365,133,0,0,4,99,4039.995,7606,936,4.2,18.4,18.04099515,23.8,12.60688972,7.472467184,12.14638889,13.8175,12.9,18.545
403031283305470_,0.809568785,79,2,10,8,150,1385,138,0,0,0,100,6724.524,11213,934,2,22.8,20.59515366,26.6,3.653287172,2.312812805,13.80194444,14.45493056,14.675,20.3475
403031283306041_,1.062074128,727,3,69,162,101,1720,194,0,74,19,12,347.685,1649,900,7.9,16.4,15.77700885,21.4,11.85726738,6.484699607,12.30805556,13.865625,12.85,18.765
403031283307130_,3,602.6,4,25,18,135,1386,135,0,18,49,41,410.78,4006,896,7.4,17.2,16.53920889,22.1,8.015565872,4.606760383,12.23652778,13.87986111,12.085,17.5375
403031283323030_,2.601144023,1356.7,4,64,114,117,1236,123,0,68,9,23,400.77,3159,901,6.6,17.8,17.06952941,20.6,12.30165911,7.031222105,12.64194444,14.01645833,12.935,18.25
403041283309010_,0.855987375,2533,5,11,99,128,1414,142,0,49,7,49,1797.594,4466,901,5.6,18,17.55572214,22.7,37.27471924,23.01680946,12.15611111,13.86694444,12.71,18.67
403051283310040_,1.579238784,715.4,4,112,202,103,1589,170,0,88,6,13,483.176,1264,936,6.7,16.3,15.11441986,20.8,12.84837246,8.476384163,12.46777778,13.97472222,13.42,19.06
403051283310050_,2.821571031,761.6,4,82,191,106,1583,168,0,83,5,19,756.658,1626,936,7.2,15.3,14.72055916,21.1,13.91767836,9.159784079,12.12569444,13.80861111,12.89,18.625
403051283310100_,0.65,1206,4,23,135,120,1549,160,0,59,5,44,3094.326,4607,926,4.6,22.4,23.30564815,25.8,29.86570168,14.93949509,14.48194444,14.53861111,20.22,23.43
403051283310180_,0.746381739,156.3,3,101,81,136,1511,147,0,50,9,65,3435.776,5858,936,6.7,17.3,16.78385348,21.1,2.434782028,1.454030067,12.12083333,13.84340278,12.845,18.32
403061283310030_,1.248736985,253.8,3,6,23,151,1494,148,0,3,0,100,8263.519,11404,903,2.4,19.8,19.48022017,24.025,5.854908943,3.200655699,12.23472222,13.81305556,12.91,18.64
403071283310010_,1.53170904,1657.4,4,10,143,112,1677,176,0,73,10,22,893.122,1928,903,6.7,19.4,19.06637718,23,33.14653397,21.16367435,12.18805556,13.89986111,12.745,18.5425
403081283324004_,2.912318779,2179.5,5,322,146,95,1579,176,0,74,10,18,277.899,390,902,7.3,15.1,15.32559807,21,32.90749931,21.02941942,12.12069444,13.72583333,13.15,17.93
403081283324009_,2.72498864,955.3,4,267,142,99,1571,172,0,74,7,24,413.161,399,902,7.4,15.8,15.04384998,20.6,12.68805122,7.779923439,12.28305556,13.83666667,13.25,17.97
404021284402300_,2.82124183,7473.6,6,2,154,91,1709,201,1,76,11,4,67.795,432,899,9,11.2,11.62269052,17.9,301.7005157,207.3520775,12.14916667,13.88770833,10.73,17.09
404021284415300_,2.61838596,958,4,181,154,86,1636,194,0,92,4,3,66.956,494,895,8.3,12.8,12.64665431,18.7,25.50749683,17.47698784,12.15805556,13.89951389,10.83,17.3875
404031284401300_,2.651556568,1216.2,4,-1,76,120,2001,218,0,53,16,31,473.009,559,899,7.9,14.1,13.9533082,20.8,76.50057602,44.31828117,12.32152778,14.02638889,11.035,17.5825
404031284403300_,2.448011603,10291.5,6,19,150,88,1613,187,0,69,14,12,177.923,474,899,9.3,12.2,12.8377683,19.6,347.4830933,247.6644058,12.3425,14.00222222,11.17,18.03
404031284416160_,2.082706637,624.2,4,627,150,88,1445,161,0,68,7,24,222.336,456,907,10.1,14.7,14.39626338,18,9.361384869,6.350890517,12.68847222,14.06270833,12.23,17.8125
404031284416300_,1.90785835,2546.4,5,372,126,82,1417,164,0,75,13,14,178.099,516,907,9.5,14.2,13.19121706,19.9,34.51384163,21.79824877,12.28902778,13.91694444,12.615,17.895
404031284416310_,2.238888889,624.2,4,627,150,88,1445,161,0,68,7,24,222.336,456,907,10.2,13.4,13.34547675,16.9,9.516695023,5.583678007,12.03111111,13.76111111,10.85,16.575
404071284408030_,3,382.9,4,133,201,68,1902,244,0,56,39,8,273.762,447,909,8.8,11.9,12.83468383,18.6,16.09191704,10.30237389,12.2325,13.83805556,11.84,17.32
404081284408040_,1.791911765,2756.4,5,4,169,89,1952,225,0,85,10,9,116.565,325,909,8.5,12.9,13.05135846,18.3,119.2968445,79.18717575,12.21388889,13.90444444,11.61,17.24
404101284408300_,1.9,600.1,4,8,77,128,2371,251,0,54,23,34,288.432,660,909,10.7,6.2,6.39807581,7.4,63.96093178,47.53366947,10.05666667,10.65256944,5.89,7.925
404121284412020_,2.9,204.8,3,19,132,122,2436,263,0,94,3,4,291.843,456,907,8.5,14.1,13.9724368,18.4,11.53190804,5.386778712,12.25875,13.86972222,11.59,17.565
405011285508040_,1.790244291,848.6,4,18,94,134,2065,218,0,72,7,25,512.277,664,910,8.2,17.1,16.87625728,20.7,23.30940151,13.39978456,12.10708333,13.66291667,12.99,17.67
405061285512050_,3,8.1,1,15,4,158,1801,177,0,0,9,100,1163.302,5298,916,10.8,8.3,8.956092022,10.4,16.36758232,10.44587564,10.33777778,11.16034722,11.16,14.2175
405071285512021_,1.754545455,1367.5,4,46,110,125,2084,214,0,90,2,9,322.407,1832,916,8.6,16,15.68774832,21.6,39.73329544,23.55601788,12.28833333,13.75791667,13.67,19.47
405071285512040_,3,1835.2,4,9,100,131,2006,204,0,82,2,18,494.945,2633,916,10.8,8.2,8.680837881,10.5,36.84076309,24.65932989,10.34402778,11.06923611,11.18,14.01
405081285505031_,0.762824675,5.3,1,511,70,126,2140,212,0,73,6,55,210.155,1746,897,8.5,13.5,12.96528708,18.5,2.316740394,1.429823816,12.32402778,13.80444444,13.685,19.45
405081285505035_,1.839921053,49,2,534,70,124,2131,211,0,74,15,10,111.044,2597,897,8.2,13.6,13.38669442,19.7,2.232853174,1.410853863,12.35666667,13.78166667,13.69,19.59
405081285511070_,1.15122549,887.1,4,5,51,145,1891,180,0,42,5,58,1892.979,5747,916,7.3,19.4,19.19481344,24.8,18.71987343,11.08316326,12.50805556,13.88944444,13.07,19.64
405091285502090_,0.185,1944.5,4,6,142,123,2211,228,0,79,1,19,369.461,2091,897,8.4,17.1,16.40012572,22.1,60.89340019,38.41383553,12.18777778,13.766875,12.19,18.22
405091285502120_,2.420833333,1989.7,4,4,139,124,2203,227,0,77,1,21,385.408,2201,897,8,16.4,16.24040095,21.5,73.5357666,46.68394089,12.17027778,13.77583333,12.29,18.695
405091285502200_,0.670555556,1649.1,5,1,175,120,2127,234,0,79,2,17,227.159,2253,897,6.4,18,17.31615792,22.7,66.45882797,40.45900822,12.31958333,13.85270833,12.445,18.58
405091285515010_,1,7115.6,5,1,153,106,2037,220,0,83,4,13,248.765,1404,910,8.4,16.9,16.31079074,21.7,136.988327,91.44568825,12.1675,13.78527778,12.275,18.2125
405091285515070_,1.0675,1756.6,5,26,170,122,2110,231,0,77,3,18,236.999,2417,897,7.7,16.4,15.8840808,21.5,68.6888504,42.03432465,12.3325,13.83444444,12.52,18.4
405091285515090_,0.731818182,108.6,2,30,61,141,1779,180,0,33,1,61,841.94,4204,903,10.7,8.9,9.291998978,10.1,163.5891113,119.9995575,10.96,11.68055556,8.94,13.08
405091285515110_,0.25,1989.7,4,4,139,124,2203,227,0,77,1,21,385.408,2201,897,7.8,17,16.41444206,21.7,67.13305664,42.33867455,12.16152778,13.77381944,12.16,18.255
405091285515170_,1.308695652,266.5,3,28,85,137,1825,187,0,49,4,40,402.465,3706,903,10.5,8.2,8.594122024,9.125,277.5682678,180.4957809,11.23888889,11.71416667,11.29,14.09
405111285514021_,3,560.4,4,2,107,138,2044,207,0,76,5,14,368.935,2004,903,8.4,17.3,17.09570384,23.2,17.29795074,10.24973679,12.24944444,13.71833333,13.5,19.54
405131285514021_,2.791666667,777.3,4,29,181,138,2541,266,0,97,2,3,87.283,968,903,8.4,17.2,17.12534293,21.7,32.0164299,18.12750626,12.24833333,13.74055556,13.45,19.51
406021286614020_,2.588865546,10.1,1,291,85,143,1974,195,0,28,14,42,137.303,3651,887,8.3,16.1,15.8105344,21.3,22.51224709,14.41721916,12.30166667,13.83527778,13.51,19.61
406021286614090_,1.21318029,1616.3,4,52,154,133,2131,228,0,79,5,12,156.664,1863,886,10.8,9.2,10.53027715,12.4,54.14075851,33.04637718,10.66777778,11.84125,9.79,13.795
406021286614111_,1.409812099,1721.5,4,65,148,134,2099,224,0,76,5,15,248.278,1918,901,8,17.4,17.40796965,23.3,63.13897705,39.47349167,12.32875,13.75618056,13.355,19.58
406031286607040_,1.098305471,714.7,5,141,58,147,1741,163,0,21,6,65,1400.239,5219,888,6.8,19.5,19.02302871,25.2,17.44871521,10.68836975,12.16194444,13.74777778,13.14,18.95
406031286607060_,1.47222455,969.5,5,71,69,145,1757,167,0,26,6,60,1457.145,4765,909,7.6,18.9,18.61557053,24.4,24.57221794,14.47365212,12.19583333,13.735,13.16,19.06
406031286607070_,0.537430556,1086,5,13,62,146,1740,166,0,23,6,64,1978.324,5053,909,10.6,10.1,11.7989726,13,23.13981819,13.9047823,10.49333333,10.97069444,10.43,14.985
406041286603170_,0.46015625,117,3,153,132,126,1882,202,2,75,3,17,245.631,2177,913,7.9,15.9,16.83903491,23.2,3.334375381,2.000447989,12.09694444,13.72416667,12.22,18.26
406041286603270_,2.188914027,3388.8,5,83,90,132,1888,198,5,49,8,22,304.825,2321,913,8.2,17.3,17.68983229,24.2,126.2289963,80.73058319,12.26402778,13.80472222,11.65,18.1775
406041286603390_,0.478433141,42.9,2,82,42,143,1735,168,11,15,5,41,816.838,3046,913,10.8,7.6,8.45572648,9.9,1.619539022,1.167447805,10.72972222,11.91388889,8,12.16
406041286603430_,0.7125,12.7,1,193,81,142,1705,163,21,31,12,84,899.256,2590,912,8,18.1,17.9077292,24.9,147.2111511,100.8979797,12.37277778,13.83979167,11.94,18.8275
406041286603450_,0.385551247,3584.8,5,86,88,133,1879,196,6,47,8,24,364.497,2397,913,5.6,14.4,16.1238809,24.8,143.8577576,98.35810089,11.26138889,12.55944444,10.09,16.33
406041286603500_,0.423261183,438,4,84,168,118,2111,237,3,80,2,14,216.649,1527,913,7.6,15,14.71796149,20.7,6.893743277,4.39868629,11.55055556,13.326875,11.55,17.55
406041286603520_,0.606712963,395.8,4,93,76,134,1737,175,1,44,8,34,364.119,2819,913,7.3,12.1,12.05964912,12.4,6.335324287,5.042747974,12.61444444,12.77763889,14.97,18.505
406041286606050_,2.047428436,7076.1,6,14,92,134,1834,187,3,55,7,24,582.436,2707,904,7.8,19.2,18.79963746,25,204.7101898,136.990921,12.29972222,13.78722222,13.29,19.33
406041286606060_,2.854722222,7244,6,11,91,135,1828,186,3,54,7,25,664.672,2776,909,7.6,18.4,18.04477455,24.7,246.2512665,166.8925934,12.35055556,13.81569444,13.385,19.41
406041286606190_,1.080751629,7076.1,6,14,92,134,1834,187,3,55,7,24,582.436,2707,904,10.7,8.1,9.201156419,10.3,40.23133087,25.36375141,10.22694444,11.11486111,9.09,11.8
406041286606240_,1.951767677,1168.6,4,18,122,136,1771,179,0,72,4,24,1215.16,3358,904,7.7,18.7,18.38395661,23.5,24.3229599,14.80016613,12.28861111,13.77652778,13.37,19.305
406041286608010_,2.7475,267.4,4,131,118,140,1628,164,0,61,7,23,837.212,3334,904,8.7,16.4,16.48870966,22.4,4.331899643,2.06166029,12.26027778,13.77944444,13.22,19.2
406041286608040_,0.794265775,367.9,4,10,107,142,1614,162,0,54,6,32,1545.234,4870,908,7.7,16.8,16.71294493,22.3,5.409373999,2.656551242,12.25041667,13.78048611,13.185,19.14
406041286618020_,1.4,4034.4,5,245,87,133,1860,193,6,48,8,24,400.197,2390,904,10.8,8.3,9.28158157,11,163.9433594,126.2093124,11.34972222,12.66576389,11.19,17.325
406041286618030_,1.679703812,4076.5,5,211,88,133,1858,193,6,48,8,24,399.852,2392,904,7.9,16.9,17.07971014,24.2,152.1723633,107.2194595,12.25083333,13.81319444,13.12,19.935
406051286611030_,1.006972919,937.6,4,107,140,136,1652,166,0,64,8,14,156.37,1909,899,7.3,17.9,17.06451336,20.6,22.41292953,12.65677834,12.22555556,13.74583333,13.57,19.88
406051286611060_,2.233868267,1686.2,4,44,106,140,1570,157,0,50,10,24,430.443,2677,899,7.3,17.6,17.38121782,23.9,36.94425011,20.54637432,12.075,13.61513889,13.285,19.6025
406061286611050_,1.597576123,803.4,4,14,162,125,1677,172,0,80,3,16,248.831,1405,899,7.6,16.2,16.01156512,21.9,23.16231441,14.23316431,12.38972222,13.78368056,13.885,20.3125
406071286601060_,1.752947516,1285.1,5,27,134,127,2361,255,0,75,7,19,279.411,513,910,7.5,15.8,15.53568744,22.2,70.30496597,34.92830086,12.18277778,13.78819444,11.725,18.2375
406091286605020_,2.036229088,857.8,4,87,156,129,1849,193,0,97,2,4,84.015,578,904,7.9,17.2,16.56668545,21.8,26.79008102,13.75676012,12.99527778,14.11597222,14.19,19.99
406091286605050_,2.798512658,1609.2,4,84,142,134,1802,183,0,90,4,5,105.26,602,904,8.2,16.4,16.06722913,22.6,52.87176514,27.69475937,12.25861111,13.83013889,11.76,18.1875
406101286610020_,1.149279165,1194.4,4,11,157,127,1881,190,0,84,6,6,90.519,452,899,7.9,17.2,16.5982523,22.7,43.04292679,22.68161964,12.29527778,13.80666667,11.89,18.2
407041287705100_,1.707944956,1320.7,4,9,92,130,1856,194,7,73,8,11,151.201,506,894,11.2,6.7,7.349405594,8.9,63.8212738,49.25250053,10.68111111,11.56486111,7.6,11.8
407051287711030_,1.9,2007.5,5,208,107,121,1710,182,0,90,4,3,53.522,600,906,9.5,15.2,14.94808093,20.8,33.22651291,19.7707119,12.15305556,13.70972222,12.81,18.9
407091287712070_,1.61975867,1214,4,134,149,113,1925,218,0,97,1,6,436.248,1305,906,8.3,15.2,15.16554713,20.9,25.36708641,16.27460861,12.36,13.82666667,12.91,19.185
408011288805002_,1.536356711,475.1,3,20,130,138,1713,178,0,69,6,26,660.559,513,893,1,24.3,21.29578252,26.7,6.906990051,5.244037747,13.05111111,13.69729167,16.525,20.6925
4085108,0.425080009,154.7,2,211,11,68,754,86,38,11,43,11,134.728,1526,945,5.675,11.3,10.78803019,18.175,0.410848409,0.101715984,12.00569444,14.38090278,11.865,19.7425
4087119,0.367857143,26.2,1,232,8,83,823,92,37,0,0,100,2234.678,9301,945,8.241666667,10.49166667,10.73988224,18.08333333,0.223122299,0.056185211,12.22902778,14.37951389,13.41,20.955
40871488,0.635051841,40.7,1,208,10,83,820,93,19,4,1,100,2422.411,10777,945,7.933333333,8.5,9.607001687,15.36666667,1.269623339,0.701112032,12.20305556,14.113125,9.905,16.6375
409003,1.455779262,1546.7,4,95,2,161,443,32,24,12,12,0,4.462,138,954,10.439,10.6,11.63995323,12.325,0.515462518,0.208047532,10.00694444,10.58166667,10.33,12.135
409005,1.423580192,57159.4,6,81,68,130,885,77,2,48,7,0,7.333,169,954,10.575,11.088,12.15097759,13.563,165.6317902,109.5430164,10.09916667,10.71104167,10.515,12.8175
409013,1.579387624,6027,5,66,0,162,394,29,41,2,21,0,0.349,148,954,3.1,11.688,13.9414538,17.663,1.040186524,0.652348951,10.23763889,11.16840278,10.8,14.3475
409014,1.932644607,23348.9,5,70,5,161,479,35,4,2,14,0,1.061,164,954,10.474,11,12.30008851,12.975,9.440722466,3.966181636,10.22027778,10.97722222,10.7,13.715
409025,1.880338761,26129.1,6,130,101,120,1041,93,0,70,2,0,6.747,139,953,10.13575,11.413,11.93312229,13.131,167.4511871,124.2050571,10.30277778,11.18048611,9.935,13.9625
409036,1.578024492,317.5,2,69,1,164,365,26,1,0,29,0,0.393,113,954,10.563,10.975,11.86593085,12.4,0.100941688,0.047848332,10.14486111,10.64902778,10.4,12.29
409044,1.67584481,192.8,1,75,1,162,385,28,63,3,12,0,1.39,154,954,10.414,10.488,11.82549206,11.9,0.015528224,0.007206452,10.10166667,10.75347222,10.46,12.9525
409047,2.031216236,280.3,3,98,4,159,426,31,74,48,5,0,2.675,121,954,10.344,10.563,11.93765821,12.5,0.3169453,0.156748381,10.03569444,10.53979167,10.485,12.3275
409048,1.243832073,183.5,1,75,0,164,387,28,100,0,19,0,0.193,147,954,10.38,10.538,11.55943534,11.7,0.053412069,0.016702788,10.17333333,10.82388889,10.5,13.08
409061289901500_,2.36071325,1972.9,5,11,107,132,2256,231,0,77,7,13,193.077,1767,893,8.3,18.1,17.74433178,23,46.81075096,29.21009159,12.21777778,13.67944444,12.955,19.1875
409062,1.741182337,3254.1,4,72,0,160,407,30,28,4,18,0,0.329,157,954,10.21,10.8,12.63831935,12.863,0.414197698,0.228562236,10.37027778,11.15131944,11.015,15.0675
409086,1.576010903,1048.3,4,69,0,164,381,27,73,1,21,0,0.331,146,954,10.365,10.913,12.44490838,12.863,0.101903975,0.044501878,10.1975,10.84791667,10.72,13.505
410040,0.588455336,39345.8,6,78,49,135,756,62,1,28,12,1,14.082,166,954,10.527,11.137,11.79163549,12.6,62.10894775,38.52380753,10.39972222,11.20555556,11.67,15.56
410130,1.331370832,120042.5,7,64,27,152,611,47,3,15,21,0,5.71,160,954,10.234,11.1,13.11904556,14.04425,99.93824005,63.05638218,10.25666667,11.05680556,11.365,14.81
412005,0.363045267,54876.3,6,93,22,157,605,44,0,11,26,0,1.694,168,954,3.5525,10.9,14.68806569,19.26925,6.832211971,6.832211971,14.39472222,14.39472222,23.85,23.85
412011,1.346815524,44011.2,6,162,26,153,644,48,0,10,28,0,2.03,178,954,2.623,12.394,16.56421375,24.416,6.09E-04,6.08E-04,14.34611111,14.34805556,30.44,31.89
4121660,0.33910426,4658.4,4,273,11,63,798,87,27,73,16,1,24.799,323,944,8.2,10.26666667,10.93457354,19.425,36.04572678,24.54559898,12.05055556,14.32361111,11.09,19.86
4121680,1.080970345,4943.4,4,270,12,64,802,87,28,74,15,1,24.534,313,944,5.8,11.275,11.04787493,18.23333333,38.18737793,26.87946892,12.11388889,14.28305556,10.96,19.6525
4121970,0.16980464,5969.7,5,257,11,66,811,88,29,69,18,0,25.647,299,944,7.8,11.25,11.45925894,19.6,45.38022423,32.00181246,12.42986111,14.361875,11.78,20.4875
4165500,0.274872449,1881,5,182,7,89,789,83,9,13,20,52,660.563,5570,944,7.2,12,12.20704585,20.2,9.491407394,3.703261495,12.21805556,14.26208333,12.41,19.975
4166500,0.621419218,928.8,3,191,10,89,789,83,20,18,1,77,767.636,7535,944,6.7,12.225,11.87195118,19.525,2.135614157,0.344144166,12.405,14.39833333,13.14,20.42
4168400,0.467346874,294.2,3,196,6,93,795,83,0,6,5,70,872.048,7349,944,6.775,17.275,15.39717068,20.66666667,0.842227757,0.136866797,13.89708333,14.88131944,17.645,22.6575
4183038,0.590711927,26.3,1,237,4,95,878,85,0,0,81,0,29.41,298,921,6.85,11.2,11.89935872,20.075,0.061298497,0.001635843,11.74527778,14.01305556,12.16,19.46
4188496,0.568545728,122,1,262,5,98,896,89,0,3,66,3,52.887,689,925,5.375,14.225,13.48087649,21.4,0.366342604,0.03040994,12.13583333,14.03722222,13.25,20.26
42071,1.65883168,9889.1,6,1306,44,59,599,61,11,67,4,0,5.611,105,928,4.1,11.9,11.7676229,18.55,36.40925217,24.74996185,9.784166667,15.10361111,8.83,25.23
425003,1.384577541,391770.4,8,108,15,185,588,38,0,18,11,0,1.497,126,954,1.2805,25.6065,22.88799949,28.688,20.10840225,17.61429405,14.06388889,14.0825,32.41,33.58
45301,0.314433578,4.4,1,68,20,113,996,101,0,3,14,100,1884.314,6398,928,5.15,13.35,13.73619247,19,0.543343067,0.066769771,12.405,14.6125,11.88,20.255
50048565,0.593709766,7.9,1,31,17,255,1810,122,0,0,4,100,2397.282,20341,832,6.725,27.2,27.12043301,27.975,0.956493676,0.195116475,12.09888889,12.85611111,19.22,22.19
50048580,1.325425965,7.9,1,31,17,255,1810,122,0,0,4,100,2397.282,20341,832,1.85,28.05,27.99717268,28.775,0.586165845,0.158434376,12.20305556,12.9025,19.27,22.49
5054000,0.2609375,17403.3,5,275,5,53,560,62,31,23,72,1,12.771,246,941,7.55,9.725,10.85102058,21.25,26.11011219,12.83171749,12.19347222,14.68104167,13,20.4725
5057000,1.129884036,7033.9,4,423,8,42,447,50,38,0,64,0,1.094,80,929,7.225,8.8,10.27998869,20.2,2.557525516,0.51663211,12.23930556,14.75027778,12.87,20.71
5114000,0.935556182,21956.1,5,533,4,30,398,48,38,1,70,0,2.159,98,916,6.5,16.475,14.61462138,21.925,6.199075937,3.68403399,13.66347222,15.698125,14.285,23.55
5124000,2.295733652,42407.1,6,443,5,33,410,48,38,4,70,0,3.291,113,903,2.225,11.85,11.06634513,20.45,24.67609787,11.66330671,14.08833333,15.71194444,17.43,24.38
5435943,0.602885661,51.6,2,302,20,75,823,87,0,6,40,60,817.366,4336,945,7.75,12.2,12.23414116,16.56666667,0.574842036,0.065520154,12.24680556,14.36375,13.21,20.61
5435950,0.183910534,222.7,3,291,24,75,828,87,0,20,40,18,244.768,1992,945,8.675,11.2,10.91784388,16.6,1.795012355,0.476019807,12.38513889,14.42736111,13.575,20.97
5515500,0.285890728,1312.1,3,206,6,97,993,100,37,20,56,4,75.664,766,921,7.725,12.6,12.72206039,19.225,14.23864126,8.570406675,12.26680556,14.210625,12.585,20.13
5524500,0.045,1456.8,4,200,2,97,961,92,0,20,76,1,13.267,241,921,7.075,12.8,13.2102319,21.45,8.285007477,4.775023222,12.43361111,14.28388889,13.33,21.11
5537980,0.862196115,2199.7,4,191,7,90,905,95,0,22,13,70,963.678,7212,950,7.3,14.225,14.85134348,22.875,0.964631259,0.462575316,12.04055556,14.13444444,11.69,19.9
5558300,0.219359935,33618,6,154,5,94,931,92,6,14,64,13,173.07,1523,950,7.475,14.7,15.21662248,25,197.151413,95.40273666,13.47222222,14.73652778,15.89,23.35
5586300,0.16348128,67843.7,7,146,6,101,937,90,4,11,69,8,103.459,1006,950,6.55,14.7,14.69909005,24.5,356.7110901,225.86026,12.17972222,14.05194444,13.62,21.3
5599490,0.776190813,5595.8,5,123,8,128,1087,93,14,10,56,2,38.405,567,950,4.725,16.025,15.90521937,24.85,18.44102001,7.708634734,11.74875,13.60944444,13.245,20.53
613,1.974128788,20193.4,6,370,55,73,921,128,0,41,25,7,156.617,1432,955,9.375,11.3,11.34985391,16.8,289.8878784,208.1481628,12.175,14.79722222,9.98,17.63
616,1.993869732,37598.1,6,327,49,74,841,115,0,45,29,6,135.003,1370,917,8.2,12.15,12.26453812,19.025,450.1018066,297.0695801,12.565,14.81166667,10.87,18.18
6711565,0.466311027,8804.2,5,1626,86,28,468,54,6,75,4,5,68.449,581,951,7.575,11.25,11.61894562,18.05,7.304889679,3.857283235,12.07166667,13.94152778,16.57,21.86
6800500,0.728689065,17914.9,5,354,11,90,652,61,8,1,69,0,7.154,133,939,7.55,21.375,20.02141967,25.25,45.40285492,23.44241333,13.9,14.80166667,20.18,24.925
6805000,0.605034115,4194.9,4,331,14,103,763,70,0,3,78,5,73.034,654,939,6.95,21.2,20.07510602,24.95,11.06834698,5.327887774,13.9625,14.82277778,20.1,25.135
6805500,0.604861111,219089.8,7,330,28,75,473,45,6,14,28,1,20.91,225,939,7.7,21.625,20.28321792,25.625,323.0704956,187.436058,13.79611111,14.735,19.94,24.785
6818000,0.221740818,1059606,8,266,32,65,447,45,9,13,32,0,7.464,125,906,7,16.575,15.75931293,24.55,1741.299316,998.7641296,12.90833333,14.33430556,16.04,22.955
6892518,0.3125,154796.8,7,265,11,109,615,52,1,2,61,0,7.391,155,934,7.8,17.25,16.61104209,25.5,131.9004211,64.19920349,12.14472222,13.88722222,14.22,21.62
6893620,0.382059574,24.7,1,284,22,125,971,87,0,0,8,99,1103.324,10117,906,6.6,13.72916667,13.51050347,21.05,0.860939115,0.234844223,12.34305556,14.07395833,15.005,22.2575
6893820,0.496291209,257.4,2,274,18,123,973,87,0,8,26,46,490.342,6151,906,7.2,14.55,14.21160079,23.025,0.512405813,0.08945854,12.15583333,13.98972222,14.12,21.63
6934500,0.344837791,1322641,8,182,28,74,512,50,7,13,37,1,9.258,155,906,6.7,17.6,16.81636325,25.4,2894.245728,1729.427765,12.79666667,14.24694444,15.89,22.82
7049691,0.697550143,3103,4,367,59,138,1169,96,0,72,23,1,30.054,392,797,6.825,9.3,9.507474164,10.2,15.09635735,9.156259537,12.39527778,14.20868056,16.55,23.0575
7054501,0.563226829,15612,6,207,48,135,1123,91,0,63,24,2,37.15,450,797,6.7,12.4,12.39143648,14.1,62.43366623,43.41132545,12.32847222,14.17840278,16.4,22.58
7061270,1.200992063,67.3,1,380,64,126,1112,91,0,100,2,0,2.861,9,906,8.65,14.675,14.85630866,21.26666667,0.798586726,0.010747439,12.30444444,13.9625,15.19,21.73
7061290,0.7055806,247.2,3,269,69,127,1116,91,0,100,2,0,2.293,22,906,6.65,15.35,15.80737527,23.85,1.268821299,0.031695008,12.1825,13.92215278,14.82,21.5375
7075270,0.43841924,186.6,2,325,78,143,1256,99,0,100,7,0,1.147,84,797,7.375,14.825,15.50148144,22.4,1.041689038,0.027629888,12.06527778,13.63215278,14.94,21.4975
7076000,0.676833333,2982.9,4,170,63,144,1265,99,0,91,12,0,10.623,206,797,7.025,10.2,10.23907404,11.2,16.01671028,7.787172318,12.37916667,14.04486111,16.65,22.98
7099400,0.89931547,11937.7,5,1504,105,38,438,51,8,76,4,0,8.389,147,951,7.1,10.6,11.17318516,16.6,14.50646734,7.969306111,12.22763889,14.06486111,18.295,24.0725
7109500,0.675,132.5,2,1428,12,112,318,24,0,2,12,0,2.554,91,951,7.5,12.4,12.43176282,18.425,17.549263,9.591369867,12.17680556,13.95791667,18.215,24.07
7164500,0.287990196,187152.1,6,215,19,117,551,44,3,12,44,1,13.473,197,809,7.5,17,16.92134856,24.95,123.085968,57.20121002,11.95083333,13.80861111,15.62,22.765
7177500,0.475,2358.7,4,195,21,149,963,74,0,18,9,0,13.076,216,809,7.75,17.15,16.17526953,22.85,4.728952169,1.668796211,12.15541667,13.81840278,15.455,22.72
7178200,0.108333333,2934.2,4,201,20,150,969,74,0,16,11,8,89.437,1092,809,7.375,18.8,18.15593068,25.55,8.722118378,2.876961231,11.84777778,13.47111111,13.85,21.1
7198000,0.517131921,4214.4,4,195,30,146,1156,92,0,54,30,7,76.548,679,809,6.5,14.2,13.90605144,17.65,24.05002403,10.23406792,12.11166667,13.73277778,15.56,22.78
7239000,0.840565505,33536.8,5,506,8,134,490,36,10,1,46,0,2.992,114,809,5.85,13.65,14.4070873,18.95,4.119651794,1.707387924,11.16111111,13.32638889,13.62,20.88
7239450,0.727439187,34787.4,5,422,8,134,499,37,9,1,46,0,3.165,115,809,7.65,16.6,16.61977858,24.75,4.793367863,2.018323421,11.9875,13.74305556,16.88,23.9
7241000,1.039012419,35351.2,5,393,8,135,504,37,9,1,47,0,4.857,133,809,7.25,17.1,16.67228163,25,5.387342215,2.300226152,12.02263889,13.67520833,15.86,22.635
7241520,0.608815641,35872.3,5,359,8,135,509,38,9,1,46,1,14.014,212,809,7.7,15.65,16.26630873,23.7,8.102361679,3.636223316,11.705,13.63,15.38,22.22
7241550,0.973519201,36071.2,5,346,8,135,511,38,9,1,46,1,14.704,219,809,7.75,16.3,16.84617224,23.85,7.908939838,3.381364822,11.87305556,13.69277778,16.06,22.84
7263296,0.348771642,239,3,158,53,160,1325,99,0,99,6,0,3.802,152,797,5.625,17.475,17.41930388,25.125,1.848031163,0.342054725,12.18277778,13.78055556,15.93,22.325
72632966,0.507479857,239,3,158,53,160,1325,99,0,99,6,0,3.802,152,797,7.075,18.55,18.75094829,27.35,1.989300311,0.368031777,12.27527778,13.745,16.14,22.42
7332622,0.402685183,967.7,3,165,8,170,1093,80,0,19,48,1,22.969,360,908,6.725,18.85,18.32202195,26.15,2.327479482,1.113562137,12.19319444,13.75611111,16.03,23.1625
8048000,0.791862401,1343,4,196,15,180,832,58,0,6,24,12,185.08,1764,908,7,21.675,20.93596166,28.075,14.32575703,5.47097826,12.24416667,13.70361111,17.26,23.84
8049500,0.39327381,7934.7,5,149,14,179,823,57,0,10,23,16,201.073,1761,908,7.225,22.15,21.95813842,28.225,10.49686241,4.237555265,12.12791667,13.57611111,17.095,23.48
8052700,0.64662098,194.3,2,182,7,176,986,71,0,1,45,0,29.168,332,908,6.125,19.1,18.24466756,25.275,0.323650509,0.13960389,12.11402778,13.66145833,16.5,23.275
8052745,0.711828216,112.7,2,172,6,178,980,70,9,0,41,6,105.06,1910,908,7.025,20.4,19.61332784,26.125,0.382197082,0.075454487,12.31513889,13.78104167,17.305,23.7275
8057000,0.201037649,15804.5,6,138,12,179,870,61,0,8,27,19,234.667,2052,908,7.3,21.4,21.38226687,27.175,41.59868622,19.35059786,11.78513889,13.38305556,15.265,22.1025
8057410,0.517969704,16230.1,6,128,12,179,872,62,0,8,26,21,273.371,2291,908,6.75,21.8,21.7430318,27.9,48.54483414,21.05600548,12.36861111,13.68361111,17.29,23.41
8065350,0.492154072,36031.8,6,60,10,182,933,65,1,11,30,14,182.571,1581,908,6.8,21.1,21.04072071,28.5,83.96660614,45.11290646,12.20416667,13.52756944,17.355,23.34
8068000,0.447026644,2162.5,4,53,12,196,1132,77,0,71,12,4,65.178,612,908,6.825,22.74166667,22.27565964,27.7,6.306919098,2.928957582,12.23694444,13.49986111,17.07,22.9
8068500,0.402781723,973.6,3,39,7,198,1126,77,0,80,10,20,213.758,1728,908,6.8,23.06666667,22.4315991,27.975,2.584165573,1.26285544,12.08472222,13.43770833,17.005,22.7925
8069500,0.580345712,4628,5,27,8,198,1139,78,0,65,14,18,200.355,1609,908,6.7,23.6,22.9697112,29,13.61367702,6.617686391,12.18444444,13.47694444,17.17,23.08
8070200,1.569848138,1022.7,3,36,11,192,1216,83,0,98,8,1,26.13,297,908,6.8,21.2,20.75649803,26.6,3.663623095,1.402723312,12.14444444,13.47277778,17.1,22.98
8181500,0.576940025,3335,4,160,32,196,730,48,0,58,15,10,164.53,1065,908,6.65,24.225,23.83571398,28.275,2.885340571,1.150067121,12.17319444,13.41597222,17.895,23.8275
8181800,1.085193568,4551.1,5,148,27,198,731,48,0,53,14,23,352.664,2329,908,6.8,24.9,24.5825357,29,3.377293825,1.426934838,12.12972222,13.40909722,17.785,23.7225
8188060,0.938888889,9288.3,5,77,19,201,743,49,0,33,23,13,204.24,1436,908,7,24.275,23.46215191,29.15,7.452239037,3.204545975,12.20027778,13.41166667,17.93,23.81
8211200,0.144791667,43270.7,6,21,13,209,614,38,1,24,14,0,4.558,129,908,6.625,24.625,23.53125712,29.1,11.77555704,4.68856442,12.15013889,13.34569444,18.13,23.7175
8371500,0.841181062,103224.8,6,790,56,96,356,32,3,37,4,2,35.034,294,752,6.15,18,18.4533088,24.9,66.99528503,50.25267029,11.62416667,13.12111111,19.97,25.82
8374200,0.90292226,175200.3,7,819,56,126,388,30,2,28,5,1,29.187,305,892,7.3,20.36666667,20.42687971,26.3,97.91249847,66.93392181,11.81611111,13.25194444,20.07,25.82
8374510,0.81918207,185887.9,7,758,56,129,384,29,1,27,5,1,27.525,294,815,6.9,19.375,19.43161199,25.1,135.1641235,80.9867115,11.78847222,13.10069444,19.54,25.43
8375300,1.05942975,196974.7,7,619,55,133,377,29,1,25,4,1,25.985,285,908,6.3,25.225,24.406442,29.15,125.8488693,76.41338921,11.91375,13.27,19.48,25.2125
8377200,0.881488328,219103.3,7,446,55,138,374,28,1,23,4,1,23.371,264,907,7.1,22.85,21.91668967,27.325,134.3122787,80.38669586,12.07111111,13.34777778,18.85,24.8675
8412500,0.972815033,56661.5,6,840,29,135,353,25,1,18,2,0,3.136,87,908,6.7,16.9,17.34693189,24.225,12.60346842,9.287875891,11.83305556,13.331875,18.235,25.6675
8437710,1.213528694,76652,6,753,26,145,344,24,2,16,2,0,2.619,83,908,5.1,20.55,19.53424831,25.7,14.44611645,9.088606834,12.18083333,13.51708333,20.66,26.125
8446500,1.103498524,85598.7,6,705,25,148,345,24,2,15,2,0,2.671,86,908,4.75,20.5125,19.70318788,26.175,13.8647604,8.689651489,12.14833333,13.50805556,20.03,26.13
8447000,0.562555918,92094.3,6,664,25,151,347,24,2,14,2,0,2.535,86,908,6.925,21.9,20.9251242,27,15.82548714,10.51415634,12.27083333,13.55625,19.37,25.46
9041400,0.263201058,723.1,3,2422,75,20,468,53,7,71,10,0,0.423,81,951,8.3,7.075,7.212128092,10.225,2.117474556,0.626070261,12.18138889,14.10111111,16.31,22.93
9406000,0.092261905,2439.3,4,1101,119,88,410,35,0,57,3,0,0.905,102,925,8.05,12.85,13.87070595,20.125,2.449432731,1.505838394,12.1675,13.88111111,19.38,25.9575
A2390542,1.802845473,670.5,4,73,4,143,561,44,0,1,29,0,4.547,229,950,0.626979167,16.625,17.14254702,19.01864583,0.020771572,0.016447915,13.27986111,13.49208333,23.395,24.465
A2391077,1.247191276,49.8,1,4,5,144,697,67,0,14,5,0,0.532,316,950,8.813020834,15.86354167,15.91374682,18.88354167,0.236541376,0.147653118,11.96333333,13.65638889,14.99,22.945
A2391078,0.965570738,49.8,1,4,5,144,697,67,0,14,5,0,0.532,316,950,6.766666667,16.15833333,16.46679949,19.2353125,0.226227984,0.149954621,12.29180556,13.79659722,16.05,23.3125
A2391081,2.836669655,213.9,3,26,10,150,550,45,1,10,9,0,0.143,127,950,11.98833333,4.694097581,8.11747539,14.70179888,0.007646358,0.001395319,11.54083333,13.41881944,13.95,22.0975
A2391082,0.354583333,151.5,2,14,8,150,544,46,5,0,5,0,0.129,182,950,9.476145834,12.55291667,13.58410814,17.51239583,0.00993301,0.004724544,11.48555556,12.71847222,12.635,20.3525
A2391085,2.115353969,289.3,2,30,7,148,601,48,0,3,13,0,1.248,195,950,0.16,19.379375,20.068337,31.3414558,0.01982047,0.008809352,11.10638889,12.51145833,11.855,18.395
A2391086,2.629875394,2623.5,4,35,6,146,559,44,1,0,23,0,2.285,227,950,0.07,16.275625,16.45284864,18.49854167,0.09965457,0.065471768,11.32444444,12.97319444,10.86,19.065
A2391140,1.063645833,1293.3,3,27,8,149,573,46,0,1,14,0,0.5,155,950,12.62360719,15.76416667,17.07322126,19.9184375,0.100860387,0.052648223,12.01430556,12.76236111,12.79,15.07
A2391152,0.932010313,19.2,1,21,9,152,516,42,0,18,6,0,0.128,45,950,8.119479167,15.02041666,15.84450085,19.17270833,0.011949816,0.005356894,11.81166667,13.71375,15.145,23.7625
A4260580,1.914439934,55.9,2,30,4,174,257,17,66,0,0,0,0.016,160,950,10.489,12.45766808,13.19370252,14.355,0.015813442,0.007582664,10.34555556,10.90444444,11.63,14.27
A4260594,0.721157239,761788.9,9,28,18,174,569,40,4,18,13,0,2.616,133,950,8.085,19.19291667,18.79161361,23.29135196,310.3262634,231.2173462,12.24611111,13.72625,18.34,26.165
A4260644,1.452627685,121.2,1,43,6,171,268,18,8,0,85,0,0.693,139,950,10.135,13.18379293,15.05636967,18.57940677,0.172391251,0.112602517,10.35833333,11.17194444,11.23,13.92
A4260703,1.328377149,759427.8,9,40,18,175,570,40,4,18,13,0,2.587,133,950,7.872026741,18.99083333,18.53294876,22.8396875,298.4831238,227.41436,12.01333333,13.53319444,17.82,25.71
A4261022,0.608789878,758540.8,9,34,18,175,570,40,4,18,13,0,2.59,133,950,8.223333333,18.95818479,18.72662798,23.7209375,305.5174561,237.7554016,11.92638889,13.51277778,18.23,26.41
A4261023,0.899604927,759706,9,21,18,175,570,40,4,18,13,0,2.598,133,950,8.380416667,18.80284455,18.29762999,22.73679701,305.7113647,232.4299164,11.89694444,13.43916667,17.11,25.53
A4261024,0.709578666,760329,9,29,18,175,569,40,4,18,13,0,2.61,133,950,8.583333333,18.37083333,18.061921,22.10354167,308.7460938,230.4858398,11.84083333,13.54472222,16.91,25.65
A4261107,0.467348209,33.5,1,42,7,173,256,17,54,0,0,0,0.008,133,950,10.2603125,12.011875,13.02696907,13.18125,0.022222476,0.011654756,10.33180556,10.88798611,11.63,14.28
A4261108,0.841840693,62,1,28,8,170,259,18,84,4,12,0,14.036,268,950,8.220833333,17.91382098,18.24159822,22.8975,303.2791138,232.9969101,12.03777778,13.60604167,17.855,26.2925
A4261139,1.676135644,51.1,1,239,42,147,593,49,0,0,23,0,7.377,282,950,0.67,14.1,14.38867977,17.8,0.011787564,0.001633479,12.15625,13.69833333,16.51,24.415
A4261168,0.93619647,759142.8,9,25,18,175,570,40,4,18,13,0,2.588,133,950,8.487406855,18.07126376,18.39870248,23.38833333,307.5340576,239.8147316,12.09986111,13.58472222,18.025,26.0975
A4261173,1.113542293,618.7,3,52,38,146,571,46,0,2,21,3,39.56,288,950,1.4109375,21.769375,21.81776859,23.1246875,0.066122904,0.041131549,14.45305556,14.51375,28.36,30.13
A4261224,0.420831727,34.4,1,33,6,173,255,17,94,0,0,0,0.008,95,950,8.171968107,19.89717085,19.39016713,24.05798183,0.016186841,0.005923134,12.40486111,13.78875,19.97,27.3
A4261255,1.139127889,62,1,28,8,170,259,18,84,4,12,0,14.036,268,950,10.41546604,13.84645834,15.33252665,18.55072917,6.69E-05,2.76E-06,10.47944444,11.70208333,11.35,17.875
A4261263,0.430517142,760403.6,9,31,18,175,569,40,4,18,13,0,2.61,133,950,8.374166667,18.82082624,18.6935854,23.49848849,308.1901855,231.5677643,11.91416667,13.55944444,17.16,25.68
A4261264,0.592697788,62,1,28,8,170,259,18,84,4,12,0,14.036,268,950,3.424270834,16.00729167,16.42242783,19.66052083,7.02E-05,4.31E-06,11.20083333,12.51305556,14.09,20.86
A4261265,0.767277911,760023.6,9,30,18,175,570,40,4,18,13,0,2.603,133,950,2.107239279,19.77514515,19.71683661,20.00853468,309.4271393,220.7429657,11.91013889,13.68340278,17.025,25.92
A4261270,1.515773344,33.7,1,30,4,172,264,18,63,21,98,0,18.431,249,950,11.07208333,16.25375,17.6209669,19.84166667,298.8653259,227.2075958,11.14861111,12.96833333,13.6,21.72
A4261271,2.700002845,33.7,1,30,4,172,264,18,63,21,98,0,18.431,249,950,0.1,20.73604167,20.96801109,23.611875,1185.217896,769.2543945,14.39111111,14.42611111,26.65,32.19
A5011036,1.591586872,110.1,2,154,54,148,747,72,0,47,12,0,3.79,202,950,0.2425,18.40625,17.66834234,19.8140625,0.020808756,0.006678211,13.26416667,14.20444444,20.47,27.01
A5011038,1.998324289,196.1,2,69,52,149,718,70,0,27,10,1,11.246,223,950,0.16,23,22.54487587,24.6,0.037233032,0.019171551,13.50305556,14.40888889,20.69,27.5
Caversham,0.226691729,26.1,1,109,19,96,712,102,0,3,42,15,520.136,2959,941,7.1,11.6,11.53457006,13,25.44855309,15.76743507,12.43083333,15.27361111,9.33,16.355
Charpassonne la Valette,1.091636029,54.6,1,629,80,92,821,100,0,12,7,0,67.597,1121,930,7.471875,14.2475,14.08357704,17.62125,0.084226452,0.013693215,12.27472222,14.29041667,14.4,22.075
Charpassonne Moulin de Ronzy,0.3321875,54.6,1,629,80,92,821,100,0,12,7,0,67.597,1121,930,7.415,13.1975,13.0654468,16.1975,0.084226452,0.013693215,12.275,14.29194444,14.4,22.075
Doise,1.384627332,28.2,1,558,63,97,801,95,0,0,14,0,53.806,886,930,7.05625,13.7,13.76904991,16.88,0.027214665,0.006501594,12.38083333,14.33416667,14.58,22.225
FP01,2.58876085,31.3,1,54,18,101,775,109,0,39,20,9,62.48,1232,921,0.120257215,11.075,11.40229981,13.45,0.532357633,0.237039968,12.33305556,15.04069444,9.91,18.385
FP02,2.621111957,381.5,3,43,36,94,840,126,0,0,44,4,106.288,706,916,10.76833238,6.95,7.209574265,9.3,4.463974237,2.816004455,9.876944444,11.47388889,4.94,9.0575
FP06,2.728937905,15.6,1,130,38,93,839,125,0,0,53,0,35.386,317,916,0.025334227,9.6,10.73627457,14.075,0.417443991,0.248226538,11.09083333,13.655,6.99,14.19
FP11,2.947526125,402.3,3,29,36,94,839,126,0,1,43,4,103.918,712,916,0.030851823,8.2,7.398829952,10.15,3.364484072,1.671880841,10.85694444,13.60958333,6.74,14.165
FP12,2.496276143,208.4,3,76,45,91,857,130,0,0,46,4,96.731,681,916,11.01917534,8.6,9.011432749,10.175,3.045100212,1.78614819,9.431388889,11.62305556,4.68,8.9
FP15,2.688041355,35.1,2,147,40,89,868,133,0,0,36,0,26.331,442,916,11.08292976,8,8.058391204,10.125,0.512731433,0.304577887,10.30236111,12.53326389,6.05,11.04
FP21,2.851017402,185.2,3,26,36,94,828,123,0,1,49,1,54.523,501,916,0.020636315,9.1,9.705548942,12.1,2.260863066,1.189840347,10.89236111,13.55138889,6.935,14.515
FP22,2.632630123,119.4,3,57,38,93,833,124,0,0,51,0,32.681,450,916,5.00584501,11.05,10.71677199,13.95,1.034493804,0.548534989,12.42916667,15.18861111,10.13,17.81
FP23,2.654266797,39.9,1,140,47,92,847,128,0,0,53,0,27.144,483,916,0.129105797,8.625,9.065907671,11,0.978278279,0.561068058,10.28916667,12.73222222,5.85,11.53
FP26,2.700544496,25.8,1,168,60,90,867,132,0,0,53,0,22.05,678,916,0.15727434,10.4,10.56530456,12.85,0.416028291,0.210418731,12.06472222,14.96527778,9.35,17.22
FP31,2.639871775,88.6,3,143,45,89,871,134,0,0,35,0,33.302,469,916,11.20051415,8.05,8.167470223,9.95,0.419231996,0.261372127,9.963055556,12.278125,5.41,10.6575
Loise Essertine en Donzy,1.878867241,41.5,2,522,68,94,814,97,0,0,7,0,70.675,942,930,5.774375,13.09,12.69886752,15.625,0.031999901,0.005990588,12.22166667,14.62555556,14.58,21.93
Mare Pont du diable,1.926336001,115.9,2,463,68,87,779,96,0,44,31,7,64.281,804,930,8.4475,14.675,14.50609468,17.035,0.33668156,0.134737931,12.29944444,14.21076389,14.675,20.5825
PL09,2.592017287,154,2,136,32,92,704,104,0,0,71,0,47.95,524,941,0.098578767,10.075,10.13626531,11.85,1.156521738,0.851762727,12.70958333,15.26548611,10,16.4425
PL15,1.753645777,237.7,2,97,28,93,706,104,0,0,70,1,64.979,685,941,8.981426171,11.625,11.46552819,14.2,1.687816978,1.008866787,12.64972222,15.23861111,10.08,16.1
PL17,2.307771421,124.6,2,113,27,95,708,104,0,0,62,2,70.421,790,941,1.804493184,10.25,10.24073774,14.1,1.127559483,0.736786976,12.40555556,15.33548611,9.27,16.0925
PL18,2.433218634,124.6,2,113,27,95,708,104,0,0,62,2,70.421,790,941,0.344767315,9.735,9.926149812,14.045,1.191904426,0.797689736,11.77472222,15.08625,8.26,15.275
PL19,2.509090659,172.2,2,77,26,95,709,103,0,0,58,3,89.658,917,941,6.417103246,10.6,10.82920666,13.7,1.152649462,0.74113059,12.24930556,15.17423611,8.94,15.7775
PL20,2.43273046,124.6,2,113,27,95,708,104,0,0,62,2,70.421,790,941,8.506858514,10.725,10.66265044,12.1,1.097018003,0.722760156,12.63347222,15.39416667,10.17,16.7
Stour_Wixoe,1.149823743,181.2,2,72,15,92,558,83,0,0,74,6,204.331,1300,906,8.34,11.87,12.03904905,16.48,0.532738477,0.274776861,12.65611111,15.36819444,9.925,16.65
TE03,2.824986517,23.7,1,133,28,88,754,120,0,2,25,0,29.571,512,894,10.41015087,6.96,6.970682176,8.90125,0.298610687,0.157550491,9.4025,11.83340278,4.085,8.6
TE05,2.625926206,138.9,2,80,18,88,751,120,0,0,20,2,110.232,765,894,0.318668257,8.9925,9.878468115,13.925,0.303338975,0.138951212,10.38027778,13.90666667,5.58,11.755
TE09,2.43158613,192.4,2,66,16,88,739,118,0,0,21,1,97.222,754,894,0.524109195,8.06625,9.184818954,12.508125,1.512316823,0.741412044,10.52,13.62333333,5.44,10.82
TE16,2.638814393,42.9,1,135,22,88,772,123,0,0,17,0,47.147,937,894,10.32096694,7.535,8.057468849,10.055,0.243691564,0.074111549,9.589305556,12.10111111,4.165,9.065
TE20,2.4946748,29.4,2,64,16,87,707,113,0,0,36,0,27.046,529,894,10.42348788,9.45125,9.201476616,11.8225,0.177983403,0.042533437,11.60333333,14.30027778,7.9,13.265
TE22,2.079715459,138.9,2,80,18,88,751,120,0,0,20,2,110.232,765,894,7.559878713,11.19375,10.84949966,13.98,0.303338975,0.111678693,12.86805556,15.65,9.31,15.3
Thames_Taplow,2.808571429,6874.6,5,43,20,95,678,99,0,0,56,13,323.264,1384,941,10.49,10.0225,9.922755944,13.188125,39.21899796,28.62918186,12.75888889,15.36263889,9.9,17.25
Toranche aval,1.197597842,89.7,2,405,41,100,778,90,0,1,29,0,55.457,975,930,4.008125,14.345,13.95188299,16.7775,0.121884014,0.025936481,11.66291667,13.76493056,11.78,19.4975
Toranche St Cyr les Vignes,1.405671783,89.7,2,405,41,100,778,90,0,1,29,0,55.457,975,930,6.855,14.4275,14.29853435,17.535,0.11618831,0.02381334,12.27416667,14.28291667,14.4,22.075
Trout Beck_ Calgaith,2.808571429,30.2,2,212,129,72,1230,212,9,2,3,6,40.202,359,901,10.49,10.0225,9.922755944,13.188125,8.570665359,4.371571779,12.83416667,15.75277778,8.81,15.195
