file_name,latitude,longitude
2927,30.458399,116.300251
2870,30.128011,116.618304
2876,30.024119,116.34803
2946,29.992903,116.466746
3879,29.95998,116.156272
2949,29.905695,115.966227
2919,30.509513,117.000948
2935,30.62842,116.613475
2899,30.27099,116.669977
2868,31.016411,118.952277
2861,33.127823,117.879486
2258,32.9527884,117.2710932
2904,32.502665,116.521698
2930,33.316899,117.316955
2911,33.540418,115.637255
2865,33.262629,117.804218
2948,33.103036,116.867173
3872,33.9833958,115.8904
3873,32.786927,117.333539
2866,33.85356,117.280926
2909,33.637904,116.048247
2883,33.34421,116.426383
2867,33.138513,116.19039
2887,30.259622,117.064422
6387,30.7703,117.7527
2918,30.4956203,117.0053119
2889,31.714434,118.319357
6388,30.669,117.46
2871,30.42124,116.871085
6488,30.3812,117.033
2858,32.130695,116.383512
2856,30.20963,116.914531
2860,30.774607,117.684788
2183,31.861184,117.284922
2878,32.704886,119.026529
6223,32.7923,117.9642
2263,32.724409,119.0894
2255,33.1674762,118.1533047
6224,33.1689,118.1492
2901,30.593188,114.273591
6225,32.3088,118.4555
2910,32.288364,118.315567
2859,32.199777,118.417907
2925,31.785615,117.154467
6226,32.0978,118.2887
2937,32.658297,115.595644
2252,33.4957895,115.4699245
2260,32.4164278,115.6365441
6227,32.4286,115.6024
3878,33.0764559,115.2472543
2938,31.71867,118.521306
2939,32.912195,115.867791
2256,33.2640607,115.3390767
2177,33.352881,115.953353
2920,32.059642,116.807275
2149,31.50139,117.270311
3874,31.582279,117.834821
2854,32.943468,117.395278
2950,31.611101,117.806853
2254,31.6584795,117.4492571
2912,31.08593,119.031442
2947,31.657076,117.545139
2893,31.98873,117.087304
2863,31.262833,117.26247
2890,32.271894,116.220503
2942,32.717422,118.74337
2850,31.502262,117.258837
2869,31.410873,116.91384
6383,31.5392,117.3326
2851,30.758719,118.686325
2895,31.683019,117.471625
2259,33.814464,116.855937
6350,31.6554,117.2733
2885,33.840665,115.791037
2872,31.76996,118.355088
2852,31.577988,117.87603
2886,31.15702,117.439766
2864,30.584347,117.078305
2262,31.647649,117.811618
2897,31.769141,117.754946
2873,31.861184,117.284922
2253,33.8752478,116.5802321
6221,33.8744,116.5878
2896,30.771958,117.410646
2917,38.879326,116.001576
2862,32.605506,116.764262
2944,31.449897,116.423277
2257,32.6439828,116.9074973
2921,32.641579,116.915776
2891,32.775789,117.103527
2913,32.570486,116.5909
2877,32.373979,116.498832
2916,32.407674,116.887689
2933,33.219622,116.067254
6386,30.3723,118.0149
2932,32.045256,116.621515
2898,29.717799,118.297603
2908,30.459931,118.245551
2915,29.699942,118.293416
2924,29.763863,118.366667
2894,29.961077,118.504612
2905,31.18298,118.794129
2941,31.539384,116.332494
2884,32.350232,116.273076
2857,32.388833,116.429457
2892,29.862438,118.618899
2875,31.095417,116.90207
2874,31.572105,116.065087
2848,31.48546,115.620216
2936,31.630932,118.517796
2880,31.549437,118.479184
2888,31.484455,118.492964
2849,31.969757,117.417593
2855,33.51521,116.943445
2879,31.861184,117.284922
2251,34.0179266,117.213674
2922,33.753156,116.979217
2926,33.483853,117.215577
2882,33.4530255,117.8850083
2853,31.95972,117.499594
2929,30.832508,117.091176
2943,30.934479,117.926587
2119,30.700479,117.229669
2940,31.589232,117.271944
2150,31.6083986,117.8003691
2931,31.43253,118.311762
2928,31.130526,118.012738
2881,30.692212,118.387766
2945,30.926719,118.321239
6384,31.2695,118.3338
3871,31.495596,118.368319
2900,31.618256,117.2443
6389,31.1034,118.9031
2934,31.229151,118.288408
2907,29.690279,118.312937
2923,31.157496,118.743402
2902,31.332876,117.096014
2906,30.991272,119.936981
2903,30.691628,118.98031
2261,31.282899,118.720525
2914,31.645018,117.858773
2691,39.7572,116.03895
2690,39.907408,116.618333
2699,39.956847,116.39537
2694,40.412399,116.305631
3823,39.659091,115.499761
2231,39.93045,115.520692
2685,39.834406,116.425261
2692,40.026901,116.349049
2696,39.977668,116.365688
2693,39.941767,116.32528
2689,40.309662,116.592811
3824,40.0709784,115.7227302
2684,40.563889,116.803076
3822,40.6900516,117.1595757
2698,40.094418,116.298616
2686,40.517502,116.913914
2681,39.673915,116.526519
2682,39.890237,116.187123
2695,39.654948,116.574886
2687,39.735711,116.903395
2688,39.899404,116.44061
2683,40.319538,116.633775
2697,40.430962,115.959848
2542,26.205703,119.555245
4088,25.940286,119.241465
3614,25.882692,118.933046
3617,25.9737169,119.459778
3620,26.137615,119.56057
2544,25.085454,118.534895
3623,26.146209,119.107921
3624,26.326652,118.755979
3625,25.24576,117.150525
3590,25.029821,116.447085
6392,25.4639,116.2935
3621,25.490233,116.324225
3605,27.2072,118.2109
3609,27.4979,118.0807
2539,26.7954,117.9049
2543,27.2974,117.5617
3602,26.100779,119.295144
2535,24.888209,118.607392
3606,27.563409,118.409036
3610,26.548915,117.996231
2538,27.336408,118.713059
3608,27.647798,118.688747
3618,27.378477,120.103534
3592,26.810521,119.569207
3616,27.12725,119.647502
2541,26.96766,119.679468
2536,26.433311,118.623307
2540,26.986877,119.624264
4086,26.178062,117.372355
4087,25.963816,119.239609
3594,25.033597,118.478314
2537,24.8213,118.58747
6391,25.1817,118.4147
3613,25.284037,118.383698
3600,25.050703,118.266127
3595,24.951791,118.44607
3601,26.671964,117.19124
3599,26.175309,116.759826
3611,26.088396,117.10368
3612,26.086997,117.444817
3607,26.314279,117.682267
3604,26.82863,116.948359
3598,25.82232,117.97768
3603,25.92585,118.393076
4089,24.981593,116.978429
3619,26.100779,119.295144
3596,24.46201,117.405013
3593,25.107288,117.555005
3615,26.057304,119.209604
3622,26.100779,119.295144
2165,24.360423,117.93156
3597,24.567778,117.518239
3589,25.346121,117.555685
3591,23.94656,117.3503
4084,34.3722143,106.7067619
3586,36.067756,103.825814
3585,36.059421,103.826308
3566,37.16923,104.29416
3576,35.581194,103.787401
3572,34.144303,104.847086
3578,33.998387,102.072639
3577,36.337031,103.944896
3570,38.279316,100.841336
3583,38.370496,102.0513
3582,39.930227,98.855668
3573,33.327425,105.606528
2533,36.1708623,103.4709425
3567,36.150864,103.993225
6348,36.1678,103.483
2174,40.310107,97.737083
3574,35.618085,103.237716
3571,33.327076,105.082771
3565,33.433584,104.787727
3584,35.33874,107.744589
3575,35.381435,103.426929
2534,34.532635,106.250042
3568,36.801105,102.734399
3580,38.399594,102.888018
3588,37.560335,102.738688
3579,37.912691,101.844367
3587,35.382401,103.855148
3569,37.858419,102.705305
3581,38.810096,100.160119
3913,23.037516,113.4043459
3049,23.816207,116.541195
2303,23.665131,117.003995
3032,22.761322,114.127158
6430,23.0588,113.7525
3035,22.9081,113.604057
3044,21.222112,110.48836
3031,22.926477,114.078428
2318,23.028025,113.199715
2299,22.888331,113.267097
3020,22.528784,113.3708
2326,22.693113,113.502012
2330,22.992944,112.290777
2332,22.800704,113.527502
2327,23.51581,113.556941
2315,22.891775,113.47333
2314,23.023376,113.333231
2300,24.063586,115.257782
6253,23.1376,113.7508
2311,23.064736,113.512709
2341,22.335273,113.448344
2319,24.347717,113.855428
6429,24.7013,115.1788
2343,22.529583,113.447543
3030,23.778596,114.629071
2344,24.487936,115.497302
3916,22.753253,114.616256
2333,22.54716,112.97655
2329,23.015018,114.4862
2307,23.241268,114.156364
6427,23.4143,114.6263
2320,23.177386,114.458742
2324,23.711524,113.217941
2308,22.800286,114.92215
2325,21.959607,111.675334
2340,22.997112,112.424484
3915,22.772049,114.658608
3908,22.694765,114.345859
3911,22.625011,114.021759
3047,26.040433,119.30373
3040,21.833564,112.661708
3016,21.615819,111.95378
3011,23.658045,112.992758
2187,24.067389,116.364039
2309,23.447464,116.554572
2345,23.572236,116.392179
3909,23.666268,116.667781
3918,23.115118,116.355037
3046,22.144068,110.986244
3043,22.917427,114.213266
3033,21.518345,110.66572
3045,21.914394,110.800196
3019,23.123124,113.804508
2313,23.083921,111.396813
2334,23.686789,116.887764
3914,22.552676,112.007501
3051,22.819872,114.198587
6428,24.6456,116.5965
3910,22.462587,112.742789
2304,22.979087,115.832299
6254,23.6832,113.0691
2178,23.6834229,113.0676568
2328,22.718191,111.271433
2335,21.613011,110.266806
3023,23.455017,116.716879
2331,23.488427,116.777142
2339,23.471058,113.183855
2312,22.341973,113.359214
3037,23.216101,116.624073
2306,22.238874,112.720441
3012,23.663332,117.010667
3036,22.909763,115.33408
2338,22.930987,115.609849
3014,22.888408,115.670252
2310,25.435996,113.181084
3052,23.406813,113.459421
3010,22.63393,114.426587
2305,24.59357,116.31529
2166,25.3024,114.655597
2337,22.599575,112.128586
2317,22.775054,115.038462
2302,24.858987,112.309585
3038,22.504472,114.620918
6425,22.5077,114.0357
3018,21.788581,111.940695
3034,22.548277,114.144205
3025,23.624911,116.084536
3024,21.817654,112.20793
3022,23.6177,114.043419
2336,23.072242,112.153685
3017,23.557082,113.573502
2301,24.750105,113.790692
3021,21.426139,110.797865
6426,21.4314,110.7946
3039,21.704117,110.314917
3054,22.043911,110.84747
3029,23.031892,115.691944
3027,21.912125,110.292455
3048,21.899485,111.599009
3050,21.29799,110.310359
6486,21.3002,110.3065
3015,20.874187,110.065695
3041,22.928083,114.111006
2321,23.296456,112.985654
2186,24.047347,113.779963
2316,23.43983,111.73678
2342,22.732501,112.224538
2323,22.885302,111.995442
3013,23.103511,113.299762
2322,22.5278286,113.2008883
3053,22.081743,113.268814
3026,22.185259,113.320854
3028,22.354748,113.277283
3917,22.184873,113.416799
3042,22.202501,113.529852
2361,23.987209,106.6086
3065,24.841618,109.086756
3086,23.265396,106.626888
6431,22.9472,106.5182
3060,23.760171,106.713662
3090,23.750608,109.204224
3067,21.49836,109.487331
3062,22.62867,110.154484
2346,21.66039,109.136571
3058,21.859164,109.314957
3080,21.661164,109.187354
2355,22.853146,106.72843
3083,22.658889,107.052149
3057,22.32444,107.00286
6259,22.2183,106.7032
2349,22.2165526,106.7065555
6258,22.4671,106.5805
2353,22.4645798,106.6125759
3071,22.406804,107.157188
3074,22.614994,107.620837
3082,21.478081,109.088091
2368,21.5379255,107.961648
3076,21.570177,107.945238
3069,21.755239,108.341088
3055,22.902323,108.729323
2366,23.466327,110.1675757
6257,23.4832,110.166
2359,23.421211,110.539833
2362,23.787609,106.821007
3921,26.23545,110.741813
3073,23.878907,109.370345
3085,24.7709036,110.497554
2347,25.940862,109.873784
2352,23.379547,106.180563
2348,24.204279,110.156699
2357,24.507607,108.884472
2370,24.965173,107.548562
3070,24.008638,111.73259
3068,23.828315,111.789524
3081,24.328632,111.661029
2367,25.304837,110.177191
3066,23.712343,107.344794
2364,23.850452,109.516111
2365,23.51852,108.129669
2350,23.494393,109.736549
2358,25.225332,108.407467
3088,24.441674,109.294024
2371,25.414973,109.543408
2360,24.902747,110.517916
2356,25.185404,109.414808
3064,23.496188,111.315001
6255,22.7836,108.1264
3061,23.527328,108.095434
2351,22.7818691,108.1314675
2354,23.556576,110.390755
3077,23.677842,109.691139
3087,23.271717,107.640959
3063,24.412143,109.45227
3056,23.297972,109.233416
3089,23.19284,109.147307
3079,21.857575,108.464468
3091,22.821797,108.367836
3084,21.952482,108.629303
3059,23.716759,111.047065
2363,23.415838,111.174427
3919,23.4710909,111.4278861
3078,22.80351,108.925424
2369,22.866259,109.287212
3072,25.248311,110.356664
3075,22.580836,110.81614
3640,26.454783,106.024287
3633,25.469452,105.788393
3639,25.424586,106.349905
3653,24.971523,105.136215
3650,27.072791,105.517573
2552,27.66309,105.55528
2550,27.504242,108.684432
3648,26.050708,107.859702
3645,26.594198,104.81999
6330,26.6586,106.8425
3643,27.019474,107.194447
3641,26.59063,105.814847
2549,26.627461,106.675106
3628,26.299092,106.945617
3655,26.09237,107.267217
3632,26.315435,104.751606
3637,26.395302,106.25089
3642,25.338895,106.859982
3629,25.453177,105.225155
2555,26.768079,107.879014
2548,25.74035,108.90642
3644,25.959223,108.413673
2551,24.978988,104.75777
3631,28.501509,107.334652
3626,26.049567,106.617924
6343,25.427,106.5798
2554,27.017328,108.63525
3636,27.197683,106.69382
2101,25.032207,106.140539
3654,24.871249,104.586066
3649,25.047065,104.993971
3635,26.50267,106.885877
2547,26.8793,107.450544
3646,24.965662,106.150154
2546,24.930468,105.034115
6446,24.8908,105.0653
3630,27.545454,108.232482
3627,27.727316,108.211309
2553,27.458087,106.232531
3647,27.856315,106.831306
4097,28.6121356,105.7347714
6263,28.6078,105.7339
4096,26.517989,106.698497
3651,28.557576,107.503885
4098,28.707484,107.99651
4092,27.39656,107.706988
4094,27.362076,107.413232
2556,25.282076,105.533786
3638,27.576213,107.191157
3652,27.433498,107.267449
3634,28.749019,106.83572
4033,19.2720963,108.6903554
4034,19.9705531,110.4074416
4031,19.2015342,110.3966286
2514,19.329235,108.685071
6436,19.2542,108.759
3401,19.23792,108.90976
3408,18.892128,110.410343
3395,18.309346,109.296015
3400,19.41804,109.55144
6433,19.383,109.5534
3394,20.046635,110.362581
6435,18.9656,109.0124
2516,18.985702,109.005486
3415,18.299466,109.537206
3404,19.738661,110.220908
2518,19.882588,110.416458
3398,20.033524,110.392915
2517,19.970869,110.397589
3413,20.001319,110.372868
3419,20.017377,110.349228
3396,18.840112,109.319906
3397,18.435633,108.88035
3414,18.272081,109.575045
3407,18.517517,110.0638
3417,18.584272,109.899226
3412,19.108343,110.142541
3416,19.107418,110.517393
3420,19.146787,110.324964
2131,20.009525,110.375224
6434,19.1485,110.5475
6432,18.4351,109.2399
2515,18.436393,109.242338
3409,18.365332,109.16614
3410,18.401897,109.457375
4032,18.307736,109.470361
3418,18.407165,109.757936
3403,18.771022,110.361185
3405,18.899736,110.478603
3402,18.868383,110.446856
3399,20.03468,110.341344
2513,19.624334,110.717366
3411,19.619,110.753577
3406,19.641482,110.90946
3272,38.866844,115.818382
3980,37.860935,115.462705
3292,38.87054,115.76742
3256,39.223947,115.765844
3279,39.083817,113.972268
3290,38.850254,114.835328
3281,39.615082,118.20546
2454,37.211118,115.350472
3978,40.639475,114.967119
3263,38.477117,117.542157
6346,38.6862,117.047
3971,41.935244,117.275885
3965,40.898121,114.94327
3973,40.748003,118.139283
3247,40.616037,117.774843
3974,40.748003,118.139283
3972,40.748003,118.139283
6360,40.619,118.1416
3986,37.823713,115.686356
3968,40.711074,117.443262
3967,40.842139,118.073132
3969,39.437191,116.167531
3266,40.559135,118.381182
3255,40.772528,118.599514
3265,40.420427,117.242605
3250,41.014807,117.961347
3977,40.980027,117.761063
3262,41.673671,117.821479
3982,41.12365,117.970569
3278,36.766382,114.95768
3979,36.951398,114.845351
3970,37.242002,114.365986
3274,36.29222,114.171204
3273,38.041596,115.982251
3267,39.32171,115.254284
6362,37.6493,115.6312
3981,39.743079,116.931147
3288,39.743079,116.931147
2453,38.037057,114.468664
3261,37.905393,116.131193
3259,37.319989,115.091033
3984,38.652577,116.182963
3249,39.953975,116.824239
3966,39.99629,117.088879
3280,38.379485,115.117539
3985,39.740219,116.932708
3976,36.809996,115.245483
3269,39.44595,116.73027
3268,39.44595,116.73027
3248,39.58526,116.535515
3277,39.802411,119.450936
3289,39.898234,118.832748
3983,39.956513,119.793347
3282,39.906055,119.576813
2142,39.918966,119.631456
3283,39.776323,119.421414
3295,39.678461,119.223129
2455,38.3201557,113.9937027
3251,38.358695,113.861347
3276,38.269558,114.17444
2452,37.972436,113.913956
3253,38.065176,114.600669
3270,40.963671,118.664147
3284,39.227626,118.04918
3252,38.879094,115.653094
3271,40.218147,118.304493
3975,39.320799,115.666086
3286,39.750631,118.773574
3258,37.260106,114.778632
3293,37.518685,115.075585
3260,38.037057,114.468664
3294,38.823736,116.024029
3254,38.897404,116.028691
3257,37.513177,116.04779
3264,37.865007,115.813964
3287,38.962979,115.991458
2451,38.325802,116.212332
3291,40.762463,114.879227
3285,40.349608,115.373872
3275,40.68112,114.715335
2450,40.3405825,115.5478498
3994,36.090043,114.595831
3313,36.07964,114.135423
3995,36.223898,113.755761
3992,35.403717,113.944923
4001,35.939563,113.676228
3997,35.511776,114.197142
2463,35.850782,113.931199
3301,35.518042,114.288454
4000,34.9212315,112.4006733
6410,34.9196,112.3992
3304,34.571616,111.478756
4004,34.98639,113.518359
3991,34.673653,114.11387
3339,34.357765,114.467138
3331,34.175108,112.528488
4012,34.721917,112.605462
4015,34.755454,112.153882
4005,34.343022,111.458961
4017,35.601019,113.750164
4011,34.387848,111.119843
2107,34.765515,113.753602
2105,33.58455,113.403169
3297,33.93393,113.949926
3333,33.606101,113.763482
4014,33.669493,114.171639
2129,33.686867,114.196677
3296,33.877112,113.779832
3996,33.013801,112.619984
4008,33.243547,111.024888
6404,33.2666,111.0082
4007,33.085054,111.221863
6405,33.0805,111.2159
2457,32.6736289,111.7090816
3309,32.678301,115.062234
6241,32.669,111.7053
2456,34.765515,113.753602
2156,33.348079,111.90639
2459,33.124041,111.460461
6407,33.0427,111.4756
3990,34.691727,112.318621
4009,33.136314,111.16439
6406,33.1537,111.1579
4003,33.313765,113.234746
3300,34.765515,113.753602
3326,33.722364,113.250862
3998,33.820669,113.581377
3319,34.060856,112.972621
3328,33.27192,113.548952
3318,33.743832,112.761253
3303,32.673099,112.812864
3324,35.700245,115.00289
3302,36.108471,115.06861
3338,34.878877,112.497597
3323,35.590216,114.907187
3329,33.780524,115.264464
4006,34.06456,111.087564
3989,34.827747,111.344163
2171,34.177411,116.471647
6242,33.8068,116.3924
2458,33.8193013,116.3484945
3327,34.765515,113.753602
2192,34.068636,116.25461
3299,35.222893,113.457855
3334,34.765515,113.753602
4002,35.227856,113.870157
3999,34.664817,112.264874
3311,34.765515,113.753602
3310,35.134576,114.605094
2193,32.262114,115.392074
3308,34.899869,113.425778
3307,32.081175,115.421399
4010,32.4378294,115.4118245
3314,32.251659,113.979279
3341,32.272325,114.035868
3322,32.128443,115.051424
3298,32.089061,114.105024
3342,33.308204,113.525593
2460,32.11683,114.05857
3993,32.4623551,115.8383585
3330,32.167866,114.660307
3325,34.345749,113.249318
3312,34.680768,113.56538
3317,34.323191,113.778832
3988,34.652664,110.906022
4016,33.874388,115.484812
3306,33.503413,114.574433
3336,33.894563,114.636783
3340,33.823184,114.243256
3332,33.203367,115.151458
3305,33.3876268,115.0716483
2462,33.8792895,115.4910372
2461,33.68667,114.16434
2124,33.626572,114.680083
3337,33.404611,113.899043
3316,32.7135129,115.0622929
6409,32.6538,115.1453
3315,32.780629,114.868435
3320,32.977274,113.588091
3321,32.895127,114.406066
3335,32.635434,113.938979
4193,51.7241727,126.666699
4176,45.951499,126.658647
4194,45.9775337,133.6693792
3773,48.874699,125.288803
4187,45.4936489,125.0451846
3768,50.420486,124.128555
6210,53.4837,122.3591
4177,51.763712,126.639504
2584,53.480873,122.3556112
3771,51.666357,126.620243
2118,45.787555,126.752056
2583,46.003555,126.646118
6374,45.9469,126.6457
2127,45.90503,126.504213
6373,44.3966,127.692
3779,47.096761,122.896086
4186,46.3054261,129.5434746
4180,45.901258,128.158834
2146,46.934667,133.853376
3778,45.726806,126.523186
2582,47.684003,131.062156
3785,50.249585,127.499023
4192,50.2386399,127.5357671
6376,50.0933,127.5196
3775,48.525048,127.086814
4190,45.5358451,131.9635795
2122,45.326365,130.973375
6208,45.5313,131.9585
2121,45.552395,133.281365
2585,45.979708,133.676903
4184,45.316643,132.585736
6339,45.2537,132.0127
4189,45.26617,132.033759
6340,45.0598,132.8526
4178,48.3653288,134.2871925
6375,46.5751,129.834
4174,46.8321887,130.3590471
3767,46.809606,130.361634
4173,46.809606,130.361634
2581,47.6425983,132.4690226
3780,48.442197,129.574798
2580,48.258915,134.6728087
3782,44.556533,129.647051
3783,45.74691,126.680971
3766,44.780159,129.522687
4182,45.401432,126.299118
3781,47.913029,123.500856
3765,44.266976,128.639537
3774,47.314285,126.848283
4183,46.771624,123.684912
3777,45.877356,124.469417
4185,47.364485,123.915962
4181,48.422633,124.301919
4188,47.949987,123.40733
4179,46.567284,132.633838
3784,46.924027,133.353365
3776,47.861712,125.457141
3786,48.8890811,130.3980333
3772,48.885439,130.392465
6209,48.7083,130.5703
3770,49.372476,127.928958
3769,47.84086,128.83562
4070,30.2703196,114.5999666
3452,30.254048,114.571771
6416,30.2689,114.5716
3468,30.340783,115.090053
3456,32.609233,111.476807
2195,30.246073,109.493289
3421,30.321016,108.973817
3433,30.207272,108.575117
2528,29.203638,109.225576
3425,30.234653,110.780916
2157,30.471859,114.422632
4072,29.862706,114.19535
4043,30.929551,110.443618
4050,31.01612,110.35554
2521,30.425803,115.027978
6419,30.6003,115.4457
3466,32.275998,110.140305
4041,31.537412,114.68585
3492,31.121516,115.346493
3486,30.56645,115.606361
2529,30.262804,115.423717
2519,30.359787,115.159707
4036,30.546498,114.341861
3423,29.838404,115.478264
4047,29.861698,115.437402
3436,30.607998,114.739996
4059,31.199489,112.581188
3475,30.684134,112.601291
4069,31.45536,112.424951
4040,30.891566,113.312214
3465,31.015929,112.026092
2106,30.388179,114.352698
3455,30.205647,113.846046
2523,30.1823,112.866681
6418,29.8817,113.3812
4053,29.810176,113.462786
4054,30.480375,114.411567
3445,29.6665,113.329487
6193,29.821683,113.463833
4066,29.972589,111.939649
2169,30.677431,111.799442
2524,31.664417,112.184187
2525,30.164666,113.892022
2132,29.777166,112.014545
3463,29.804503,112.133505
3424,29.965459,111.356735
3479,29.689218,112.635912
4068,30.394359,113.427483
3450,29.74052,112.764352
3427,29.503051,113.177059
4060,31.086694,113.029547
3467,30.415972,112.858475
3480,30.299189,112.519313
4071,31.736074,110.833152
3435,32.5548899,111.4861982
6412,32.5647,111.4826
4055,32.71694,110.859346
3471,32.185797,109.604925
4046,32.816347,110.777179
3485,30.478143,111.573224
4062,32.787298,110.269339
4073,29.766525,113.854687
3430,32.479431,111.08413
4035,31.658505,113.558856
4045,30.236456,115.418687
4056,33.158044,110.035539
3461,32.584254,111.322581
4061,32.662319,110.789239
2526,30.278016,113.109137
4057,31.054534,112.726799
4044,32.180435,113.39884
3432,31.850714,113.318907
3442,31.82216,112.710238
3462,31.706189,113.357381
4049,30.507143,113.093585
3444,30.725578,112.839824
3429,30.932298,114.664435
3493,32.653896,111.205815
3457,30.479428,114.441717
3453,30.5855806,114.1831827
6244,30.5772,114.216
3482,30.300442,114.134789
3481,30.958605,114.772146
3459,30.663212,114.790216
3469,30.328291,114.606334
3476,30.326834,114.624255
3477,30.169848,114.668405
3478,30.323773,114.629606
6411,30.2403,114.4533
3464,30.71412,114.353979
2527,30.264433,113.791834
2531,30.395714,114.092344
3438,29.77652,109.816955
3447,31.57971,113.115433
4058,30.552122,114.600261
3449,30.510951,114.257402
3454,30.39249,113.423134
3434,29.980468,113.915926
3441,29.634778,114.632684
4067,30.857699,114.364042
3474,29.936945,114.206491
3460,30.287569,108.9049
3484,29.90909,113.688546
4063,32.086108,112.607012
4064,30.554858,112.738881
3458,31.062773,113.791446
3472,30.663265,115.00732
4051,31.645799,112.606746
3428,31.894499,112.146347
3448,30.167878,113.345876
4065,31.724546,113.298941
3489,30.155202,115.252772
2522,32.059363,112.382843
4042,32.36496,112.468554
3470,31.265037,114.468486
3443,30.925216,113.588349
2520,30.775926,113.43734
3446,30.691979,113.943238
4048,29.933344,112.791924
3439,30.926829,113.885347
3437,31.315339,114.439622
2180,31.391125,113.98047
3487,31.170363,115.004703
3491,30.020142,115.315117
3440,31.169278,113.559505
3488,30.441152,111.149919
3490,30.400125,110.542539
3483,31.236873,113.858844
6413,30.9585,111.6822
3422,31.53784,114.381695
6414,30.5712,111.9617
4052,30.231899,109.494461
3451,30.442134,110.377318
2530,29.740766,109.085235
3473,31.032601,111.90805
3431,30.7608061,111.2731883
3426,30.482451,111.459715
6415,30.431,111.4379
3552,28.822488,112.20676
2167,29.4698337,112.1175895
6423,29.5884,111.2985
3495,27.732112,111.241062
3541,29.591,111.879256
3513,29.590311,112.238314
3563,29.634794,112.114893
3517,28.916674,112.1189206
4083,29.484977,109.738754
6249,28.913,112.1176
3526,27.215471,112.885768
3512,25.854236,113.327856
3535,26.790429,113.204597
3547,25.072475,111.846913
4077,26.152492,112.693809
3510,27.490188,111.383624
3545,28.293453,112.958736
3550,26.894641,113.189857
3531,27.937483,112.980792
3537,27.305029,112.934515
3507,27.747428,111.305717
3518,26.542749,112.194302
3546,25.540421,113.706965
3553,25.072475,111.846913
3560,28.112444,112.98381
6424,27.7081,109.4626
6329,27.0753,109.4803
3519,27.111289,109.62923
3505,26.746337,112.685627
2113,27.094325,109.614806
3548,30.839666,111.06395
3564,27.32822,109.08309
3536,28.452749,110.38956
3499,28.445534,110.375592
3551,27.136894,110.032419
3498,29.042992,111.655849
3555,25.962041,112.48946
3538,27.603169,111.449612
3509,26.991688,111.276184
3542,26.288739,110.791755
4082,27.190669,111.536969
3543,26.743028,110.072736
2153,28.047798,113.201759
3522,27.211791,111.440175
3533,33.827571,119.307466
3556,26.756175,112.751951
4076,27.730519,112.077081
3529,27.674002,111.421332
3502,28.700937,110.007623
6252,28.705,109.5954
3559,28.787386,109.298786
3532,28.665556,112.450578
3527,25.278395,112.579064
3511,29.206544,112.515163
6251,29.063,112.2989
3494,28.81482,112.406512
3514,28.844937,112.324734
3540,29.0557678,112.3110917
4080,29.398746,112.329403
3506,26.82305,113.156194
3523,28.52605,112.150471
6250,28.6168,112.3867
3539,28.6460477,112.4147437
3544,26.296705,111.288738
3504,25.961503,111.67281
3557,26.197088,111.623754
3497,29.254035,113.028626
2532,29.146783,113.11895
6247,29.1541,112.9886
3515,29.3929733,113.0886216
3516,29.1535674,113.0019857
3501,29.457415,112.76546
3503,28.835372,113.085455
3554,29.35625,112.899042
3525,28.56049,112.812316
3500,29.248398,113.492368
3508,29.4497926,113.14871
3549,27.867778,110.390846
3528,28.112444,112.98381
3520,28.259883,113.008048
3496,29.310533,112.849485
2173,27.878331,111.357444
3524,27.712051,109.609609
3561,28.3590072,112.8521403
3521,27.965494,113.011588
3558,27.737731,113.65048
3534,25.986252,109.782371
3530,27.572029,111.489179
3562,27.852961,113.047794
3825,43.7374789,128.6907286
3833,44.8669638,125.755027
2236,46.2972086,123.8481347
2716,45.704479,124.033104
3832,45.163371,124.857942
2711,42.05251,126.687582
2730,41.782451,126.939949
2735,43.889729,125.302278
2232,41.734149,126.7420146
2237,41.4121428,128.1863241
2713,43.804344,125.902096
2728,44.348903,126.741232
2731,42.764315,126.309242
2709,43.667467,126.657307
2111,43.628448,126.308376
2721,43.477863,126.909932
2714,44.42767,126.363826
2725,44.381638,126.52318
2724,41.997573,127.333863
2703,43.77763,126.618421
2110,41.274287,126.145747
2706,44.046496,126.474419
3829,44.3011504,126.488645
3830,44.628169,127.180088
2723,41.470043,126.137606
2722,44.835289,126.530466
2708,43.624848,124.689359
2707,43.252547,124.374963
2717,43.342228,125.288981
3831,44.623803,122.961691
2702,44.682265,123.168748
2718,45.211133,124.425027
2712,45.186471,124.792848
6337,45.3245,124.7062
2234,45.3558586,124.7198445
2104,44.069265,127.331612
2238,41.0538998,126.1257127
2729,40.904959,125.986323
2701,41.722564,125.941497
2704,44.598827,125.944944
2719,43.70963,128.659731
2720,45.33234,124.435076
2732,43.559974,128.493479
2726,43.829095,126.56626
6372,42.8658,129.6342
2715,42.891255,129.508946
2700,42.838181,130.308639
2710,44.885737,124.850294
3826,42.095669,129.0034
6207,42.565,130.5272
3827,42.2662772,129.2105461
2233,42.5684939,130.5272044
2727,43.896536,125.32599
2235,44.7605131,125.9212005
2733,44.846837,125.299937
3834,43.387278,125.029958
3828,43.716348,125.37562
2181,45.618322,122.829592
2705,44.758751,125.680294
2734,43.651058,125.886685
3945,33.0408499,118.4779172
3192,31.830233,119.607156
3932,33.187639,119.393936
3138,31.306263,119.239627
3176,31.346315,119.223289
6328,31.955,119.9805
2429,34.00457,118.417778
3157,33.121895,118.750332
3191,33.285402,118.872243
3177,33.104157,118.736352
3169,32.427353,119.265049
2413,33.028792,118.500556
2378,34.786621,116.916933
3944,33.014668,118.920997
6378,33.0479,118.9285
2398,33.647568,119.447306
3131,33.268901,118.983374
2405,34.056805,118.804565
2383,34.420654,119.501679
2389,34.661703,119.182412
2420,31.380975,119.639617
2382,34.475074,119.284184
2414,34.211619,119.580868
2400,32.442549,119.550954
2412,34.954826,119.144615
2388,32.061707,118.763232
3933,34.65195,119.168553
2403,34.625156,119.171402
2402,34.630774,119.157303
2384,31.744229,119.803875
2164,35.004221,118.912242
2415,34.668919,119.459167
2409,34.67746,119.151436
2416,34.50932,119.751725
2418,33.626576,118.994994
2386,34.605988,118.482669
2423,34.7645984,118.7054204
2380,32.331747,119.478663
2422,34.067903,119.367138
2424,34.786466,119.144453
3188,32.065877,118.394022
3184,31.800701,118.901999
3174,32.302834,121.193199
3165,31.46746,118.882541
3114,32.009033,118.826554
2381,31.8864297,118.5239199
3126,32.598956,120.945333
3140,32.171928,121.373409
3163,33.301657,119.182933
3118,31.581693,119.733919
3121,32.002485,120.026617
3167,32.07894,120.646561
3135,32.05804,121.591802
3170,31.260263,120.87278
3133,31.930388,121.822913
3148,31.452117,120.427174
3158,31.515118,121.276419
3128,32.061707,118.763232
3180,31.388542,120.973408
3938,31.2108663,119.914114
3943,31.232669,120.112206
2419,31.1316451,120.2181405
2123,31.620979,119.021234
6216,31.1347,120.1897
3171,32.032782,118.752935
3113,31.342268,120.640035
3153,31.768555,120.810987
3164,31.191479,120.661595
3179,31.433021,120.875192
3172,30.831855,120.558677
3187,31.460995,120.869564
3149,32.570502,119.949664
3142,31.16419,120.641046
2411,33.282706,118.637266
3935,33.309872,118.306989
3119,33.311428,118.304098
3193,33.401736,118.538133
2394,33.191976,117.990686
2427,32.238702,119.241225
3934,33.309872,118.306989
3120,31.547984,120.010409
3166,32.375163,120.845123
2428,34.072752,118.296812
3190,34.072752,118.296812
3115,33.909789,118.294211
3132,31.816204,121.022964
6218,33.4816,118.1131
2410,33.4756166,118.099662
2426,31.909695,120.398111
3156,31.547747,121.035126
3159,32.485833,119.87053
3189,32.061707,118.763232
3168,32.421756,119.893747
3144,31.953122,120.252139
3134,32.056126,120.412665
3182,31.910246,120.32641
3946,32.687943,120.254645
2425,31.318337,119.936482
3137,32.090435,120.288398
3136,31.635595,119.506363
2179,31.87893,120.977622
3122,31.678267,120.154207
3178,31.554449,120.284393
3162,31.925323,118.532748
2406,31.503261,119.838119
3124,31.211617,119.89146
6212,31.3789,120.2461
3143,31.405592,120.135477
3936,31.954642,118.734382
2404,31.3994789,120.2294781
3123,33.597258,118.897236
3185,31.671141,120.474809
3186,31.907854,120.204109
3183,31.577007,120.556522
3141,31.492944,120.993712
3129,34.639856,116.715063
3117,33.700643,118.925481
2407,33.39845,119.609473
2421,34.398537,117.179892
2395,34.1666,118.882275
3949,33.560551,119.16663
3941,34.141262,117.102731
3173,34.5227503,117.9285451
3150,34.217261,117.249737
2396,34.6214143,118.1051302
2408,31.894245,120.602195
6214,34.7589,117.0059
2397,33.9821408,117.8784662
3160,32.245055,119.911408
2393,33.051439,120.798311
2391,32.083269,120.333295
2387,33.223399,120.2997
2399,33.459693,120.58843
2188,33.731002,120.393063
2430,33.351703,120.043331
2392,33.798763,120.34031
2379,34.087534,120.247992
3155,32.538861,119.959148
3175,32.945673,120.315457
2385,33.400235,120.126341
2417,33.184199,120.701088
2401,33.617416,120.47589
2390,34.305619,120.05062
2377,34.060052,120.225024
3161,33.518002,119.119448
2155,33.22046,119.316931
3152,32.492358,119.50462
3154,32.410881,119.560684
3147,31.908105,120.062543
3116,32.3252145,119.6991839
3125,32.328114,119.396018
3139,31.782611,120.554152
3130,31.488754,120.304898
3181,32.123444,119.57278
3151,31.22454,119.850415
3127,32.084891,119.184865
3937,31.925363,119.1607
3146,31.758783,120.00259
3145,32.099615,118.503297
3234,28.675696,115.909228
3959,28.380294,117.886282
3242,28.675696,115.909228
3950,28.296352,117.713131
3215,26.807029,115.212355
2137,25.860693,115.024412
3210,28.540289,116.780174
3221,25.853142,115.616498
3220,26.445815,116.007183
3212,27.286929,115.507866
2191,28.675696,115.909228
3194,25.76277,114.564865
3245,24.907362,114.814769
3218,25.283983,115.077844
2437,28.675696,115.909228
3211,27.975141,116.360265
2189,28.675696,115.909228
3206,27.895566,115.455573
3240,26.511634,114.69945
3235,26.653952,114.831916
3209,28.077279,115.740841
3231,26.887366,114.504463
3233,28.422023,115.994774
3236,26.584506,114.51329
3196,27.449948,115.124723
2449,29.20291,117.1077
2448,29.676932,117.448049
3214,29.348431,117.805492
3239,28.719697,115.009313
2435,28.296352,117.713131
3199,29.287166,115.795165
3223,29.307041,114.643257
3197,28.943204,113.978794
3202,29.007762,115.826974
3227,28.831606,115.523104
6234,29.2455,116.1894
2445,29.6051759,116.1272585
2434,29.2504565,116.1868837
2432,29.258872,117.856331
3201,29.027675,114.5361
2441,29.738731,116.257957
3962,28.937415,116.50034
2438,29.7294296,115.9811165
3205,28.493828,116.479433
6356,29.2076,115.4868
2436,28.502825,116.09994
2190,29.637542,117.303815
3198,28.687873,115.889562
3217,29.016918,116.062341
2442,28.571832,115.790844
3207,29.406277,116.62703
6233,28.7682,116.0853
2170,28.7685731,116.0913702
3203,28.611744,116.386425
3200,28.904167,116.263514
3246,26.294256,115.733224
3237,29.819033,116.185114
3241,27.678079,113.666161
3219,27.582759,113.826919
3222,28.143197,117.700931
2447,29.061247,116.611057
2440,28.947317,117.572119
3238,29.573067,116.767532
6236,28.9406,116.4269
2433,28.9010223,116.4236311
2446,28.941453,117.151076
3224,28.287951,117.278338
3953,28.023014,115.909403
3216,28.330102,117.517337
3243,28.315217,117.709451
2439,28.378044,117.449588
3213,27.811853,114.452951
3229,28.712683,116.433667
3208,27.809566,114.968562
3226,28.549469,115.935611
6393,27.7532,114.7049
3225,26.235491,114.492474
3232,27.502703,116.648777
3956,27.00218,114.138478
3244,28.442408,115.521937
2444,25.704528,114.545317
2431,28.720414,115.456909
2443,28.675696,115.909228
3195,28.251621,115.874299
6394,28.7348,114.2951
3230,28.267969,116.873314
3228,28.408802,116.88053
3204,28.694779,116.71726
3669,40.234403,123.328585
3681,40.923266,122.803966
3665,40.486587,123.490455
4102,41.036863,122.926206
2566,41.003403,122.507547
3667,41.24599,125.36858
2574,41.370208,123.90975
2560,41.265244,123.704185
3668,41.305127,123.102284
2562,40.611139,120.702485
2572,41.599141,120.69456
3670,39.471652,122.582711
3677,41.48316,120.128193
2144,41.879991,120.98351
4104,39.510908,122.475631
4119,39.324437,122.211445
3683,41.72692,125.03679
4105,39.400898,121.669792
3658,40.95209,120.862859
3657,39.961939,123.075717
3685,39.781799,123.129198
4112,40.223583,124.507297
4114,40.465339,124.654708
2558,40.1170344,124.3886435
6204,40.1157,124.39
6203,41.8857,124.0815
2568,41.8888159,124.0940416
2567,41.864105,123.868182
4103,41.986207,124.380704
2565,41.940288,123.71503
2564,40.317253,124.659946
2109,41.32954,124.19027
3688,41.948698,124.130817
4117,42.024141,121.687474
2570,40.619733,119.485351
3673,40.210189,120.433988
3674,40.269321,120.469041
2573,40.607377,120.762881
3682,40.754672,120.59247
4115,40.99881,121.55659
4106,41.061356,122.282673
3672,40.375511,124.742974
4107,38.94363,121.57324
4118,41.039546,120.977806
3664,42.754086,124.083179
2578,41.124616,121.388707
4111,41.835441,123.42944
4101,40.453067,124.061637
2576,41.835441,123.42944
4110,41.1048788,123.3651187
4100,40.8774,122.274212
3659,41.330582,123.154762
4109,41.307508,124.132657
3660,40.981633,123.268332
2102,41.1889225,122.1876454
3676,41.125026,121.908957
4116,40.972106,121.987833
2126,41.149403,121.813325
3656,41.238406,122.231353
2557,41.81237,123.581661
3684,41.764823,123.384579
2559,41.251133,122.63783
3675,42.01371,122.951184
3689,42.148935,123.208802
2577,41.433116,122.753617
3666,41.797545,123.196401
2563,40.894132,121.842831
3662,41.5986,121.935696
4108,42.243274,124.036625
3679,42.243274,124.036625
3661,38.860947,121.463803
2561,40.544025,120.708427
3678,39.841474,122.117254
3663,40.375511,124.742974
4113,42.98273,123.55335
2098,40.363954,120.273091
2571,42.2059018,123.5529584
3680,42.524463,124.304236
2569,42.431383,123.890069
3687,42.621437,123.675436
3686,42.374136,124.253848
6205,40.6807,122.2336
2575,40.6805983,122.217647
3671,40.549855,122.652461
3815,50.2368348,119.5411106
2675,42.632207,117.396207
2680,40.893181,108.334851
2671,40.299739,107.041572
2674,40.545734,110.022067
6489,40.8675,108.7942
2228,40.966814,106.948099
2223,40.5315391,109.9285814
2676,40.875904,110.464922
6332,40.5317,109.9147
6365,40.2585,111.148
2673,40.819102,111.664859
2225,40.81746,112.528279
2227,38.342756,103.630837
3818,47.206055,122.476136
3813,42.760177,121.144429
2154,47.8800106,117.8676958
3821,50.1992823,119.3613977
3819,49.214612,125.07349
2678,50.14466,124.283193
3820,50.308321,119.371214
6366,50.2369,119.5411
6353,49.3061,118.0472
2224,49.2773263,118.1028904
2679,38.288916,104.435185
2230,48.966937,117.765285
3816,43.174106,117.758673
2229,46.097446,122.051897
3812,42.441301,120.807707
2222,39.5163998,106.7539556
2672,40.953413,112.436578
3814,46.357501,121.91548
2677,40.869045,111.695348
2226,39.055305,106.075203
3817,45.926269,122.236209
2841,38.471317,106.258754
2843,35.834736,106.8165
2840,38.813644,106.67004
2249,39.3762768,106.7481134
2842,37.492035,105.807845
2250,37.480632,105.297744
2839,38.522958,106.235269
2845,38.44729,106.29814
2847,38.147696,106.547491
2248,37.4787797,105.1626375
6457,37.4863,105.1241
2844,37.481685,105.563539
2846,37.536064,105.09761
2140,36.830163,101.080194
3760,36.980189,99.825521
3763,37.06595,102.356194
2163,37.02715,102.404068
3758,36.3246,102.815227
4170,36.3348927,102.8097858
3756,35.978848,100.84115
3764,36.121257,101.009202
3759,33.28621,97.461274
4168,36.620901,101.780199
6198,35.874223,94.566714
3762,36.753606,101.769897
3757,36.99726,101.631766
4166,36.556856,101.930057
3761,32.90242,100.796611
4171,33.011787,97.255347
2968,36.584928,121.025384
2275,38.010543,117.686232
2286,37.620396,117.327253
2288,37.44649,116.27445
2276,37.701315,118.126414
2289,37.864919,117.885594
2265,37.914529,117.683318
2277,38.063661,117.792787
2290,34.638468,115.556362
2294,37.10119,118.065234
2291,37.025299,116.233597
3893,37.569847,116.335396
3882,36.866154,116.459246
3889,36.997097,116.580564
2956,38.018599,118.909417
2965,36.748637,115.927885
2266,37.280543,118.730288
2281,34.862105,116.042865
3886,34.868596,116.175491
3881,35.406527,115.768534
2151,36.276864,116.117321
2966,36.665439,116.839637
2296,36.508114,118.537078
2168,36.7282673,117.0045935
6237,36.725,116.9886
2271,36.48392,116.990901
2969,35.104323,116.999244
2292,35.373248,115.88739
2267,35.337055,116.619434
2282,35.431478,116.008235
2970,35.093029,116.390365
6396,35.0878,116.6297
2967,35.389133,116.593313
2293,36.66853,117.020359
2184,34.879613,117.027314
3891,35.545109,116.398556
2185,35.538668,116.84332
2278,35.346292,116.765526
6397,35.2339,116.6635
6398,35.0394,116.6677
3890,35.109899,116.210637
2957,36.94308,118.106575
6238,34.8042,117.1695
2264,35.071916,118.229582
2273,35.225111,116.513133
2295,36.193418,117.455376
2958,36.863486,116.228742
3892,36.4882979,115.2760986
3895,36.031315,115.930108
3884,36.714252,117.533386
2280,34.507991,118.195764
6401,34.5087,118.1904
3888,34.926483,118.382936
3897,35.877443,115.476276
2268,34.7022325,118.4786666
2951,35.545375,116.827792
2954,34.764207,118.710756
2953,36.074312,118.753745
2269,34.5999124,118.1425578
2955,35.665166,118.096923
2297,37.075474,120.471352
2963,37.41156,116.317671
2272,35.80937,119.639585
6395,36.2594,120.4698
2952,36.665194,117.065407
2274,36.35474,120.524975
2961,35.341198,119.454681
2960,35.496218,118.818401
6400,35.8937,116.5525
2284,35.93722,116.313083
3885,36.272938,117.379726
2270,35.651181,115.517942
2283,36.937298,119.395341
2279,36.868794,118.793639
2962,36.467925,119.51198
2287,37.255764,118.854524
3887,37.535881,121.289911
3880,36.685903,121.175962
2964,37.505466,117.86615
2285,35.03919,116.951152
3894,35.144836,118.274968
3883,34.5519243,117.7168927
2959,34.90613,117.237479
3896,37.266821,117.073018
2135,35.909376,119.156486
3902,40.503436,114.125063
2996,40.527234,114.26629
2978,39.978412,113.808537
2984,35.804568,112.091637
3901,39.875333,113.489663
3899,39.420892,114.261962
2973,39.29562,114.422665
2988,35.721123,110.611691
2979,39.881319,113.436835
3900,39.255668,112.396587
3903,35.275713,112.641421
2990,35.802291,112.325978
2999,37.545849,112.623635
2994,37.116438,111.938469
3000,35.817267,112.892592
3005,38.437547,112.760715
2972,35.6432,111.311222
3008,36.451597,110.666933
3906,37.641851,110.797948
2992,38.204692,111.790879
3002,38.602968,110.89649
3003,37.191212,110.767014
2975,37.391903,110.638294
6201,37.3924,110.631
2136,38.507579,110.896829
2981,37.509128,112.040886
2982,37.061278,111.84924
2974,39.385192,112.7273
2993,40.248502,112.313511
2997,38.08174,111.885129
3007,37.473111,112.332332
2971,36.007278,112.369528
3905,37.560394,112.372973
2976,39.046414,112.928209
2989,38.507979,112.970149
2983,37.923195,112.751459
2987,38.510679,113.281555
2995,35.931234,111.064937
2998,37.394505,111.933908
2298,39.5795193,111.4302725
3006,36.392544,111.119482
3001,37.848604,113.648897
3898,35.13497,111.825047
3904,35.5568882,110.7114536
3907,35.661524,110.633701
3004,38.349717,112.736862
2991,34.827824,110.350121
2985,36.262111,112.893756
2977,36.851836,112.904166
2128,37.510809,111.163242
2980,37.011252,112.659155
2986,36.571283,112.799677
3009,34.787733,110.74778
6347,32.1658,109.5825
3750,32.712122,109.051295
3739,34.342738,109.597958
3746,32.664393,108.977515
3738,34.366644,107.312554
3753,34.881673,106.710551
4154,34.353997,107.271763
3755,34.194785,106.830416
3748,33.903743,106.484069
4165,33.216619,107.952694
2158,34.265472,108.954239
2099,33.042398,106.264817
4153,35.00617,108.73628
2130,33.573434,106.064492
2117,33.278916,106.138647
2133,33.22567,106.963432
4163,34.081339,110.48559
4151,33.692346,110.328793
4157,33.890881,109.908749
4161,33.227866,110.067047
6199,35.451425,109.462752
2114,34.889459,108.989429
2159,34.749162,110.050793
4159,34.564536,109.485973
4162,34.613631,110.2348456
3740,34.331984,109.10789
3747,34.341042,109.029633
3737,33.004823,107.892183
4156,34.460378,109.251996
2134,34.183074,108.187798
4160,34.45589,109.005226
4155,34.340908,108.761697
4152,34.255578,108.415865
2116,35.573981,109.261182
4164,32.059181,109.213974
3742,38.449826,110.337091
2115,36.069564,110.444343
4158,34.032457,110.104616
6490,36.8995,109.0897
3752,34.292807,109.042987
3741,33.999268,109.439328
3743,37.448286,110.712318
3749,38.966786,110.982543
2162,38.241967,110.484742
3745,38.421699,110.750542
3744,37.071869,110.424431
3754,37.993818,109.854869
3751,37.921796,109.181303
2586,31.392691,121.522058
2208,31.40073,121.423992
2196,31.579754,121.798307
2202,31.362887,121.745275
2197,31.626252,121.384665
2201,31.535298,121.6762
2209,30.872458,121.541336
2211,31.276424,121.225288
2589,31.241434,121.476553
2210,30.96988,121.312408
2198,31.193231,121.785769
2200,31.013867,121.754522
2207,31.088307,120.985569
2204,31.1155091,120.9170361
2588,31.032082,120.872697
2203,31.023111,121.041476
2587,30.924535,121.571838
2206,30.949895,121.204222
2205,31.005464,121.12989
2199,31.801399,121.194699
2112,31.264172,105.07645
2814,32.169199,104.371118
2790,30.217462,103.885342
2765,32.200873,105.298706
2772,31.676821,107.62806
2736,30.913256,104.394305
6194,30.317805,103.970525
2747,30.499615,104.035727
2810,31.025919,103.593384
2766,30.381788,103.869644
2740,30.915699,104.14104
2763,30.602938,104.537094
2760,30.651651,104.075931
3849,31.40885,107.240246
2794,31.040764,106.862146
2755,30.775219,106.825234
2801,29.401596,103.827306
2741,29.106833,105.649307
2809,31.450809,105.009724
2803,32.389563,105.781436
2806,31.018642,104.859137
2750,31.141915,102.423009
2807,30.558761,105.511944
2754,30.711993,105.827923
2738,31.938295,106.016657
3845,31.80927,101.44973
2788,32.246338,99.294566
2784,29.903359,99.056393
2789,28.898659,104.95491
2161,30.168904,106.667907
2811,32.1837,105.33388
2792,30.469907,106.092085
2240,29.528191,104.236215
2804,32.427518,105.857165
2239,32.78015,105.430637
2749,32.058476,107.989972
2241,32.6570828,105.8766792
2742,32.386776,105.739457
2753,30.899389,103.960365
2781,29.556038,103.755595
2815,29.15477,103.958521
2771,31.236052,107.21441
2762,30.651651,104.075931
2779,29.796617,103.489224
2813,27.611511,102.191008
2777,27.084924,102.201781
2242,29.08974,105.607798
2148,27.840777,102.269485
2243,28.920485,104.264181
2791,31.028382,106.619841
2743,28.46181,105.617896
2761,31.31484,104.400543
2182,28.950873,105.359266
2759,28.404328,103.57403
2785,28.8911868,105.435826
6440,28.9003,105.4459
2786,28.887274,105.401685
2800,28.74236,105.229785
2773,28.895583,105.549859
2767,29.5168886,103.7652049
6261,30.2604,103.891
2795,31.065617,105.190887
2746,31.351132,104.829939
2798,30.64638,103.874375
2768,27.888273,102.251128
2816,30.923649,105.024622
2751,31.865155,104.526629
2776,31.624272,106.022192
2812,29.989115,102.957199
2176,27.944155,102.917075
2752,31.535969,105.649402
2756,27.965618,102.131198
2793,29.891922,104.636796
2817,26.5972815,101.5065686
2748,26.598324,101.784912
2782,27.063134,101.908514
2244,30.632392,104.13284
2757,30.45568,104.003892
2808,30.321626,105.340003
2783,31.286621,105.271433
2758,30.107342,102.76319
2739,29.248483,102.824629
2818,29.926985,103.153212
2737,29.351175,105.414315
2796,31.667347,106.886959
2787,28.018072,104.891459
6262,28.7799,104.6233
2764,28.7791268,104.6214833
2778,29.040938,104.164944
6442,29.2443,104.2998
2775,28.778317,104.676341
2805,32.189997,105.415702
2799,31.535904,104.372125
2744,31.09342,102.864996
2774,30.088293,104.671059
2769,30.811037,104.464624
6443,29.9614,104.6532
2797,30.625746,103.661498
2802,29.434889,105.030264
2780,29.504172,103.74717
2770,31.376229,104.896536
2745,30.057141,101.077814
2246,38.871337,117.424182
2837,39.084158,117.200983
2828,39.399788,117.364817
3863,39.425671,117.369589
2822,38.763512,117.565847
3870,38.849567,116.991517
3865,39.1012,117.042801
2831,38.575858,117.311264
3867,38.572307,117.266353
3864,39.137218,117.210917
3862,38.838361,117.333968
2832,39.099467,117.236295
2834,39.880008,117.401466
2836,38.987431,117.719872
2826,39.057732,117.656499
3869,38.770583,117.5701
3868,39.439892,117.075969
2823,39.177685,117.178687
2245,39.1393072,117.18897
2821,39.150547,117.160843
2827,39.162712,117.172691
2247,40.0214909,117.7155247
2838,40.135123,117.975537
2830,40.037261,117.444056
2819,40.030984,117.613633
2820,40.040942,117.498843
2835,38.689473,117.107112
2833,39.047531,117.345251
2824,38.680679,117.083436
2825,38.075104,114.295174
2829,39.148061,117.145238
2545,29.438186,90.954869
6454,29.4426,90.9293
2143,29.4748025,94.5904021
6271,29.4782,94.6247
3930,48.0266251,85.5442276
3111,43.496815,83.354533
6197,40.54447,81.2973
3108,37.882358,77.429946
3927,43.652473,87.573626
3093,48.722821,87.033186
3924,47.321782,87.942574
3102,43.9216,81.302551
2376,47.329765,87.819778
3101,47.358937,89.661082
3110,46.599598,87.935061
2373,46.144595,90.988352
3092,43.793026,87.627704
3095,47.281648,87.284673
3096,41.974899,86.633666
3097,41.747452,86.775271
3098,41.97979,86.632002
3926,37.445847,78.5372
3099,42.051982,86.279858
3103,43.925264,81.312678
3923,39.492391,75.885192
3107,44.487779,81.158159
6195,41.741893,83.171831
3925,40.506678,81.301296
3922,38.379104,77.400724
2374,46.473199,82.814172
3094,43.793026,87.627704
3109,43.644475,87.548992
3105,39.214262,75.565924
3100,43.769566,81.879815
3929,43.796438,87.607432
3112,43.421744,82.48857
3104,42.926359,80.77015
2372,43.838487,80.6666489
2375,43.797645,87.609015
3106,42.871439,90.201337
3797,24.687116,102.6343829
3794,25.865376,100.16959
2639,24.426243,99.31376
3800,25.428822,99.342167
2160,24.517107,98.286565
3793,24.73834,98.977294
6267,24.7355,98.971
6268,25.1477,102.0548
2595,26.341758,103.264753
2655,25.029147,102.678433
2594,25.72075,98.561684
2214,25.6182681,100.2283629
2638,24.997978,102.682596
2221,25.199545,99.470554
6270,25.649,100.241
2619,25.03425,101.54699
2601,26.861431,100.220307
2145,25.958516,100.124072
2604,25.568941,100.178267
2633,27.731131,103.897452
2665,24.396192,98.518682
2660,27.559972,99.035696
3796,24.1554068,98.1012409
3795,23.981819,97.879546
2592,27.17941,99.151708
2659,25.588742,100.21412
2217,22.5092497,103.9569181
6453,22.5093,103.9583
2670,26.93877,100.061806
2653,23.018383,103.344087
2654,24.648205,100.228662
3789,22.505995,103.966272
2662,24.977869,102.6957
2615,23.532261,102.341173
3801,25.7492,99.2347
2125,23.366544,104.253525
2618,28.598761,103.971257
2613,24.924339,102.725061
2648,25.019045,102.682976
3804,24.678912,102.688312
2608,25.59304,100.221316
6447,25.033,102.6777
2643,25.211904,102.47833
2651,26.588653,100.188942
2218,24.656413,102.641488
2640,24.656413,102.641488
2624,26.743353,103.505731
2656,24.985816,102.470948
2657,22.42942,101.412186
2141,24.242784,102.482485
2147,25.55634,103.820802
2641,25.045806,102.710002
3798,24.8351257,102.6637574
2627,24.8974354,102.7598514
2216,24.9704441,102.6365007
2220,25.304817,102.774897
6265,24.89,102.7492
2591,24.946646,102.706839
2642,25.041489,102.748474
2607,24.824166,102.7676
2634,26.943372,100.620865
2605,24.200715,102.4234
2212,24.951581,102.691559
6449,24.969,102.7077
2626,24.992944,102.654327
6448,25.0115,102.6694
2661,24.876459,102.477035
2617,25.337579,103.233232
2636,25.717534,100.238235
2628,25.648198,102.646816
2614,25.220989,102.505553
2645,24.448543,103.436917
2664,24.912227,103.00313
2646,26.890883,100.219753
2663,27.3077,100.250903
2625,26.493989,99.1566
2637,27.662574,100.781291
6451,27.701,100.777
2669,25.090788,103.134416
2603,24.553494,100.489424
2629,25.045806,102.710002
2668,25.385831,102.202822
2611,23.589496,99.077975
2616,23.262287,99.676621
2590,25.045806,102.710002
2623,26.865534,98.871293
2620,22.49637,100.58072
2213,22.567284,102.274306
6452,22.5846,102.2871
2649,24.666808,98.233033
2612,22.683623,103.058091
2652,23.255495,104.487444
2596,27.188602,100.904089
2175,27.0311,103.363742
2602,25.09684,102.686743
2650,25.771733,103.920583
3806,26.884715,100.426897
2609,27.795905,99.813832
2600,23.435832,105.258513
2215,23.001322,104.778803
2658,23.900462,106.15664
2598,21.91636,101.247382
2597,21.675541,101.13535
3805,21.8446659,100.9368773
2666,24.573611,99.942277
2599,23.980477,98.971934
2621,21.69394,100.048093
2647,24.85047,101.999503
2606,23.603082,99.614273
2622,24.572973,102.964021
2219,24.4073596,102.8342147
2644,24.219417,103.10624
2630,24.111735,102.75097
2593,24.195343,103.108814
2632,24.155922,102.446686
2139,24.3712,102.776866
2631,27.330165,103.460126
2667,26.022763,103.862648
3807,26.452374,104.167562
3790,23.227246,102.825559
2635,25.858054,101.532609
2610,25.045806,102.710002
3358,30.442504,120.070573
3392,30.012424,122.099384
3348,30.147737,120.407333
3370,30.25332,119.866868
3366,29.809832,119.686874
3367,29.793535,119.691434
3376,29.772181,120.238368
3357,28.186716,121.288071
6380,29.5071,119.212
3343,29.546429,118.968529
3361,28.965018,121.593658
3391,30.245638,122.199853
2505,29.6821828,118.7920482
3374,30.267446,120.152791
2479,30.921099,120.177691
2100,30.84969,120.418512
2108,30.402384,120.554155
2476,29.506424,120.897324
2474,28.322041,119.704038
2492,30.939381,120.342285
2502,30.82326,119.780421
2477,30.640482,119.602837
2507,30.301193,119.973122
2485,30.8909035,120.1005112
2482,30.963576,120.101914
2486,28.439517,121.543023
2484,28.494492,119.833412
2487,30.848742,120.894048
2481,30.78938,121.121247
2471,30.505958,120.948967
2483,30.616051,120.805238
2501,30.856484,120.914013
3350,30.267446,120.152791
3381,30.788164,121.287508
2499,30.8849975,120.7095199
2469,30.742701,120.487901
2495,30.370015,119.538923
2511,30.814378,121.102536
2464,30.367019,120.221154
2497,30.030173,120.604399
4020,30.9232021,120.7132892
2500,30.402274,120.545629
2490,30.724406,120.994556
2509,30.505918,120.948956
3355,29.266018,120.051391
3347,29.302339,120.08912
3345,28.467694,119.416539
3387,29.200956,119.492445
3359,29.365627,119.526751
3349,29.237912,120.04101
3351,29.071245,120.435644
3344,30.288081,120.12163
3368,31.123297,119.902583
3375,29.071266,119.671617
3383,29.44436,119.931804
3393,28.401295,119.958275
4027,28.27734,120.111753
3382,27.635937,119.721589
4021,28.368346,120.686717
3352,28.269015,119.711093
3346,30.290266,120.590799
3364,28.536111,119.396815
3354,28.302934,119.709158
3373,28.971763,118.899071
3356,28.001303,119.638965
3380,28.125885,120.340033
6220,28.177,120.2003
2489,28.401886,119.538611
2478,28.212405,121.101439
2494,29.23126,121.827794
2470,30.389197,119.953649
2475,30.27792,121.31823
2510,28.186588,119.602925
2503,30.047365,121.093727
4022,29.630451,120.859505
3377,29.90894,121.532765
2488,29.767201,121.395288
3385,28.722889,119.366656
2480,28.892731,118.545013
2473,28.687516,118.813398
2472,28.769243,118.659728
2506,29.622386,119.815549
2465,28.575709,119.34579
2493,30.267446,120.152791
2466,28.824718,121.435589
2508,29.127464,118.918888
2467,30.267446,120.152791
3363,30.225321,120.726949
2491,30.736711,120.911908
3362,29.65592,120.83622
3386,28.440311,119.522168
2496,29.907382,120.313331
3390,29.432919,120.991562
2498,30.003568,120.801067
3379,28.401983,121.313909
3384,28.691077,121.480529
3389,28.498534,121.612773
3388,29.062154,120.733326
3372,28.945164,121.059509
3365,28.883511,120.937057
3369,28.670578,121.323929
6382,28.6919,121.3277
3353,29.980851,120.654718
6355,28.6074,121.0616
2172,30.000985,121.325079
2152,28.369489,121.377984
2194,30.280827,120.135191
4030,27.784936,120.274093
2504,28.165644,121.061852
3378,28.363673,120.690527
3371,28.276705,121.68638
2512,28.324525,119.936074
3360,28.151839,120.426483
2468,29.998926,122.215702
4124,29.831884,106.421929
3690,30.929362,109.550509
4130,31.334417,108.422913
4138,32.116549,108.426453
3692,29.413806,106.51258
3720,29.54633,105.687881
3718,29.909241,108.052345
3721,31.042249,109.574601
3709,29.207546,107.506786
3712,29.746691,107.271477
3717,28.406041,108.915397
3702,30.102043,106.049755
3735,31.16287,108.35898
4144,29.24257,106.103799
2103,30.078912,106.433255
4143,29.567942,106.588306
3693,29.967405,106.233565
3703,29.621463,106.602261
3710,29.061302,105.951826
3695,29.005539,106.597789
3707,29.251332,106.366631
3722,29.63389,106.594924
3714,29.261202,106.256699
3699,29.121704,106.644916
2579,30.933451,107.950317
3730,29.122363,109.124363
3729,29.300114,108.164057
2138,28.944771,106.741756
3724,29.72171,106.484536
3733,29.808129,106.977916
3711,29.972779,107.797662
4121,29.989201,108.360404
3691,31.17634,108.13505
3719,30.321895,105.77896
4131,29.375776,106.007094
4120,29.878835,106.295043
3698,30.763157,108.708795
3731,30.737812,108.609295
3708,30.828186,108.446025
3726,31.302134,109.655803
3701,31.005798,110.098175
3734,29.45246,107.3781
3713,31.22178,108.79675
3723,29.393512,107.544528
4147,29.367217,107.959745
3700,29.035039,105.761294
4135,28.9994404,105.8508137
3696,29.563009,106.551556
3705,28.653371,108.637456
3725,29.806015,107.376194
2120,28.630018,108.50076
3706,29.708068,106.821893
4148,31.093234,108.666903
3704,30.944318,108.674842
3715,31.245599,108.823067
3716,30.716465,109.010961
3736,30.412865,108.159455
3694,30.085963,107.261426
3728,29.818174,107.12328
3697,30.368252,108.002879
3732,28.211705,108.877248
3727,29.745967,106.718388
4127,29.563009,106.551556
Caversham,51.465551,-0.976395
Taplow,51.557559,-0.615023
Windsor,51.441559,-0.554023
29033,54.38959,-1.655021
1552044,54.15556,-1.349187
29043,53.14185,-0.7950109
1552046,53.77701,-1.505282
1552048,53.75148,-1.42369
29041,53.72318,-1.192203
29044,53.727,-1.381586
29040,53.81909,-0.9290913
1584377,53.97311,-1.350507
1584376,53.99151,-1.13211
Avon_Knapp_Mill,50.74896,-1.81136
Fowey_Restormel,50.4309,-4.6788
Leven_Newby_Bridge,54.2682,-2.9752
Stour_Wixoe,52.0571,0.4997
Thames_Taplow,51.5366,-0.698
Trout Beck_ Calgaith,54.3955,-2.92045
FP01,50.917653,-1.645012
FP02,50.68963,-2.225391
FP06,50.78564,-2.316285
FP11,50.68115,-2.189257
FP12,50.71317,-2.414234
FP15,50.79024,-2.582322
FP21,50.68799,-2.124167
FP22,50.74038,-2.254687
FP23,50.76695,-2.400529
FP26,50.79749,-2.523172
FP31,50.77655,-2.576124
PL09,51.46858,-1.440655
PL15,51.41088,-1.325613
PL17,51.43531,-1.205849
PL18,51.45344,-1.227842
PL19,51.46838,-1.085784
PL20,51.44261,-1.157162
TE03,52.90345,-2.457871
TE05,52.87967,-2.554205
TE09,52.8052,-2.522106
TE16,52.94308,-2.437456
TE20,52.79611,-2.544244
TE22,52.87967,-2.554205
FR,41.8333,2.5
FUI,41.6833,2.5667
AND,46.253409,7.109632
ANU,46.231599,7.101972
FED,45.905091,7.115597
FEU,45.883084,7.130949
PEU,45.893655,7.107973
RIC,46.253521,7.110105
VAD,45.935034,7.226898
VAU,45.929509,7.244578
VEL,45.92677,7.24452
VID,46.159321,6.814734
VIM,46.157014,6.801199
VIU,46.154945,6.8002
M1,68.3464,18.9542
M10,68.3012,18.9459
M16,68.3426,18.9511
M17,68.3108,18.9223
M6,68.3051,18.9149
M9,68.301,18.9444
1043110325021_,43.7631,142.275
1043110332180_,42.8325,141.6597
1043110332210_,43.0378,141.355
1363120169010_,37.9533,140.3364
1363120169040_,37.9319,140.4231
1363120631020_,40.8183,141.3317
1363121256010_,38.7736,139.8489
1363130446160_,35.8639,139.5778
1363150961060_,35.0822,136.6997
1363150961071_,35.0822,136.6997
1363160430060_,35.3058,136.1447
1363160430080_,35.2083,136.0542
1363160430471_,34.9733,135.9075
1363170436011_,35.4661,133.1906
1363170436041_,35.4503,132.96
1363170436061_,35.4319,133.3003
1363180775040_,33.9367,133.5711
401011281104040_,44.4814,142.335
401031281101050_,43.135,141.525
401031281104010_,43.8181,142.4258
401061281105020_,42.5733,141.9367
401081281107070_,42.9344,143.2033
401081281107090_,42.8078,143.5117
401101281108051_,43.9906,144.2189
402011282206020_,37.9217,140.7628
402011282218040_,37.4081,140.4094
402011282218070_,37.7272,140.4731
402011282218090_,37.8933,140.6428
402011282228040_,37.4242,140.5247
402011282228050_,37.4078,140.4817
402011282228060_,37.4056,140.4772
402011282228070_,37.3972,140.4864
402011282228160_,37.4142,140.4908
402021282206050_,38.2156,140.9094
402031282207080_,38.5311,141.0058
402031282207090_,38.4156,141.1386
402041282204010_,39.835,141.1614
402041282204050_,39.5514,141.175
402041282204090_,39.1967,141.1272
402041282204110_,38.95,141.1817
402041282207080_,38.6622,141.2853
402041282207090_,38.5,141.2489
402041282220220_,39.835,141.1614
402051282201010_,40.4861,141.4281
402061282202890_,40.8183,141.3319
402071282201010_,40.5922,140.4142
402071282201080_,40.8078,140.4375
402081282211040_,40.1978,140.2336
402091282209020_,39.6144,140.1558
402091282210020_,39.2775,140.4
402101282209020_,39.3536,140.0697
402111282214070_,38.4203,140.3261
402111282216010_,38.6642,140.2731
403011283322030_,36.4964,140.5544
403021283322090_,36.4594,140.4086
403021283322111_,36.3711,140.5183
403031283301050_,36.1725,139.4725
403031283301060_,36.1433,139.7047
403031283301222_,36.2114,139.6786
403031283302041_,35.8564,140.135
403031283302051_,35.8422,140.1617
403031283302091_,35.8997,140.5028
403031283302231_,35.8586,140.0244
403031283303010_,36.1392,140.3397
403031283303071_,36.0378,140.4039
403031283303091_,35.9647,140.4889
403031283303100_,35.935,140.5503
403031283303131_,35.8625,140.677
403031283303141_,35.8417,140.71
403031283303144_,35.8417,140.71
403031283303160_,36.1231,140.5286
403031283303181_,36.0167,140.565
403031283303191_,35.9622,140.6097
403031283305030_,35.8458,139.8911
403031283305120_,35.8478,139.8419
403031283305140_,35.7786,139.8506
403031283305470_,35.7981,139.8928
403031283306041_,36.3269,139.4531
403031283307130_,36.2475,139.9983
403031283323030_,36.2794,139.1203
403041283309010_,35.8003,139.6469
403051283310040_,35.6969,139.3475
403051283310050_,35.6792,139.4197
403051283310100_,35.6022,139.6375
403051283310140_,35.5364,139.7081
403051283310180_,35.665,139.4122
403061283310030_,35.5336,139.6664
403071283310010_,35.3319,139.3672
403071283319020_,35.4931,139.2203
403071283319030_,35.5192,139.1983
403071283319050_,35.5428,139.2494
403071283319060_,35.54,139.2603
403081283324004_,35.5392,138.4572
403081283324009_,35.5764,138.5225
404021284402300_,37.8533,139.1547
404021284415300_,37.5586,139.8564
404031284401300_,37.8817,139.0189
404031284403300_,37.4506,138.8364
404031284416160_,36.2647,137.9442
404031284416300_,36.5322,138.1125
404031284416310_,36.2672,137.9436
404071284408030_,36.7303,137.2828
404081284408040_,36.7461,137.2181
404101284408300_,36.7558,136.9819
404121284412020_,36.4061,136.4872
405011285508040_,35.0983,138.8706
405061285512050_,34.8106,137.4186
405071285512021_,35.0022,137.1667
405071285512040_,34.8894,137.0583
405081285505021_,35.3256,137.2947
405081285505031_,35.3172,137.3103
405081285505035_,35.3319,137.3231
405081285511070_,35.1992,136.8747
405091285502090_,35.3619,136.6878
405091285502120_,35.2967,136.6711
405091285502200_,35.2561,136.615
405091285502850_,35.3614,136.7569
405091285515010_,35.2261,136.6797
405091285515020_,35.1081,136.7136
405091285515070_,35.1867,136.63
405091285515090_,35.0267,136.7103
405091285515110_,35.2711,136.6742
405091285515160_,35.0833,136.695
405091285515170_,35.0603,136.7131
405101285514051_,34.9019,136.595
405111285514021_,34.6467,136.5131
405131285514021_,34.4892,136.6856
406011286615040_,33.745,135.9383
406011286622030_,34.2067,135.7681
406011286622050_,34.1669,135.7583
406021286614020_,34.3469,135.6889
406021286614090_,34.2514,135.3106
406021286614111_,34.2542,135.1956
406021286614114_,34.2542,135.1956
406021286622010_,34.3558,135.9247
406021286622020_,34.3539,135.9353
406021286622050_,34.2908,136
406021286622080_,34.3922,135.8694
406031286607040_,34.5844,135.6839
406031286607060_,34.5819,135.6169
406031286607070_,34.5858,135.5019
406041286603170_,35.2672,136.2225
406041286603270_,35.1192,135.9419
406041286603310_,35.0819,135.9192
406041286603390_,35.0331,135.9136
406041286603430_,35.0139,135.8603
406041286603450_,35.0108,135.9214
406041286603480_,34.9394,135.9108
406041286603500_,35.4011,136.2319
406041286603520_,35.1019,135.9931
406041286606050_,34.8911,135.6994
406041286606060_,34.8125,135.6317
406041286606190_,34.8897,135.6994
406041286606240_,34.9075,135.7167
406041286608010_,34.855,135.415
406041286608040_,34.7989,135.4233
406041286618020_,34.8789,135.8467
406041286618030_,34.88,135.8281
406051286611030_,34.9653,134.9728
406051286611060_,34.7975,134.8994
406061286611050_,34.8014,134.5631
406071286601060_,36.0878,136.1864
406091286605020_,35.3075,135.2261
406091286605050_,35.3556,135.1153
406101286610020_,35.5436,134.83
407041287705100_,35.4656,133.0533
407051287711030_,34.8169,132.8342
407071287715050_,34.0636,131.5583
407091287712070_,34.4972,132.5139
408011288805002_,33.8069,132.7272
408041288808020_,33.5283,133.4299
409061289901500_,33.33,130.5261
35541,35.90279958,-106.6214241
37531,37.89713889,-97.4411111
38051,38.09661389,-121.6512444
38071,38.1198,-121.5428972
38171,38.2846833,-85.821925
39021,39.0338222,-94.60745
39191,39.33119444,-108.2178056
39321,39.54975,-107.3301
39531,39.89416667,-83.2169444
40151,40.2575,-105.7997222
41141,41.23388889,-80.8233333
41211,41.3561111,-83.10388889
41361,41.61277778,-87.4336111
42001,42.01040278,-121.5614222
42071,42.12805556,-121.9277778
42081,42.14258889,-121.672186
45271,45.4586111,-123.1559167
45301,45.5009505,-122.852045
45302,45.50748056,-122.6666139
45303,45.5081944,-122.9335
45304,45.510878,-123.115666
1021050,45.17,-67.2966667
1104430,42.3981512,-71.2733903
1104480,42.3556519,-71.2650565
1108000,41.9339903,-70.9564307
1108410,41.8998232,-71.0894897
1124149,41.94747969,-71.9017145
1161280,42.6833333,-72.4719444
1184000,41.9873186,-72.6053669
1191000,41.78443889,-72.7080556
1302020,40.86230556,-73.87438889
1342732,43.01975,-75.0284722
1354330,42.8281583,-73.9903722
1355475,42.8511111,-73.88725
1376307,40.93625,-73.9043056
1376515,40.76463889,-74.0031944
1376520,40.72152778,-74.0156111
1388000,40.99194444,-74.28
1389005,40.89638889,-74.2691667
1400500,40.55555556,-74.58277778
1402000,40.475,-74.5758333
1412350,39.30541667,-75.3765556
1427207,41.86727778,-75.21375
1427510,41.75675,-75.0574167
1433005,41.56727778,-74.78327778
1433500,41.4612222,-74.75877778
1438500,41.30916667,-74.79527778
1454700,40.6692656,-75.23628808
1458500,40.5261111,-75.065
1463500,40.22166667,-74.7780556
1465798,40.0569557,-74.9851603
1467042,40.0897334,-75.0690517
1467048,40.0500115,-75.0326619
1467086,40.04261157,-75.1121191
1467087,40.0159454,-75.0968411
1467200,39.946402,-75.1393603
1473500,40.11555556,-75.3561111
1473900,40.1239987,-75.2198992
1474000,40.0152903,-75.2068343
1474500,39.9677908,-75.1885007
1475530,39.9747355,-75.2798924
1475548,39.9327861,-75.2376361
1477050,39.83677934,-75.36630199
1480617,39.9617734,-75.8013341
1480870,39.9687191,-75.6732715
1481000,39.8698328,-75.5932623
1481500,39.7695,-75.5766944
1484272,38.791,-75.25077778
1484525,38.59455556,-75.29102778
1487165,38.6863611,-75.6176944
1491000,38.99719444,-75.7858056
1540008,40.95399444,-76.4679944
1542500,41.11755906,-78.108896
1544500,41.47583829,-77.82580078
1548030,40.9804722,-77.48277778
1549700,41.273683,-77.32414028
1573208,40.32223889,-76.6293944
1573660,40.1533333,-76.7555556
1573684,40.22519444,-76.55452778
1573816,39.87805556,-77.10077778
1574000,40.0809008,-76.7180813
1575598,40.0522222,-76.6544444
1575900,40.0628745,-76.5155214
1576003,40.0284308,-76.5177432
1576007,40.01416667,-76.5480556
1576045,39.94194444,-76.50027778
1576381,40.2710833,-76.3217222
1577500,39.77260378,-76.3157919
1579550,39.62605556,-76.15775
1594441,38.9468333,-76.69488889
1608500,39.44703879,-78.6541817
1611500,39.5823158,-78.3097312
1632900,38.69345016,-78.6427935
1633000,38.74567048,-78.6389042
1634000,38.9767759,-78.3361152
1638500,39.2735833,-77.5431111
1643580,39.2633972,-77.4357417
1645704,38.88469518,-77.3324293
1645762,38.90888916,-77.3382627
1646000,38.97594346,-77.24581439
1646305,38.95977716,-77.1756743
1646500,38.94977778,-77.12763889
1648010,38.96016667,-77.0420556
1649190,39.0333611,-76.96402778
1649500,38.96025,-76.9259722
1650800,38.9862222,-77.0048611
1654000,38.81289066,-77.2283158
1654107,38.8246,-77.2667
1654500,38.81358508,-77.2364549
1654670,38.7751822,-77.20324308
1656903,38.8823899,-77.4319047
1668000,38.30846178,-77.52915268
1670200,38.1545801,-77.9502747
1673000,37.76764189,-77.3322018
1674500,37.88388889,-77.16527778
2035000,37.67097957,-78.0858328
2041650,37.2251505,-77.475263
2054550,37.27818976,-80.105041
2054750,37.27155556,-80.00788889
2079500,36.60319824,-78.2977743
2081094,35.81305556,-76.89277778
2101726,35.73514055,-79.4230754
2102500,35.4061111,-78.8133333
2105769,34.40444444,-78.2936111
2110400,33.953505,-78.71973988
2110500,33.9126719,-78.7150175
2110701,33.86100349,-79.0411471
2110704,33.8326111,-79.0437222
2129375,34.8662583,-79.878925
2135000,34.05675,-79.2477222
2138520,35.74125,-81.8352528
2141500,35.77262778,-81.4306556
2145910,35.01641944,-81.00156389
2147310,34.59805556,-80.8905556
2147505,34.5411111,-80.8752778
2147801,34.3320798,-80.69842699
2156500,34.5951393,-81.4212089
2160105,34.5354163,-81.548158
2160700,34.5093039,-81.5981594
2160991,34.26070285,-81.3303747
2162035,34.0483333,-81.0733333
2167600,34.09930647,-81.5684382
2167716,34.0795843,-81.5617714
2168504,34.0509822,-81.2095418
2169000,34.0140416,-81.0878717
2171500,33.45377778,-80.1413611
2171560,33.49405569,-79.9603544
2171645,33.4275,-79.915
2172002,33.21491667,-79.9749167
2203603,33.68388889,-84.4152778
2203655,33.67891667,-84.35813889
2203800,33.6796111,-84.3079444
2203831,33.70569444,-84.2921944
2203863,33.69319444,-84.25388889
2203873,33.70941667,-84.2391667
2203900,33.66577778,-84.224
2203950,33.7632222,-84.2203611
2203960,33.69666667,-84.1986111
2204037,33.66819444,-84.1511667
2207135,33.83041667,-84.1393333
2207160,33.77327778,-84.0771667
2207385,33.81527778,-83.99013889
2207400,33.82138889,-83.9425
2207418,33.72938889,-83.9363056
2207435,33.7111111,-83.9144444
2207448,33.66163889,-83.9280833
2208450,33.63938889,-83.7784167
2208493,33.6285,-83.7988611
2217643,34.1620583,-83.5250944
2239501,29.2149764,-82.0412
2264000,28.39056323,-81.5195173
2264051,28.37444444,-81.515
2264100,28.32528785,-81.5206284
2266200,28.38500749,-81.6164632
2266291,28.42702778,-81.6052778
2266300,28.33278738,-81.579796
2266495,28.27584517,-81.5439622
2292900,26.72173357,-81.6931806
2301500,27.872248,-82.2112008
2301635,27.85715556,-82.26858889
2304000,28.05446224,-82.3637032
2304517,28.0151611,-82.4424056
2313700,29.20413378,-82.769001
2318500,30.79330556,-83.4534444
2322700,29.95273288,-82.7859573
2326516,30.3397222,-83.9923333
2326526,30.3013159,-83.9796085
2334430,34.15666667,-84.0784167
2334500,34.1261111,-84.09338889
2336120,33.83155556,-84.3427778
2336152,33.81044444,-84.2479722
2336240,33.8030833,-84.3406944
2336300,33.82030556,-84.40763889
2336313,33.82163889,-84.43863889
2336340,33.89775,-84.34525
2336360,33.86916667,-84.37888889
2336410,33.8382222,-84.4392778
2336526,33.7944722,-84.4741944
2336728,33.74352778,-84.5681667
2337170,33.65666667,-84.6736111
2343805,31.24908333,-85.1066111
2344630,33.35727778,-84.5826111
2344673,33.38316667,-84.5727222
2356000,30.91030556,-84.5805
2357150,30.903,-84.7495
2358000,30.7010251,-84.8590871
2359170,29.94937094,-85.0154686
2359223,29.7695111,-85.0842806
2388985,34.3986111,-84.0566667
2394682,34.0789722,-84.8544444
2397530,34.20194444,-85.45325
2413205,33.5008333,-85.2525
2413210,33.49269444,-85.2793056
2413215,33.61277778,-85.2844444
2423130,33.62232504,-86.599431
2423160,33.60371416,-86.5491517
2423380,33.4817724,-86.7127653
2423397,33.53454886,-86.5624847
2423496,33.3692767,-86.7841551
2423555,33.28455786,-86.8824901
2423571,33.52093809,-86.7169325
2423586,33.4487185,-86.8136007
2423647,33.09817509,-87.054716
2455980,33.71121273,-86.6961013
2457595,33.5970492,-86.8680483
2458450,33.5176059,-86.8791584
2469100,32.2376437,-88.0083498
2469525,32.13014697,-88.0411267
3007800,41.81867578,-78.29279129
3012545,41.8386722,-79.004925
3012550,41.84144917,-79.0119846
3034000,40.93923105,-79.00836738
3036000,40.9275653,-79.2911508
3049640,40.5361302,-79.81475899
3058000,39.00452778,-80.4733611
3061000,39.42230818,-80.2759187
3067510,38.6170576,-79.8697849
3072655,39.8250275,-79.9228206
3073000,39.92313056,-80.072558
3075070,40.26224454,-79.9011517
3077100,39.80138889,-79.3686111
3081000,39.8275767,-79.3725353
3083500,40.2402222,-79.8066944
3085000,40.39113189,-79.8580943
3085002,40.3925,-79.8602778
3098600,41.10527778,-80.6655556
3099500,41.03672598,-80.5361815
3105500,40.88867389,-80.3370083
3106000,40.8170092,-80.2422837
3108500,40.64724128,-80.3886663
3123499,38.2150706,-85.7480176
3145483,40.06888889,-82.5516667
3171597,37.34316667,-80.6195556
3179000,37.54400779,-81.0103678
3183500,37.7242874,-80.641468
3185400,37.95511285,-81.07648838
3191982,38.2267611,-81.1531556
3197937,38.3692472,-81.60695
3197950,38.3581527,-81.627068
3216070,38.53205556,-82.6859444
3219500,40.4195042,-83.1971372
3220510,40.15311775,-83.1263
3228039,39.8397222,-83.0094444
3228300,40.2361735,-82.8512892
3254520,38.9203417,-84.44799549
3275500,39.80671459,-84.907183
3276000,39.43393969,-85.0032932
3277200,38.77525,-84.97238889
3284533,37.9383333,-84.4786111
3287590,38.04006944,-84.4111111
3287600,38.07646608,-84.4132694
3289193,38.06674334,-84.5543852
3289200,38.103687,-84.5879977
3290500,38.43895654,-84.9632844
3292470,38.36117864,-85.57459969
3292474,38.2759036,-85.606072
3292475,38.3034027,-85.62801689
3292480,38.3127635,-85.6261558
3292500,38.2114592,-85.7024613
3292900,38.2400708,-85.6344054
3293000,38.237293,-85.6646834
3293500,38.25034895,-85.7166287
3293510,38.26590398,-85.7207955
3293530,38.27645917,-85.693573
3293532,38.2603486,-85.7182954
3294570,38.07812588,-85.8899635
3297800,37.9911111,-85.6411111
3297900,38.28534776,-85.4674592
3298000,38.18840166,-85.460235
3298135,38.19479109,-85.557181
3298150,38.16006729,-85.5421797
3298200,38.08534216,-85.5549556
3298250,38.0792321,-85.6160683
3298300,38.08756629,-85.642458
3301900,38.1756242,-85.615237
3301940,38.1503466,-85.6935714
3302000,38.1197916,-85.7957955
3302030,38.05423677,-85.8716296
3302050,38.04693096,-85.8572681
3302058,37.9922222,-85.9220556
3303280,37.89950088,-86.70554179
3321500,37.8583774,-87.4097294
3353200,39.94642897,-86.2602702
3353415,39.88577778,-86.3554444
3353420,39.8725833,-86.3615278
3374100,38.4897695,-87.55002269
3378500,38.130879,-87.941419
3400800,36.75230974,-83.2574012
3414000,36.88395484,-85.1394008
3414002,36.88405556,-85.12963889
3417500,36.5542507,-85.5143938
3418420,36.2867558,-85.94079609
3428180,35.8989535,-86.42554779
3430200,36.1864446,-86.6327739
3431083,36.16394545,-86.699164
3431091,36.1653343,-86.7213866
3431514,36.1889717,-86.8283959
3447687,35.42916667,-82.5525
3447890,35.4997222,-82.5927778
3448050,35.5122222,-82.5772222
3451200,35.585,-82.5686111
3451500,35.60888889,-82.5780556
3460795,35.7836111,-83.1119444
3512000,35.46138889,-83.3536111
3538830,36.06166667,-84.96138889
3612600,37.17921867,-89.058404
4024000,46.7032765,-92.4188018
4026561,46.3947222,-90.59
4027000,46.4866144,-90.696297
4032150,46.69605696,-89.97406
4040000,46.7207742,-89.207086
4043016,47.0840943,-88.5506792
4057800,46.49910267,-87.8865238
4057801,46.49326948,-87.8679127
4059500,45.7549674,-87.2020793
4067500,45.3258333,-87.6633333
4085108,44.37194444,-88.0922222
4087119,43.0438333,-88.0051111
4087170,43.02444444,-87.8983333
4087234,42.85555556,-87.9907222
4101500,41.8292138,-86.2597325
4108660,42.65085976,-86.106703
4118564,43.02277778,-85.6608333
4119400,43.0241884,-86.0264354
4121650,43.693634,-85.4675442
4121660,43.61308,-85.4778209
4121680,43.485857,-85.63060189
4121944,43.43085818,-85.5955989
4121970,43.43474558,-85.6653239
4124000,44.43639239,-85.6986792
4124200,44.3630596,-85.820905
4125460,44.19334009,-85.7697863
4125550,44.25944459,-85.9416248
4136000,44.6769593,-84.2925146
4136500,44.66001385,-84.1311167
4136900,44.61277537,-83.8376616
4137005,44.56084749,-83.802764
4137020,44.46334886,-83.7213714
4137025,44.4541823,-83.6744254
4137030,44.47279328,-83.57108839
4137500,44.43640447,-83.4338609
4157005,43.4219699,-83.951918
4161820,42.6144781,-83.02659329
4165500,42.5958674,-82.90881
4166500,42.3730923,-83.2546513
4168400,42.30837099,-83.2527063
4176500,41.9606008,-83.53104619
4183038,41.1830833,-84.8696944
4183500,41.19893889,-84.7444033
4188496,40.9792203,-83.6532653
4193500,41.5000526,-83.7127145
4213152,42.07388889,-80.2347222
4213500,42.46344444,-78.9345278
4218601,43.17469444,-78.6890556
4219768,43.31380556,-78.7154167
4219915,43.3608333,-78.2645278
4220045,43.17430556,-78.38638889
4220223,43.3390833,-77.9152222
4226000,42.6824722,-77.8286944
4231600,43.1417222,-77.6163056
4249000,43.45166667,-76.50527778
5051522,46.65968548,-96.7959154
5054000,46.861075,-96.7836924
5057000,47.43277097,-98.0275954
5062130,47.0926944,-96.8170556
5082500,47.9269234,-97.0292435
5114000,48.98995719,-101.9583348
5117500,48.2458428,-101.3712745
5124000,48.9964079,-100.9584889
5357206,46.03277778,-89.6077778
5406457,43.1097222,-89.6408333
5406469,43.12527778,-89.635
5406479,43.1147222,-89.6641667
5420400,41.8944725,-90.156793
5435943,42.97694444,-89.5394444
5435950,42.94916667,-89.5441667
5464420,42.06916389,-91.7851806
5474500,40.39365535,-91.374318
5515500,41.38963889,-86.7061667
5517500,41.2200392,-86.968356
5518000,41.1828134,-87.3403096
5524500,40.87059306,-87.3066912
5536356,41.6186111,-87.4998333
5537980,41.5364722,-88.0836944
5538020,41.5,-88.1069444
5543010,41.29988889,-88.6141944
5545750,42.61085116,-88.225923
5549500,42.3100222,-88.2514745
5553700,41.3247564,-88.9839693
5558300,41.10727778,-89.3562222
5559900,40.72503739,-89.5495396
5567500,40.6235,-89.2416667
5568705,40.3265833,-89.9141111
5586300,39.63275,-90.6076667
5587498,38.88730556,-90.184
5599490,37.7583333,-89.3277778
6076590,46.6784861,-111.1939194
6174500,48.13005278,-106.3643139
6177000,48.067325,-105.5330972
6336000,46.9180722,-103.5303444
6340590,47.3580547,-101.3976595
6354890,45.9524438,-103.3069613
6354980,46.0177216,-103.2919615
6427850,44.5894282,-104.7038545
6461500,42.90207778,-100.3625278
6478522,42.76527778,-97.1725667
6610505,41.18916667,-95.8625
6670500,42.2005103,-104.5383548
6707525,39.41641667,-105.1510556
6711565,39.66498738,-105.004149
6729470,39.93244444,-105.3086667
6796500,41.32,-96.4038889
6800500,41.2933333,-96.2838889
6801000,41.06225556,-96.3245139
6805000,41.05166667,-96.3386111
6805500,41.01497778,-96.1575
6818000,39.75325,-94.8568333
6819550,40.4311111,-94.7722222
6856600,39.3555515,-97.1275203
6879150,39.0902755,-96.7133394
6887000,39.2372186,-96.5713918
6887500,39.19833014,-96.3055532
6888990,39.07194435,-95.7163715
6889110,39.6095472,-95.9760556
6889160,39.4631449,-95.9505944
6892350,38.9833375,-94.9646893
6892360,38.95666667,-94.9736111
6892495,38.97805556,-94.9227778
6892518,39.0461111,-94.7894444
6892900,39.0440833,-94.6560139
6893100,38.8422222,-94.6122222
6893350,38.9061111,-94.64
6893390,38.9383333,-94.6077778
6893620,39.11194444,-94.4722222
6893820,39.0173611,-94.3872778
6894000,39.1005609,-94.3005038
6894650,39.1336111,-94.0638889
6899900,40.45444444,-93.2863889
6900050,40.0266111,-93.4362222
6901500,39.89594444,-93.2365278
6902000,39.64002778,-93.2736944
6914950,38.75334168,-94.977188
6914990,38.7675084,-94.8794073
6934500,38.70980556,-91.4385
7020850,37.30188889,-89.518
7048600,36.07305556,-94.0811111
7049000,36.2,-93.855
7049691,36.4208333,-93.8472222
7053450,36.5950631,-93.3090721
7054501,36.365,-92.575
7054502,36.3622222,-92.5863889
7054527,36.3436111,-92.5741667
7060000,36.24923449,-92.2384887
7061270,37.55255556,-90.8424444
7061290,37.4936111,-90.8383333
7075270,35.5697222,-92.6219444
7076000,35.5172222,-91.9972222
7099400,38.2716694,-104.718033
7106000,38.6016647,-104.6702503
7109500,38.24805799,-104.3991356
7143672,38.02853056,-97.5405417
7144100,37.88306739,-97.4244864
7144780,37.8621972,-98.0137806
7164500,36.14064807,-96.0063866
7177500,36.27842534,-95.954162
7178200,36.2231514,-95.8194322
7191288,36.37925097,-94.936901
7198000,35.5731511,-95.0688458
7214550,36.03521667,-105.3799833
7218525,35.77298889,-105.3044806
7239000,36.07698408,-98.59675
7239450,35.6169933,-98.0653316
7241000,35.47866848,-97.6633752
7241520,35.5656147,-97.367258
7241550,35.5003412,-97.1939194
7263296,34.87888889,-92.6855556
7288068,34.07475,-90.6249444
7288150,34.0093333,-90.7560833
7288500,33.5473557,-90.5431579
7288521,33.54825,-90.6723611
7332605,33.57579444,-96.1557444
7332622,33.74416667,-95.9611111
7374000,30.44566667,-91.1915556
7380255,29.57673333,-89.9864083
7381600,29.6928482,-91.2119507
7386880,30.2174229,-91.9928975
8047050,32.6951316,-97.4472422
8048000,32.76096337,-97.3325167
8049500,32.7625,-96.9944444
8052700,33.28344977,-96.8927805
8052745,33.219298,-96.8919565
8057000,32.7748517,-96.8219464
8057410,32.70763139,-96.7358319
8062500,32.42652988,-96.4630415
8065350,31.33851319,-95.6563407
8067000,30.05771539,-94.8182567
8068000,30.24465738,-95.4571616
8068500,30.11049517,-95.4363275
8069500,30.02716385,-95.2579888
8070200,30.14523056,-95.1246139
8180800,29.26218286,-98.5814074
8181500,29.2641276,-98.4908493
8181800,29.2221853,-98.3558463
8188060,28.84869444,-97.7371389
8188500,28.6492861,-97.3848583
8211200,27.93779594,-97.7758308
8317400,35.618,-106.3239444
8371500,29.6210127,-104.4810367
8374200,29.51962973,-104.2865896
8374510,29.1547222,-103.5977778
8375300,29.1835386,-102.9754409
8377200,29.78075694,-101.7559523
8380500,35.65199444,-105.3188306
8405400,32.2359472,-104.1966472
8412500,31.87264499,-103.8315949
8437710,31.3668055,-103.0059908
8446500,31.11320329,-102.4176419
8447000,30.65961373,-101.7701244
8447300,30.314,-101.7415556
8447410,29.8029823,-101.4462223
8449000,29.96353604,-101.1453849
8470500,26.23527778,-97.5847222
8474115,25.95733333,-97.4215
8474320,25.95666667,-97.3754167
9010500,40.32581784,-105.8566791
9013500,40.23637409,-105.7983437
9020500,40.15579444,-105.9805639
9027100,39.9903333,-105.8297778
9034250,40.108319,-106.0041847
9037500,40.0002,-106.1803667
9040500,40.05866389,-106.3051778
9041400,40.10859628,-106.4139212
9058000,40.03665248,-106.4400324
9060799,39.8911,-106.8316944
9070500,39.6446111,-107.0780139
9071750,39.5588711,-107.2908874
9085000,39.54666667,-107.3308333
9085150,39.56166667,-107.4066667
9085160,39.56527778,-107.4172222
9092570,39.49414529,-107.9389593
9095500,39.2391463,-108.2661946
9114500,38.54193567,-106.9497661
9136100,38.78516667,-107.8334167
9144250,38.75303944,-108.078403
9149500,38.74194444,-108.0804167
9152500,38.98331575,-108.4506446
9163500,39.13276047,-109.0270546
9180500,38.81054095,-109.2934493
9261000,40.4093915,-109.2354283
9315000,38.9860831,-110.1512475
9379500,37.15067778,-109.8666889
9380000,36.8643333,-111.5878722
9406000,37.2041494,-113.1807789
9429490,32.8849361,-114.468111
9504950,34.6116972,-111.8984306
9510000,33.80837509,-111.6634729
10129900,40.73522634,-111.4760313
10133650,40.7238375,-111.5196438
10133800,40.75966979,-111.5640912
10133980,40.8695861,-111.5866222
10336660,39.24046325,-119.9465774
11044000,33.4739175,-117.1422536
11092450,34.16167247,-118.466749
11126000,34.58914745,-119.9887195
11126400,34.5901111,-120.025361
11128500,34.58498706,-120.1445926
11152850,37.08669444,-121.2875556
11152880,37.04368056,-121.2759028
11152890,37.03480556,-121.3100556
11152900,37.0499451,-121.327431
11153000,36.98,-121.3802778
11173200,37.46160337,-121.769397
11273400,37.3472151,-120.9761777
11336600,38.2447222,-121.5052778
11337190,38.0521424,-121.6888428
11447650,38.45566389,-121.5016167
11447890,38.25769218,-121.5182865
11453590,38.6469722,-122.365825
11455095,38.47686944,-121.5836417
11455136,38.40444444,-121.6145556
11455142,38.34166667,-121.6438889
11455315,38.2430111,-121.684286
11455338,38.23739167,-121.6739556
11455478,38.093252,-121.7371772
11455485,38.0778083,-121.767286
11461500,39.24652277,-123.1302509
11462500,39.0265265,-123.1305253
11463000,38.87930758,-123.0535767
11463682,38.65820245,-122.8294009
11463980,38.6329653,-122.8555494
11465240,38.65324355,-122.9272191
11467000,38.50852336,-122.9277737
11509370,42.12788298,-121.9288769
11509500,42.13319946,-121.9622313
11510700,42.0845877,-122.0733453
11511990,41.973,-122.3648222
12090400,47.1345151,-122.4151013
12090500,47.14590298,-122.5103822
12098700,47.169824,-122.0026114
12100490,47.27479497,-122.207876
12101102,47.23555556,-122.236111
12102078,47.2009047,-122.3417673
12442500,48.98460109,-119.6184098
12492900,46.2852222,-120.0919944
12507573,46.2852222,-120.0919944
12509489,46.2124361,-119.7656833
12510500,46.25346748,-119.4780794
12511800,46.2970794,-119.3333527
13013650,43.65405556,-110.7154722
13018750,43.3722222,-110.7386111
13213000,43.78166667,-116.9727778
14078260,44.062,-120.0433056
14149011,43.91378056,-122.7556472
14150000,43.9456815,-122.8372967
14151000,43.94429299,-122.774794
14152000,43.99818166,-122.9059126
14158100,44.09166667,-123.116111
14158850,44.2679001,-122.0497826
14159500,44.13595817,-122.248391
14162200,44.16234819,-122.3331192
14162450,44.1233611,-122.3787222
14162500,44.1248487,-122.47062
14163000,44.1460861,-122.5730333
14163900,44.0698492,-122.7711874
14164550,44.07066667,-122.8846667
14181500,44.75377778,-122.2974444
14182500,44.7915108,-122.5789738
14183020,44.7782222,-122.6777222
14185000,44.39179225,-122.4975817
14185900,44.54012357,-122.4359155
14186200,44.44818005,-122.5503613
14187200,44.4123468,-122.6886956
14187500,44.4984564,-122.8234214
14202650,45.44064167,-123.125
14202980,45.46927968,-123.200109
14203500,45.4748365,-123.124274
14206241,45.50011635,-122.9912157
14206694,45.40150659,-122.8951003
14206950,45.403452,-122.7548185
14207200,45.35650877,-122.6850937
14209700,45.14762079,-122.1531366
14209710,45.16706506,-122.1561923
14210000,45.29984346,-122.3539746
14211010,45.3792874,-122.5773134
14316460,43.3059544,-122.5128232
14317450,43.324563,-122.9997836
14670261,40.0385,-74.9936111
15008000,56.025815,-130.0669823
15015595,56.2402062,-130.8819864
15024800,56.7079243,-132.1319708
15041200,58.53829828,-133.7017432
15236900,60.36999097,-148.8988085
15319015,41.71691667,-76.6668056
16701405,38.139,-78.00673889
21474095,34.55801667,-80.8935
23362095,33.82138889,-84.2747222
23432415,31.62219444,-85.0591667
34324146,35.9581186,-86.88972369
40325155,46.83227778,-89.546
40851385,44.5286111,-88.01
40871488,42.99025,-87.9523333
50048565,18.4070314,-66.118083
50048580,18.4201918,-66.1160552
72632966,34.87527778,-92.6538889
135749950,42.78569444,-73.7104167
135980207,42.4996111,-73.7768056
163287828,38.56496944,-78.7155028
164578734,38.9296611,-77.34113889
164579522,38.9256,-77.32933889
205373035,37.1870833,-80.1519167
205373075,37.1913611,-80.1440833
205373228,37.1731111,-80.1350833
205373422,37.16475,-80.1413611
205450393,37.23430556,-80.19975
205450495,37.2337222,-80.1967778
205551460,37.27794444,-79.9375556
205551614,37.27788889,-79.9093611
205696042,37.05227778,-79.8268333
205696095,37.0558333,-79.8254722
208062765,36.3311111,-77.58027778
208114150,35.915,-76.72277778
212378405,35.20066667,-80.0618056
212880025,34.9834833,-79.8775806
214196125,35.8218972,-81.1903833
214244102,35.75719444,-81.08915
214264790,35.4277333,-80.9573417
214267602,35.33400556,-80.9864083
242354650,33.3449441,-86.7594183
317154954,37.3132222,-80.50888889
317155123,37.311,-80.5169444
317159760,37.33955556,-80.6245556
329247350,38.32812414,-85.5938499
343233905,35.89984185,-86.8428894
344878100,35.56138889,-82.5969444
422016550,43.301,-78.3104444
422018610,43.35330556,-78.1930556
Carrat,45.829041,4.311987
Charpassonne Chanin,45.81982,4.311937
Charpassonne Château de Donzy,45.745372,4.27681
Charpassonne la Jamarie,45.807908,4.319506
Charpassonne la Valette,45.765039,4.29147
Charpassonne le Tél,45.804494,4.316504
Charpassonne Moulin de Ronzy,45.78491,4.314855
Charpassonne Moulin Marcel,45.825752,4.305821
Coise amont St Symphorien,45.605031,4.38102
Coise la Bruyere,45.62501,4.552785
Coise le Nézel,45.627972,4.525581
Coise Vaudragon,45.625576,4.507024
Coizet,45.625713,4.50712
Curraize,45.580995,4.171648
Doise,45.736709,4.296509
Fontbonne aval,45.820128,4.342175
Fontbonne Bessenay,45.826535,4.369788
Le Potensinet,45.628619,4.525674
Le Rieu,45.625399,4.55312
Lignon St Etienne le Molard,45.722039,4.094749
Loise amont Doise Salt,45.737758,4.29548
Loise Essertine en Donzy,45.752768,4.327479
Mare Pont du diable,45.490166,4.133384
Moulin Piquet aval,45.806483,4.319036
Ruisseau de Violay,45.826981,4.368869
Toranche aval,45.685126,4.215967
Toranche St Cyr les Vignes,45.673081,4.301466
Vizézy amont Bullieux,45.638865,4.104924
ardevel amont vernus,46.143176,4.650175
ardieres amont morcilles,46.1259744,4.7008734
ardieres amont rochefort,46.1843956,4.549346
ardieres amont st didier,46.1659543,4.5680373
charbonnieres,45.7582257,4.7554117
les presles,45.755424,4.6689631
mercier amont presles,45.7549898,4.6686959
mercier amont ratier,45.7565375,4.699425
miloniere,45.717876,4.6293848
morcilles,46.1259817,4.7009917
ratier,45.7567226,4.6994699
ratier amont charbonnieres,45.7581675,4.7554872
ratier amont ribes,45.7558605,4.7437924
ribes,45.7559644,4.7436197
rochefort,46.18427,4.5496659
sallarin,46.0550185,4.651791
samsons amont thielas,46.1105995,4.6112859
st didier,46.1658245,4.5684728
thielas,46.1103645,4.6113778
thiollet,45.7144619,4.5749122
vauxonne amont sallarin,46.0549003,4.6509092
vernus,46.1429728,4.6500288
yzeron amont miloniere,45.7177929,4.6293654
yzeron amont thiollet,45.7146207,4.5748122
A2390542,-36.945858,140.74025
A2391077,-37.391211,139.945693
A2391078,-37.427827,139.990479
A2391081,-36.572526,140.005692
A2391082,-36.546058,139.881494
A2391085,-36.7379,140.2577
A2391086,-36.5802,140.3056
A2391101,-36.578322,139.892183
A2391140,-36.402293,140.015728
A2391149,-36.586391,140.023176
A2391152,-36.294824,139.93055
A2391185,-37.147386,139.918731
A4260554,-34.021444,139.68861
A4260573,-34.174481,140.217719
A4260580,-33.9211,140.9525
A4260594,-34.15,139.9151
A4260633,-35.901976,139.3956
A4260644,-34.25953,140.759761
A4260645,-34.264687,140.687294
A4260652,-34.164663,140.34276
A4260702,-34.062186,139.839139
A4260703,-34.15414,140.77938
A4260704,-34.023928,140.844545
A4261022,-33.9798,140.9615
A4261023,-34.2524,140.7166
A4261024,-34.4505,140.511
A4261053,-34.267527,140.808721
A4261055,-34.223598,140.808045
A4261107,-33.952305,140.902121
A4261108,-34.383541,140.546401
A4261124,-35.495993,138.90628
A4261134,-35.6005,139.0266
A4261135,-35.695657,139.161785
A4261139,-35.1877,138.9135
A4261165,-36.10874,139.608272
A4261168,-34.026439,140.84037
A4261173,-35.232757,138.990179
A4261204,-35.534114,138.909811
A4261224,-34.00223,140.862866
A4261255,-34.335475,140.547905
A4261262,-34.24422,140.74787
A4261263,-34.406627,140.48899
A4261264,-34.374941,140.54009
A4261265,-34.328343,140.564594
A4261268,-34.22152,140.77173
A4261270,-34.212264,140.781963
A4261271,-34.20895,140.771704
A4261278,-34.27097,140.62432
A4261536,-34.34763,140.53045
A4261539,-34.22626,140.77031
A4261789,-34.26358,140.38606
A4261791,-34.02934,140.98738
A4261809,-34.19591,140.42724
A5011036,-35.4966,138.51378
A5011038,-35.55523,138.60883
A5011039,-35.53251,138.6235
A5011040,-35.44815,138.31725
A5040517,-34.9703,138.6813
221208,-37.688768,149.4917673
221210,-37.41577078,149.5203757
221224,-37.53864684,149.156689
221225,-37.72962305,148.9510043
222201,-37.70739307,148.4509503
222203,-37.79888889,148.5277778
222223,-37.726682,148.54308
223209,-37.7573062,147.8491161
223210,-37.73756155,147.7109962
223218,-37.727613,147.695371
224203,-37.76358991,147.3747776
224215,-37.60186405,147.3390494
224217,-37.81500036,147.5722231
224602,-37.84944444,147.6378972
225200,-37.98544026,146.7801402
225212,-38.01068638,146.8810046
225231,-37.97499864,146.625004
225232,-38.04526544,146.9921134
225236,-38.00213184,146.7800107
225256,-38.00396747,146.9815133
226027,-38.14491292,147.127818
226226,-37.97984217,146.193315
226415,-38.2698709,146.5404981
226614,-38.12684167,147.0755
227264,-38.44973718,145.9571493
227270,-38.43219544,145.7926083
227273,-38.57365861,145.5105533
229143,-37.78588056,145.02505
229147,-37.6894,145.3233194
229200,-37.73666667,145.22
229653,-37.66721633,145.4760006
230220,-37.49078,144.73922
230240,-37.57117842,144.7368969
232242,-37.86192,144.1318
233217,-38.16360559,144.3468922
204001,-29.978146,152.725685
204025,-30.2528,153.0333
210150,-32.239117,151.695523
212011,-33.5343,150.0951
212042,-33.4962,150.0984
212054,-33.3971,150.0839
212058,-33.485416,150.076872
212203,-34.245297,150.667111
212209,-34.477019,150.534097
2122322,-34.285578,150.901237
212233,-34.228931,150.743181
212244,-33.97944444,150.5591667
212250,-33.87124191,150.2540137
2122518,-34.73666667,149.6794444
2122520,-34.54592,150.33737
212270,-34.227667,150.252806
2122711,-34.7213892,149.7930558
2122713,-34.61162,149.88297
212274,-34.57719481,150.5775536
213211,-34.046561,151.005328
215207,-34.81921893,150.1821299
2152131,-34.7345,150.284944
215215,-34.77777778,150.3158333
215216,-34.83943446,150.4318317
215220,-34.72798991,150.5224407
2152201,-34.712767,150.582545
215233,-34.60520243,150.5191395
401549,-36.1691,148.02585
409001,-36.09163611,146.9071167
409003,-35.53,144.9657
409005,-35.6298,144.1245
409013,-35.0376,143.5702
409014,-35.0899,144.0331
409016,-36.09927778,147.0239833
409025,-36.0114,145.994
409036,-35.1074,143.5826
409044,-35.5214,144.0517
409047,-35.6428,144.9596
409048,-35.2739,144.1595
409062,-35.329,143.9322
409086,-35.1351,143.8001
410040,-34.4776,144.3009
410130,-34.665,143.4917
412004,-33.41080904,147.9910504
412005,-33.8695,144.8811
412006,-33.091,147.1482
412011,-33.201,146.4532
412038,-33.348326,145.87524
412039,-33.4873,145.504
412047,-33.3824,145.9027
41310024,-34.3351,142.3473
419020,-30.70678611,150.7032861
419043,-30.58572778,150.6893694
419056,-30.64396667,150.6782278
422001,-30.01531667,148.06075
422002,-29.94716667,146.8637167
422003,-29.547141,148.576104
422027,-30.14343333,147.3768667
425001,-32.3969,142.4218
425003,-30.087894,145.936761
425004,-30.53474142,145.1150748
425007,-33.74641667,142.2682778
425012,-32.4353,142.3799
425039,-29.9646,146.3004
613,48.7574,11.4261
616,48.8798,12.7473
